ISO-10303-21;
HEADER;
FILE_DESCRIPTION (( 'STEP AP214' ),
    '1' );
FILE_NAME ('BTH500301LUAAUMA1.STEP',
    '2024-06-27T09:49:33',
    ( '' ),
    ( '' ),
    'SwSTEP 2.0',
    'SolidWorks 2016',
    '' );
FILE_SCHEMA (( 'AUTOMOTIVE_DESIGN' ));
ENDSEC;

DATA;
#1 = PRESENTATION_STYLE_ASSIGNMENT (( #1471 ) ) ;
#2 = CARTESIAN_POINT ( 'NONE',  ( 1.399999999999999900, 0.5000000000000000000, 0.0000000000000000000 ) ) ;
#3 = VECTOR ( 'NONE', #4968, 1000.000000000000000 ) ;
#4 = AXIS2_PLACEMENT_3D ( 'NONE', #371, #5527, #1789 ) ;
#5 = CARTESIAN_POINT ( 'NONE',  ( 4.900205287931685300, 0.5000000000000000000, 1.007499999999999600 ) ) ;
#6 = CARTESIAN_POINT ( 'NONE',  ( 1.661602540378443300, 0.1499999999999999900, 5.557499999999999200 ) ) ;
#7 = SURFACE_STYLE_USAGE ( .BOTH. , #4133 ) ;
#8 = CARTESIAN_POINT ( 'NONE',  ( 4.900205287931685300, 0.5000000000000000000, 1.007499999999999600 ) ) ;
#9 = VECTOR ( 'NONE', #159, 1000.000000000000000 ) ;
#10 = ORIENTED_EDGE ( 'NONE', *, *, #1786, .F. ) ;
#11 = EDGE_CURVE ( 'NONE', #2481, #1295, #5835, .T. ) ;
#12 = AXIS2_PLACEMENT_3D ( 'NONE', #1638, #7319, #928 ) ;
#13 = DIRECTION ( 'NONE',  ( 0.0000000000000000000, 0.0000000000000000000, 1.000000000000000000 ) ) ;
#14 = LINE ( 'NONE', #8977, #8297 ) ;
#15 = ORIENTED_EDGE ( 'NONE', *, *, #2728, .T. ) ;
#16 = VERTEX_POINT ( 'NONE', #2779 ) ;
#17 = CARTESIAN_POINT ( 'NONE',  ( -4.251000000000000300, 0.01999999999999999700, 0.9634999999999968000 ) ) ;
#18 = AXIS2_PLACEMENT_3D ( 'NONE', #6992, #5609, #7731 ) ;
#19 = LINE ( 'NONE', #412, #6348 ) ;
#20 = EDGE_CURVE ( 'NONE', #2501, #4110, #3886, .T. ) ;
#21 = SURFACE_STYLE_FILL_AREA ( #788 ) ;
#22 = CARTESIAN_POINT ( 'NONE',  ( 4.251000000000000300, 0.5010000000000000000, -4.986500000000002200 ) ) ;
#23 = DIRECTION ( 'NONE',  ( 0.0000000000000000000, 0.0000000000000000000, -1.000000000000000000 ) ) ;
#24 = EDGE_LOOP ( 'NONE', ( #6465, #4139, #2859, #4005 ) ) ;
#25 = LINE ( 'NONE', #1784, #583 ) ;
#26 = ORIENTED_EDGE ( 'NONE', *, *, #814, .F. ) ;
#27 = DIRECTION ( 'NONE',  ( 0.0000000000000000000, 0.0000000000000000000, -1.000000000000000000 ) ) ;
#28 =( LENGTH_UNIT ( ) NAMED_UNIT ( * ) SI_UNIT ( .MILLI., .METRE. ) );
#29 = STYLED_ITEM ( 'NONE', ( #5219 ), #5861 ) ;
#30 = VERTEX_POINT ( 'NONE', #620 ) ;
#31 = COLOUR_RGB ( '',0.7529411764705882200, 0.7529411764705882200, 0.7529411764705882200 ) ;
#32 = CARTESIAN_POINT ( 'NONE',  ( 4.599999999999999600, 0.5000000000000000000, 3.787499999999999200 ) ) ;
#33 = EDGE_CURVE ( 'NONE', #4116, #1753, #6264, .T. ) ;
#34 = UNCERTAINTY_MEASURE_WITH_UNIT (LENGTH_MEASURE( 1.000000000000000100E-005 ), #5250, 'distance_accuracy_value', 'NONE');
#35 = SURFACE_STYLE_FILL_AREA ( #9029 ) ;
#36 =( NAMED_UNIT ( * ) SI_UNIT ( $, .STERADIAN. ) SOLID_ANGLE_UNIT ( ) );
#37 = ADVANCED_FACE ( 'NONE', ( #54 ), #3405, .F. ) ;
#38 = PLANE ( 'NONE',  #2705 ) ;
#39 = DIRECTION ( 'NONE',  ( -0.0000000000000000000, -0.0000000000000000000, 1.000000000000000000 ) ) ;
#40 = MECHANICAL_DESIGN_GEOMETRIC_PRESENTATION_REPRESENTATION (  '', ( #2461 ), #5376 ) ;
#41 = VECTOR ( 'NONE', #7078, 1000.000000000000000 ) ;
#42 = ORIENTED_EDGE ( 'NONE', *, *, #8009, .T. ) ;
#43 = VECTOR ( 'NONE', #6416, 1000.000000000000000 ) ;
#44 = DIRECTION ( 'NONE',  ( -1.000000000000000000, -0.0000000000000000000, 0.0000000000000000000 ) ) ;
#45 = ORIENTED_EDGE ( 'NONE', *, *, #1112, .T. ) ;
#46 = CIRCLE ( 'NONE', #5202, 0.04999999999999991300 ) ;
#47 = ORIENTED_EDGE ( 'NONE', *, *, #4637, .F. ) ;
#48 = PRESENTATION_LAYER_ASSIGNMENT (  '', '', ( #9321 ) ) ;
#49 = DIRECTION ( 'NONE',  ( 0.0000000000000000000, 0.0000000000000000000, 1.000000000000000000 ) ) ;
#50 = DIRECTION ( 'NONE',  ( 0.0000000000000000000, 0.0000000000000000000, 1.000000000000000000 ) ) ;
#51 = ADVANCED_FACE ( 'NONE', ( #2592 ), #8029, .F. ) ;
#52 = EDGE_CURVE ( 'NONE', #4322, #1934, #2136, .T. ) ;
#53 =( NAMED_UNIT ( * ) PLANE_ANGLE_UNIT ( ) SI_UNIT ( $, .RADIAN. ) );
#54 = FACE_OUTER_BOUND ( 'NONE', #575, .T. ) ;
#55 = ORIENTED_EDGE ( 'NONE', *, *, #8244, .T. ) ;
#56 = PRESENTATION_STYLE_ASSIGNMENT (( #3080 ) ) ;
#57 = ORIENTED_EDGE ( 'NONE', *, *, #5607, .T. ) ;
#58 = DIRECTION ( 'NONE',  ( 1.000000000000000000, 0.0000000000000000000, -0.0000000000000000000 ) ) ;
#59 = CARTESIAN_POINT ( 'NONE',  ( -4.944497758083885600, 0.04719759821045534100, -5.181997758071480200 ) ) ;
#60 = CARTESIAN_POINT ( 'NONE',  ( 4.760769540619037300, 2.200000000000000200, -7.960114395977986100E-016 ) ) ;
#61 = CARTESIAN_POINT ( 'NONE',  ( -1.001000000000000100, 0.02000000000000018100, 5.137499999999999300 ) ) ;
#62 = AXIS2_PLACEMENT_3D ( 'NONE', #7343, #3676, #717 ) ;
#63 = ORIENTED_EDGE ( 'NONE', *, *, #5037, .F. ) ;
#64 = ORIENTED_EDGE ( 'NONE', *, *, #5276, .T. ) ;
#65 = VECTOR ( 'NONE', #2958, 1000.000000000000100 ) ;
#66 = CARTESIAN_POINT ( 'NONE',  ( -3.401000000000000200, 0.02000000000000018100, 5.137499999999999300 ) ) ;
#67 = ORIENTED_EDGE ( 'NONE', *, *, #7318, .F. ) ;
#68 =( NAMED_UNIT ( * ) SI_UNIT ( $, .STERADIAN. ) SOLID_ANGLE_UNIT ( ) );
#69 = EDGE_CURVE ( 'NONE', #1406, #2637, #8180, .T. ) ;
#70 = ORIENTED_EDGE ( 'NONE', *, *, #1649, .F. ) ;
#71 = CARTESIAN_POINT ( 'NONE',  ( -2.598999999999999800, 2.299999999999999800, 5.187499999999999100 ) ) ;
#72 = VERTEX_POINT ( 'NONE', #2809 ) ;
#73 = PRESENTATION_STYLE_ASSIGNMENT (( #3965 ) ) ;
#74 = CARTESIAN_POINT ( 'NONE',  ( 0.7383974596215552300, 0.1499999999999999900, 0.0000000000000000000 ) ) ;
#75 = AXIS2_PLACEMENT_3D ( 'NONE', #5645, #9259, #8515 ) ;
#76 = ORIENTED_EDGE ( 'NONE', *, *, #8577, .F. ) ;
#77 = CARTESIAN_POINT ( 'NONE',  ( 4.850000000000000500, 0.07000000000000018700, 5.187499999999999100 ) ) ;
#78 = EDGE_CURVE ( 'NONE', #6498, #2880, #8501, .T. ) ;
#79 = PLANE ( 'NONE',  #1584 ) ;
#80 = VECTOR ( 'NONE', #4503, 1000.000000000000100 ) ;
#81 = ADVANCED_FACE ( 'NONE', ( #1582 ), #3168, .F. ) ;
#82 = ORIENTED_EDGE ( 'NONE', *, *, #417, .T. ) ;
#83 = COLOUR_RGB ( '',0.7529411764705882200, 0.7529411764705882200, 0.7529411764705882200 ) ;
#84 = CARTESIAN_POINT ( 'NONE',  ( 4.860632494094494900, 2.205233595624294100, -8.127087513832692500E-016 ) ) ;
#85 = PRESENTATION_LAYER_ASSIGNMENT (  '', '', ( #8706 ) ) ;
#86 = CARTESIAN_POINT ( 'NONE',  ( 4.250000000000000000, 0.0000000000000000000, -2.297500000000003000 ) ) ;
#87 = LINE ( 'NONE', #7740, #3041 ) ;
#88 = UNCERTAINTY_MEASURE_WITH_UNIT (LENGTH_MEASURE( 1.000000000000000100E-005 ), #9269, 'distance_accuracy_value', 'NONE');
#89 = ORIENTED_EDGE ( 'NONE', *, *, #2521, .F. ) ;
#90 = FACE_OUTER_BOUND ( 'NONE', #725, .T. ) ;
#91 = EDGE_CURVE ( 'NONE', #782, #2884, #9056, .T. ) ;
#92 =( NAMED_UNIT ( * ) SI_UNIT ( $, .STERADIAN. ) SOLID_ANGLE_UNIT ( ) );
#93 = ORIENTED_EDGE ( 'NONE', *, *, #2146, .F. ) ;
#94 = ADVANCED_FACE ( 'NONE', ( #6998 ), #8612, .F. ) ;
#95 = FILL_AREA_STYLE_COLOUR ( '', #2044 ) ;
#96 = DIRECTION ( 'NONE',  ( -1.000000000000000000, 0.0000000000000000000, 0.0000000000000000000 ) ) ;
#97 = ORIENTED_EDGE ( 'NONE', *, *, #2254, .F. ) ;
#98 = PLANE ( 'NONE',  #3119 ) ;
#99 = UNCERTAINTY_MEASURE_WITH_UNIT (LENGTH_MEASURE( 1.000000000000000100E-005 ), #5223, 'distance_accuracy_value', 'NONE');
#100 = DIRECTION ( 'NONE',  ( -1.000000000000000000, 0.0000000000000000000, 0.0000000000000000000 ) ) ;
#101 = AXIS2_PLACEMENT_3D ( 'NONE', #4655, #317, #9087 ) ;
#102 = CARTESIAN_POINT ( 'NONE',  ( -4.599999999999999600, 0.0000000000000000000, 5.787499999999999600 ) ) ;
#103 = ORIENTED_EDGE ( 'NONE', *, *, #1385, .T. ) ;
#104 = EDGE_CURVE ( 'NONE', #4374, #2574, #3284, .T. ) ;
#105 = LINE ( 'NONE', #1671, #7571 ) ;
#106 = PRESENTATION_STYLE_ASSIGNMENT (( #4127 ) ) ;
#107 = CARTESIAN_POINT ( 'NONE',  ( 3.799999999999999400, 0.0000000000000000000, 5.787499999999999600 ) ) ;
#108 = COLOUR_RGB ( '',0.7529411764705882200, 0.7529411764705882200, 0.7529411764705882200 ) ;
#109 =( LENGTH_UNIT ( ) NAMED_UNIT ( * ) SI_UNIT ( .MILLI., .METRE. ) );
#110 = AXIS2_PLACEMENT_3D ( 'NONE', #2295, #5156, #49 ) ;
#111 = ORIENTED_EDGE ( 'NONE', *, *, #7786, .F. ) ;
#112 = STYLED_ITEM ( 'NONE', ( #9313 ), #8047 ) ;
#113 = FILL_AREA_STYLE ('',( #6653 ) ) ;
#114 = CIRCLE ( 'NONE', #6539, 0.1000000000000000900 ) ;
#115 = ORIENTED_EDGE ( 'NONE', *, *, #923, .T. ) ;
#116 = DIRECTION ( 'NONE',  ( 0.0000000000000000000, 0.0000000000000000000, -1.000000000000000000 ) ) ;
#117 = VECTOR ( 'NONE', #7703, 1000.000000000000000 ) ;
#118 =( NAMED_UNIT ( * ) SI_UNIT ( $, .STERADIAN. ) SOLID_ANGLE_UNIT ( ) );
#119 = DIRECTION ( 'NONE',  ( 0.05226442768871135400, -0.9972646886342375600, -0.05226442768871181200 ) ) ;
#120 = ORIENTED_EDGE ( 'NONE', *, *, #3491, .F. ) ;
#121 = EDGE_CURVE ( 'NONE', #4478, #8183, #1696, .T. ) ;
#122 = SURFACE_STYLE_FILL_AREA ( #1896 ) ;
#123 = EDGE_LOOP ( 'NONE', ( #4822, #4789, #1083, #2286 ) ) ;
#124 =( GEOMETRIC_REPRESENTATION_CONTEXT ( 3 ) GLOBAL_UNCERTAINTY_ASSIGNED_CONTEXT ( ( #486 ) ) GLOBAL_UNIT_ASSIGNED_CONTEXT ( ( #5269, #2391, #3003 ) ) REPRESENTATION_CONTEXT ( 'NONE', 'WORKASPACE' ) );
#125 = LINE ( 'NONE', #7412, #3303 ) ;
#126 = PLANE ( 'NONE',  #5393 ) ;
#127 = DIRECTION ( 'NONE',  ( 0.0000000000000000000, 0.0000000000000000000, 1.000000000000000000 ) ) ;
#128 = SURFACE_STYLE_USAGE ( .BOTH. , #2253 ) ;
#129 = COLOUR_RGB ( '',0.7529411764705882200, 0.7529411764705882200, 0.7529411764705882200 ) ;
#130 = EDGE_CURVE ( 'NONE', #5670, #6549, #4050, .T. ) ;
#131 = ORIENTED_EDGE ( 'NONE', *, *, #3416, .T. ) ;
#132 = VECTOR ( 'NONE', #2306, 1000.000000000000000 ) ;
#133 = DIRECTION ( 'NONE',  ( -0.0000000000000000000, -1.000000000000000000, -0.0000000000000000000 ) ) ;
#134 = CARTESIAN_POINT ( 'NONE',  ( -4.338397459621555500, 0.1499999999999999900, 5.787499999999999600 ) ) ;
#135 = FILL_AREA_STYLE ('',( #5125 ) ) ;
#136 = LINE ( 'NONE', #8094, #927 ) ;
#137 = ADVANCED_FACE ( 'NONE', ( #9167 ), #658, .F. ) ;
#138 = DIRECTION ( 'NONE',  ( 0.0000000000000000000, -1.000000000000000000, 0.0000000000000000000 ) ) ;
#139 =( GEOMETRIC_REPRESENTATION_CONTEXT ( 3 ) GLOBAL_UNCERTAINTY_ASSIGNED_CONTEXT ( ( #2242 ) ) GLOBAL_UNIT_ASSIGNED_CONTEXT ( ( #8914, #1661, #6743 ) ) REPRESENTATION_CONTEXT ( 'NONE', 'WORKASPACE' ) );
#140 = EDGE_LOOP ( 'NONE', ( #2208, #7803, #7475, #5852 ) ) ;
#141 = CARTESIAN_POINT ( 'NONE',  ( -3.401000000000000200, 0.5010000000000000000, 3.786499999999998900 ) ) ;
#142 = COLOUR_RGB ( '',0.7529411764705882200, 0.7529411764705882200, 0.7529411764705882200 ) ;
#143 = EDGE_CURVE ( 'NONE', #150, #6265, #1688, .T. ) ;
#144 = CARTESIAN_POINT ( 'NONE',  ( -4.949999999999999300, 2.299999999999999800, 5.087499999999998600 ) ) ;
#145 = VECTOR ( 'NONE', #2845, 1000.000000000000100 ) ;
#146 = CARTESIAN_POINT ( 'NONE',  ( 4.670000000000001700, 2.250000000000000000, 1.241707825693110000 ) ) ;
#147 = LINE ( 'NONE', #3743, #8880 ) ;
#148 = SURFACE_STYLE_FILL_AREA ( #2668 ) ;
#149 = DIRECTION ( 'NONE',  ( 0.0000000000000000000, 0.0000000000000000000, -1.000000000000000000 ) ) ;
#150 = VERTEX_POINT ( 'NONE', #8701 ) ;
#151 = ORIENTED_EDGE ( 'NONE', *, *, #4136, .T. ) ;
#152 = DIRECTION ( 'NONE',  ( -0.1045284632676536800, -0.9945218953682734000, -6.044265971272610200E-016 ) ) ;
#153 = STYLED_ITEM ( 'NONE', ( #3644 ), #5549 ) ;
#154 = VECTOR ( 'NONE', #2656, 1000.000000000000000 ) ;
#155 = ORIENTED_EDGE ( 'NONE', *, *, #5339, .F. ) ;
#156 = CARTESIAN_POINT ( 'NONE',  ( 4.760769540619037300, 2.300000000000000300, -2.526707825693110400 ) ) ;
#157 = EDGE_CURVE ( 'NONE', #8534, #9004, #4945, .T. ) ;
#158 = VERTEX_POINT ( 'NONE', #8763 ) ;
#159 = DIRECTION ( 'NONE',  ( -1.672022627447524700E-016, 0.0000000000000000000, -1.000000000000000000 ) ) ;
#160 = DIRECTION ( 'NONE',  ( 0.0000000000000000000, 0.0000000000000000000, -1.000000000000000000 ) ) ;
#161 = DIRECTION ( 'NONE',  ( -1.000000000000000000, 0.0000000000000000000, -3.614007241618349300E-016 ) ) ;
#162 = STYLED_ITEM ( 'NONE', ( #9367 ), #1128 ) ;
#163 = DIRECTION ( 'NONE',  ( 0.5000000000000050000, -0.8660254037844358200, 0.0000000000000000000 ) ) ;
#164 = LINE ( 'NONE', #4476, #5486 ) ;
#165 = ORIENTED_EDGE ( 'NONE', *, *, #7843, .T. ) ;
#166 = AXIS2_PLACEMENT_3D ( 'NONE', #6488, #1388, #3506 ) ;
#167 = VERTEX_POINT ( 'NONE', #7199 ) ;
#168 = LINE ( 'NONE', #6976, #8462 ) ;
#169 = CARTESIAN_POINT ( 'NONE',  ( 2.200000000000000200, 0.5000000000000000000, 5.787499999999999600 ) ) ;
#170 = PRESENTATION_LAYER_ASSIGNMENT (  '', '', ( #1915 ) ) ;
#171 = FILL_AREA_STYLE ('',( #8945 ) ) ;
#172 = CARTESIAN_POINT ( 'NONE',  ( -4.949999999999999300, 0.07000000000000018700, 5.087499999999998600 ) ) ;
#173 = ORIENTED_EDGE ( 'NONE', *, *, #2004, .F. ) ;
#174 = ORIENTED_EDGE ( 'NONE', *, *, #5037, .T. ) ;
#175 = ORIENTED_EDGE ( 'NONE', *, *, #3945, .F. ) ;
#176 = ORIENTED_EDGE ( 'NONE', *, *, #4529, .F. ) ;
#177 = VERTEX_POINT ( 'NONE', #3032 ) ;
#178 = LINE ( 'NONE', #8304, #7422 ) ;
#179 = CARTESIAN_POINT ( 'NONE',  ( 0.0000000000000000000, 2.205233595624294100, -5.098132494094495600 ) ) ;
#180 = DIRECTION ( 'NONE',  ( -1.000000000000000000, 0.0000000000000000000, 0.0000000000000000000 ) ) ;
#181 = ORIENTED_EDGE ( 'NONE', *, *, #4776, .F. ) ;
#182 = DIRECTION ( 'NONE',  ( -0.0000000000000000000, 0.0000000000000000000, 1.000000000000000000 ) ) ;
#183 = AXIS2_PLACEMENT_3D ( 'NONE', #6058, #2520, #8995 ) ;
#184 = ORIENTED_EDGE ( 'NONE', *, *, #2498, .T. ) ;
#185 = AXIS2_PLACEMENT_3D ( 'NONE', #8294, #8408, #4076 ) ;
#186 = ORIENTED_EDGE ( 'NONE', *, *, #5458, .T. ) ;
#187 = ORIENTED_EDGE ( 'NONE', *, *, #1346, .T. ) ;
#188 = CARTESIAN_POINT ( 'NONE',  ( 4.338397459621556400, 0.1499999999999999900, 5.557499999999999200 ) ) ;
#189 = VECTOR ( 'NONE', #6302, 1000.000000000000000 ) ;
#190 = ADVANCED_FACE ( 'NONE', ( #206 ), #3747, .T. ) ;
#191 = EDGE_CURVE ( 'NONE', #7322, #1099, #2817, .T. ) ;
#192 = CARTESIAN_POINT ( 'NONE',  ( -1.661602540378443800, 0.1499999999999999900, 5.787499999999999600 ) ) ;
#193 = DIRECTION ( 'NONE',  ( -0.0000000000000000000, 0.0000000000000000000, -1.000000000000000000 ) ) ;
#194 = FILL_AREA_STYLE_COLOUR ( '', #2606 ) ;
#195 = ORIENTED_EDGE ( 'NONE', *, *, #6170, .F. ) ;
#196 = LINE ( 'NONE', #5599, #8039 ) ;
#197 = PLANE ( 'NONE',  #7131 ) ;
#198 = ORIENTED_EDGE ( 'NONE', *, *, #6391, .T. ) ;
#199 = DIRECTION ( 'NONE',  ( 0.0000000000000000000, 0.0000000000000000000, -1.000000000000000000 ) ) ;
#200 = EDGE_CURVE ( 'NONE', #4110, #9153, #5420, .T. ) ;
#201 = VERTEX_POINT ( 'NONE', #2335 ) ;
#202 = DIRECTION ( 'NONE',  ( 1.000000000000000000, 0.0000000000000000000, -0.0000000000000000000 ) ) ;
#203 = LINE ( 'NONE', #6627, #7680 ) ;
#204 = CARTESIAN_POINT ( 'NONE',  ( -1.574999999999999500, 0.0000000000000000000, 5.787499999999999600 ) ) ;
#205 = ORIENTED_EDGE ( 'NONE', *, *, #8723, .F. ) ;
#206 = FACE_OUTER_BOUND ( 'NONE', #4816, .T. ) ;
#207 = DIRECTION ( 'NONE',  ( -0.0000000000000000000, 1.000000000000000000, -0.0000000000000000000 ) ) ;
#208 = DIRECTION ( 'NONE',  ( 0.0000000000000000000, -0.0000000000000000000, 1.000000000000000000 ) ) ;
#209 = AXIS2_PLACEMENT_3D ( 'NONE', #60, #7991, #8126 ) ;
#210 = DIRECTION ( 'NONE',  ( 0.0000000000000000000, 0.0000000000000000000, 1.000000000000000000 ) ) ;
#211 = PLANE ( 'NONE',  #3609 ) ;
#212 = EDGE_CURVE ( 'NONE', #6276, #7191, #325, .T. ) ;
#213 = CARTESIAN_POINT ( 'NONE',  ( 4.900205287931685300, 0.5000000000000000000, -2.292500000000000400 ) ) ;
#214 = SURFACE_STYLE_FILL_AREA ( #113 ) ;
#215 = ORIENTED_EDGE ( 'NONE', *, *, #7599, .T. ) ;
#216 = DIRECTION ( 'NONE',  ( 1.000000000000000000, 0.0000000000000000000, -0.0000000000000000000 ) ) ;
#217 = COLOUR_RGB ( '',0.7529411764705882200, 0.7529411764705882200, 0.7529411764705882200 ) ;
#218 = FILL_AREA_STYLE_COLOUR ( '', #9062 ) ;
#219 = AXIS2_PLACEMENT_3D ( 'NONE', #1549, #8036, #2206 ) ;
#220 = CARTESIAN_POINT ( 'NONE',  ( 1.000000000000000000, 0.0000000000000000000, 4.587499999999999500 ) ) ;
#221 = DIRECTION ( 'NONE',  ( 0.0000000000000000000, 0.0000000000000000000, -1.000000000000000000 ) ) ;
#222 = EDGE_CURVE ( 'NONE', #8570, #6402, #4705, .T. ) ;
#223 = ORIENTED_EDGE ( 'NONE', *, *, #1951, .F. ) ;
#224 = CARTESIAN_POINT ( 'NONE',  ( 4.250000000000000000, 0.0000000000000000000, -2.597500000000002800 ) ) ;
#225 = PRESENTATION_STYLE_ASSIGNMENT (( #8817 ) ) ;
#226 = LINE ( 'NONE', #4443, #3847 ) ;
#227 = ORIENTED_EDGE ( 'NONE', *, *, #8711, .T. ) ;
#228 = ADVANCED_FACE ( 'NONE', ( #6189 ), #905, .F. ) ;
#229 = DIRECTION ( 'NONE',  ( 0.0000000000000000000, 1.000000000000000000, -0.0000000000000000000 ) ) ;
#230 = SURFACE_STYLE_FILL_AREA ( #7158 ) ;
#231 = VECTOR ( 'NONE', #1332, 999.9999999999998900 ) ;
#232 =( GEOMETRIC_REPRESENTATION_CONTEXT ( 3 ) GLOBAL_UNCERTAINTY_ASSIGNED_CONTEXT ( ( #6392 ) ) GLOBAL_UNIT_ASSIGNED_CONTEXT ( ( #1857, #2113, #3454 ) ) REPRESENTATION_CONTEXT ( 'NONE', 'WORKASPACE' ) );
#233 = DIRECTION ( 'NONE',  ( 0.05205003326639417300, 0.9931737993569250700, 0.1043867726673162300 ) ) ;
#234 = FILL_AREA_STYLE ('',( #1643 ) ) ;
#235 = ORIENTED_EDGE ( 'NONE', *, *, #3183, .F. ) ;
#236 = CARTESIAN_POINT ( 'NONE',  ( 0.0000000000000000000, 2.299999999999999800, -2.526707825693110400 ) ) ;
#237 = EDGE_CURVE ( 'NONE', #16, #9356, #1574, .T. ) ;
#238 = LINE ( 'NONE', #1797, #4294 ) ;
#239 = EDGE_CURVE ( 'NONE', #3543, #8516, #3272, .T. ) ;
#240 = ADVANCED_FACE ( 'NONE', ( #3937 ), #8182, .T. ) ;
#241 = PLANE ( 'NONE',  #785 ) ;
#242 = PRESENTATION_LAYER_ASSIGNMENT (  '', '', ( #1874 ) ) ;
#243 = VECTOR ( 'NONE', #4033, 1000.000000000000100 ) ;
#244 = ORIENTED_EDGE ( 'NONE', *, *, #8509, .T. ) ;
#245 = FACE_OUTER_BOUND ( 'NONE', #24, .T. ) ;
#246 = VERTEX_POINT ( 'NONE', #3681 ) ;
#247 = CARTESIAN_POINT ( 'NONE',  ( 3.974999999999999200, 0.0000000000000000000, 5.557499999999999200 ) ) ;
#248 = SURFACE_SIDE_STYLE ('',( #3888 ) ) ;
#249 = DIRECTION ( 'NONE',  ( 0.0000000000000000000, -0.0000000000000000000, -1.000000000000000000 ) ) ;
#250 = FILL_AREA_STYLE_COLOUR ( '', #4843 ) ;
#251 = VECTOR ( 'NONE', #3136, 1000.000000000000000 ) ;
#252 = EDGE_CURVE ( 'NONE', #1414, #6334, #3264, .T. ) ;
#253 = CARTESIAN_POINT ( 'NONE',  ( 3.700000000000001100, 0.0000000000000000000, -5.887500000000002800 ) ) ;
#254 = FACE_OUTER_BOUND ( 'NONE', #3241, .T. ) ;
#255 = ORIENTED_EDGE ( 'NONE', *, *, #3893, .T. ) ;
#256 = SURFACE_STYLE_FILL_AREA ( #6210 ) ;
#257 = CARTESIAN_POINT ( 'NONE',  ( -3.700000000000001100, 0.5000000000000000000, -5.587500000000003000 ) ) ;
#258 = PRESENTATION_LAYER_ASSIGNMENT (  '', '', ( #2204 ) ) ;
#259 = ORIENTED_EDGE ( 'NONE', *, *, #1276, .T. ) ;
#261 = COLOUR_RGB ( '',0.7529411764705882200, 0.7529411764705882200, 0.7529411764705882200 ) ;
#260 = FILL_AREA_STYLE ('',( #3865 ) ) ;
#262 = FACE_OUTER_BOUND ( 'NONE', #2002, .T. ) ;
#263 = ORIENTED_EDGE ( 'NONE', *, *, #6763, .F. ) ;
#264 = EDGE_CURVE ( 'NONE', #6256, #2690, #7330, .T. ) ;
#265 = UNCERTAINTY_MEASURE_WITH_UNIT (LENGTH_MEASURE( 1.000000000000000100E-005 ), #760, 'distance_accuracy_value', 'NONE');
#266 = CARTESIAN_POINT ( 'NONE',  ( 0.0000000000000000000, 0.0000000000000000000, -4.987500000000003400 ) ) ;
#267 = DIRECTION ( 'NONE',  ( 0.0000000000000000000, 0.0000000000000000000, 1.000000000000000000 ) ) ;
#268 =( NAMED_UNIT ( * ) PLANE_ANGLE_UNIT ( ) SI_UNIT ( $, .RADIAN. ) );
#269 = VECTOR ( 'NONE', #6086, 1000.000000000000000 ) ;
#270 = ORIENTED_EDGE ( 'NONE', *, *, #7434, .T. ) ;
#271 = ORIENTED_EDGE ( 'NONE', *, *, #2541, .T. ) ;
#272 = FACE_OUTER_BOUND ( 'NONE', #9229, .T. ) ;
#273 = VERTEX_POINT ( 'NONE', #841 ) ;
#274 = PRODUCT_DEFINITION_SHAPE ( 'NONE', 'NONE',  #2858 ) ;
#275 = ORIENTED_EDGE ( 'NONE', *, *, #6303, .T. ) ;
#276 =( GEOMETRIC_REPRESENTATION_CONTEXT ( 3 ) GLOBAL_UNCERTAINTY_ASSIGNED_CONTEXT ( ( #7760 ) ) GLOBAL_UNIT_ASSIGNED_CONTEXT ( ( #1135, #9121, #8367 ) ) REPRESENTATION_CONTEXT ( 'NONE', 'WORKASPACE' ) );
#277 = ADVANCED_FACE ( 'NONE', ( #5854 ), #2260, .T. ) ;
#278 = LINE ( 'NONE', #1751, #4007 ) ;
#279 = EDGE_CURVE ( 'NONE', #1753, #2759, #7559, .T. ) ;
#280 = CARTESIAN_POINT ( 'NONE',  ( 4.850000000000001400, 0.01999999999999999700, 5.087499999999998600 ) ) ;
#281 = ORIENTED_EDGE ( 'NONE', *, *, #7513, .F. ) ;
#282 = DIRECTION ( 'NONE',  ( 0.0000000000000000000, 0.0000000000000000000, -1.000000000000000000 ) ) ;
#283 = ORIENTED_EDGE ( 'NONE', *, *, #7532, .T. ) ;
#284 = VECTOR ( 'NONE', #4086, 999.9999999999998900 ) ;
#285 = CARTESIAN_POINT ( 'NONE',  ( -4.949999999999999300, 0.4999999999998839800, 5.187499999999999100 ) ) ;
#286 = CARTESIAN_POINT ( 'NONE',  ( -4.849999999999999600, 0.07000000000000018700, 5.187499999999999100 ) ) ;
#287 = ORIENTED_EDGE ( 'NONE', *, *, #4844, .F. ) ;
#288 = CARTESIAN_POINT ( 'NONE',  ( -3.798999999999999500, 0.07000000000000018700, 5.137499999999999300 ) ) ;
#289 = STYLED_ITEM ( 'NONE', ( #6970 ), #7348 ) ;
#290 = CARTESIAN_POINT ( 'NONE',  ( 4.061602540378443900, 0.1499999999999999900, 5.787499999999999600 ) ) ;
#291 = ORIENTED_EDGE ( 'NONE', *, *, #4065, .T. ) ;
#292 = VERTEX_POINT ( 'NONE', #7383 ) ;
#293 = ADVANCED_FACE ( 'NONE', ( #90 ), #9105, .F. ) ;
#294 = VECTOR ( 'NONE', #4051, 1000.000000000000000 ) ;
#295 = CARTESIAN_POINT ( 'NONE',  ( -1.938397459621556300, 0.1499999999999999900, 0.0000000000000000000 ) ) ;
#296 = EDGE_CURVE ( 'NONE', #1266, #177, #1578, .T. ) ;
#297 = DIRECTION ( 'NONE',  ( 1.000000000000000000, 0.0000000000000000000, 0.0000000000000000000 ) ) ;
#298 = DIRECTION ( 'NONE',  ( 0.0000000000000000000, -1.000000000000000000, 0.0000000000000000000 ) ) ;
#299 = ORIENTED_EDGE ( 'NONE', *, *, #1758, .F. ) ;
#300 =( GEOMETRIC_REPRESENTATION_CONTEXT ( 3 ) GLOBAL_UNCERTAINTY_ASSIGNED_CONTEXT ( ( #8866 ) ) GLOBAL_UNIT_ASSIGNED_CONTEXT ( ( #7295, #3595, #7205 ) ) REPRESENTATION_CONTEXT ( 'NONE', 'WORKASPACE' ) );
#301 = VECTOR ( 'NONE', #6180, 1000.000000000000100 ) ;
#302 = CARTESIAN_POINT ( 'NONE',  ( -2.025000000000000400, 0.1499999999999999900, 5.557499999999999200 ) ) ;
#303 = AXIS2_PLACEMENT_3D ( 'NONE', #6938, #5470, #8391 ) ;
#304 = ORIENTED_EDGE ( 'NONE', *, *, #6803, .F. ) ;
#305 =( NAMED_UNIT ( * ) PLANE_ANGLE_UNIT ( ) SI_UNIT ( $, .RADIAN. ) );
#306 = PLANE ( 'NONE',  #5459 ) ;
#307 = DIRECTION ( 'NONE',  ( -1.000000000000000000, 0.0000000000000000000, 0.0000000000000000000 ) ) ;
#308 = DIRECTION ( 'NONE',  ( 1.000000000000000000, 0.0000000000000000000, 0.0000000000000000000 ) ) ;
#309 = ORIENTED_EDGE ( 'NONE', *, *, #9175, .F. ) ;
#310 = LINE ( 'NONE', #4689, #8819 ) ;
#311 = EDGE_CURVE ( 'NONE', #4856, #2020, #7341, .T. ) ;
#312 = LINE ( 'NONE', #302, #8596 ) ;
#313 = DIRECTION ( 'NONE',  ( 0.0000000000000000000, 0.0000000000000000000, 1.000000000000000000 ) ) ;
#314 = ORIENTED_EDGE ( 'NONE', *, *, #7499, .T. ) ;
#315 = CARTESIAN_POINT ( 'NONE',  ( 0.8250000000000001800, 0.0000000000000000000, 5.787499999999999600 ) ) ;
#316 = CARTESIAN_POINT ( 'NONE',  ( 0.3749999999999994400, 0.0000000000000000000, 5.787499999999999600 ) ) ;
#317 = DIRECTION ( 'NONE',  ( 0.0000000000000000000, -0.0000000000000000000, 1.000000000000000000 ) ) ;
#318 = ORIENTED_EDGE ( 'NONE', *, *, #392, .T. ) ;
#319 = LINE ( 'NONE', #2502, #3494 ) ;
#320 = DIRECTION ( 'NONE',  ( 1.672022627447524500E-016, -0.0000000000000000000, 1.000000000000000000 ) ) ;
#321 = DIRECTION ( 'NONE',  ( -1.000000000000000000, 0.0000000000000000000, 0.0000000000000000000 ) ) ;
#322 = VERTEX_POINT ( 'NONE', #7640 ) ;
#323 = CARTESIAN_POINT ( 'NONE',  ( -4.669999999999999900, 0.5000000000000000000, 0.8574999999999997100 ) ) ;
#324 = CARTESIAN_POINT ( 'NONE',  ( 0.8250000000000001800, 0.0000000000000000000, 5.787499999999999600 ) ) ;
#325 = LINE ( 'NONE', #5264, #8174 ) ;
#326 = EDGE_CURVE ( 'NONE', #505, #2329, #5185, .T. ) ;
#327 = ADVANCED_FACE ( 'NONE', ( #3941 ), #8836, .T. ) ;
#328 = VECTOR ( 'NONE', #7691, 1000.000000000000000 ) ;
#329 = DIRECTION ( 'NONE',  ( 0.0000000000000000000, -1.000000000000000000, 0.0000000000000000000 ) ) ;
#330 = CARTESIAN_POINT ( 'NONE',  ( -4.812508194089709900, 2.168133811551964800, 1.233103342562163100 ) ) ;
#331 = ORIENTED_EDGE ( 'NONE', *, *, #3545, .T. ) ;
#332 = CARTESIAN_POINT ( 'NONE',  ( 3.400000000000000400, 0.5000000000000000000, 4.587499999999999500 ) ) ;
#333 = PRESENTATION_LAYER_ASSIGNMENT (  '', '', ( #153 ) ) ;
#334 = DIRECTION ( 'NONE',  ( 0.0000000000000000000, 8.131516293641332600E-016, -1.000000000000000000 ) ) ;
#335 = LINE ( 'NONE', #8245, #2828 ) ;
#336 = DIRECTION ( 'NONE',  ( 0.0000000000000000000, -0.0000000000000000000, -1.000000000000000000 ) ) ;
#337 = EDGE_CURVE ( 'NONE', #8078, #6372, #5869, .T. ) ;
#338 = SURFACE_STYLE_FILL_AREA ( #3297 ) ;
#339 = CARTESIAN_POINT ( 'NONE',  ( -4.150999999999999800, 0.5010000000000000000, -2.598500000000003100 ) ) ;
#340 = LINE ( 'NONE', #169, #9284 ) ;
#341 = VERTEX_POINT ( 'NONE', #6922 ) ;
#342 = LINE ( 'NONE', #4638, #4847 ) ;
#343 = CARTESIAN_POINT ( 'NONE',  ( 2.598999999999999800, 0.5010000000000000000, 4.588499999999999800 ) ) ;
#344 = FACE_OUTER_BOUND ( 'NONE', #365, .T. ) ;
#345 = CARTESIAN_POINT ( 'NONE',  ( 0.1989999999999999300, 0.5010000000000000000, 3.786499999999998900 ) ) ;
#346 =( GEOMETRIC_REPRESENTATION_CONTEXT ( 3 ) GLOBAL_UNCERTAINTY_ASSIGNED_CONTEXT ( ( #4954 ) ) GLOBAL_UNIT_ASSIGNED_CONTEXT ( ( #4775, #3406, #2713 ) ) REPRESENTATION_CONTEXT ( 'NONE', 'WORKASPACE' ) );
#347 = ORIENTED_EDGE ( 'NONE', *, *, #6892, .F. ) ;
#348 = CARTESIAN_POINT ( 'NONE',  ( -0.5999999999999999800, 0.5000000000000000000, -5.587500000000003000 ) ) ;
#349 = MECHANICAL_DESIGN_GEOMETRIC_PRESENTATION_REPRESENTATION (  '', ( #1915 ), #786 ) ;
#350 = ORIENTED_EDGE ( 'NONE', *, *, #6855, .T. ) ;
#351 = LINE ( 'NONE', #3712, #7841 ) ;
#352 = ORIENTED_EDGE ( 'NONE', *, *, #8028, .T. ) ;
#353 = EDGE_CURVE ( 'NONE', #1092, #6394, #6422, .T. ) ;
#354 = CIRCLE ( 'NONE', #62, 0.05000000000000012800 ) ;
#355 = PRESENTATION_STYLE_ASSIGNMENT (( #989 ) ) ;
#356 =( NAMED_UNIT ( * ) PLANE_ANGLE_UNIT ( ) SI_UNIT ( $, .RADIAN. ) );
#357 = FACE_OUTER_BOUND ( 'NONE', #632, .T. ) ;
#358 = ORIENTED_EDGE ( 'NONE', *, *, #545, .F. ) ;
#359 = VECTOR ( 'NONE', #6419, 1000.000000000000100 ) ;
#360 = STYLED_ITEM ( 'NONE', ( #2966 ), #8749 ) ;
#361 = DIRECTION ( 'NONE',  ( -1.000000000000000000, 0.0000000000000000000, -0.0000000000000000000 ) ) ;
#362 = PLANE ( 'NONE',  #1459 ) ;
#363 = PLANE ( 'NONE',  #4738 ) ;
#364 = EDGE_CURVE ( 'NONE', #4322, #2884, #105, .T. ) ;
#365 = EDGE_LOOP ( 'NONE', ( #5932, #7778, #3990, #467 ) ) ;
#366 = ORIENTED_EDGE ( 'NONE', *, *, #5440, .F. ) ;
#367 = AXIS2_PLACEMENT_3D ( 'NONE', #4583, #6011, #6043 ) ;
#368 = DIRECTION ( 'NONE',  ( -0.0000000000000000000, 0.0000000000000000000, -1.000000000000000000 ) ) ;
#369 = ADVANCED_FACE ( 'NONE', ( #2024 ), #7448, .F. ) ;
#370 = VECTOR ( 'NONE', #1282, 1000.000000000000000 ) ;
#371 = CARTESIAN_POINT ( 'NONE',  ( -4.950000000000001100, 2.299999999999999800, -5.187500000000000900 ) ) ;
#372 = LINE ( 'NONE', #8726, #4994 ) ;
#373 = LINE ( 'NONE', #4012, #8440 ) ;
#374 = DIRECTION ( 'NONE',  ( 1.000000000000000000, 0.0000000000000000000, -0.0000000000000000000 ) ) ;
#375 = UNCERTAINTY_MEASURE_WITH_UNIT (LENGTH_MEASURE( 1.000000000000000100E-005 ), #1361, 'distance_accuracy_value', 'NONE');
#376 = EDGE_LOOP ( 'NONE', ( #9038, #886, #8688, #757 ) ) ;
#377 = DIRECTION ( 'NONE',  ( 1.000000000000000000, -0.0000000000000000000, 0.0000000000000000000 ) ) ;
#378 = SURFACE_STYLE_USAGE ( .BOTH. , #402 ) ;
#379 = EDGE_CURVE ( 'NONE', #8658, #4571, #6751, .T. ) ;
#380 = ORIENTED_EDGE ( 'NONE', *, *, #2835, .T. ) ;
#381 = LINE ( 'NONE', #2833, #3110 ) ;
#382 = VERTEX_POINT ( 'NONE', #9131 ) ;
#383 = DIRECTION ( 'NONE',  ( 0.0000000000000000000, 0.0000000000000000000, -1.000000000000000000 ) ) ;
#384 = ADVANCED_FACE ( 'NONE', ( #3144 ), #995, .F. ) ;
#385 = CARTESIAN_POINT ( 'NONE',  ( -1.399000000000000000, 0.02000000000000000000, 0.0000000000000000000 ) ) ;
#386 = DIRECTION ( 'NONE',  ( 0.0000000000000000000, 0.0000000000000000000, -1.000000000000000000 ) ) ;
#387 = MECHANICAL_DESIGN_GEOMETRIC_PRESENTATION_REPRESENTATION (  '', ( #2204 ), #5421 ) ;
#388 = VECTOR ( 'NONE', #3603, 1000.000000000000000 ) ;
#389 = ORIENTED_EDGE ( 'NONE', *, *, #790, .F. ) ;
#390 = ORIENTED_EDGE ( 'NONE', *, *, #8905, .F. ) ;
#391 = LINE ( 'NONE', #8553, #8132 ) ;
#392 = EDGE_CURVE ( 'NONE', #8253, #4156, #2567, .T. ) ;
#393 = VERTEX_POINT ( 'NONE', #9196 ) ;
#394 = VECTOR ( 'NONE', #2533, 1000.000000000000000 ) ;
#395 = VERTEX_POINT ( 'NONE', #7846 ) ;
#396 = ORIENTED_EDGE ( 'NONE', *, *, #2226, .T. ) ;
#397 = DIRECTION ( 'NONE',  ( 0.0000000000000000000, 0.0000000000000000000, -1.000000000000000000 ) ) ;
#398 = DIRECTION ( 'NONE',  ( 1.000000000000000000, 0.0000000000000000000, 0.0000000000000000000 ) ) ;
#399 =( NAMED_UNIT ( * ) PLANE_ANGLE_UNIT ( ) SI_UNIT ( $, .RADIAN. ) );
#400 = EDGE_CURVE ( 'NONE', #1710, #6305, #1208, .T. ) ;
#401 = DIRECTION ( 'NONE',  ( -0.0000000000000000000, -1.000000000000000000, -0.0000000000000000000 ) ) ;
#402 = SURFACE_SIDE_STYLE ('',( #7697 ) ) ;
#403 = ORIENTED_EDGE ( 'NONE', *, *, #2474, .T. ) ;
#404 = EDGE_LOOP ( 'NONE', ( #4650, #6551, #7768, #8404 ) ) ;
#405 = VECTOR ( 'NONE', #3791, 1000.000000000000100 ) ;
#406 = LINE ( 'NONE', #3502, #3918 ) ;
#407 = FILL_AREA_STYLE_COLOUR ( '', #7915 ) ;
#408 = VECTOR ( 'NONE', #2673, 1000.000000000000000 ) ;
#409 = MECHANICAL_DESIGN_GEOMETRIC_PRESENTATION_REPRESENTATION (  '', ( #6885 ), #5130 ) ;
#410 = AXIS2_PLACEMENT_3D ( 'NONE', #8868, #6877, #9021 ) ;
#411 = CARTESIAN_POINT ( 'NONE',  ( 0.0000000000000000000, 0.02000000000000000000, 4.588499999999999800 ) ) ;
#412 = CARTESIAN_POINT ( 'NONE',  ( 0.0000000000000000000, 0.02000000000000000000, 5.137499999999999300 ) ) ;
#413 = CARTESIAN_POINT ( 'NONE',  ( 0.0000000000000000000, 2.299999999999999800, 5.093165997290524800 ) ) ;
#414 = ORIENTED_EDGE ( 'NONE', *, *, #3107, .T. ) ;
#415 = ADVANCED_FACE ( 'NONE', ( #4933 ), #1318, .T. ) ;
#416 = ORIENTED_EDGE ( 'NONE', *, *, #3401, .T. ) ;
#417 = EDGE_CURVE ( 'NONE', #4953, #732, #3769, .T. ) ;
#418 =( NAMED_UNIT ( * ) PLANE_ANGLE_UNIT ( ) SI_UNIT ( $, .RADIAN. ) );
#419 = CARTESIAN_POINT ( 'NONE',  ( 0.0000000000000000000, 0.0000000000000000000, 5.787499999999999600 ) ) ;
#420 = AXIS2_PLACEMENT_3D ( 'NONE', #1509, #815, #5095 ) ;
#421 = FACE_OUTER_BOUND ( 'NONE', #5357, .T. ) ;
#422 = CARTESIAN_POINT ( 'NONE',  ( -4.150999999999999800, 0.01999999999999999700, -2.598500000000003100 ) ) ;
#423 = CARTESIAN_POINT ( 'NONE',  ( 4.860632494094494900, 2.205233595624294100, 1.236727650462716700 ) ) ;
#424 = AXIS2_PLACEMENT_3D ( 'NONE', #2235, #693, #4295 ) ;
#425 = CARTESIAN_POINT ( 'NONE',  ( -4.760769540619036500, 2.200000000000000200, 4.998269540619036300 ) ) ;
#426 = FILL_AREA_STYLE_COLOUR ( '', #3304 ) ;
#427 = ORIENTED_EDGE ( 'NONE', *, *, #2925, .T. ) ;
#428 = CARTESIAN_POINT ( 'NONE',  ( 4.670000000000001700, 2.299999999999999800, 0.8574999999999997100 ) ) ;
#429 = EDGE_CURVE ( 'NONE', #7191, #4365, #8110, .T. ) ;
#430 = CARTESIAN_POINT ( 'NONE',  ( -4.949999999999999300, 0.4999999999998839800, 5.187499999999999100 ) ) ;
#431 = ORIENTED_EDGE ( 'NONE', *, *, #8850, .F. ) ;
#432 = DIRECTION ( 'NONE',  ( 0.0000000000000000000, 0.0000000000000000000, 1.000000000000000000 ) ) ;
#433 = VECTOR ( 'NONE', #7531, 1000.000000000000000 ) ;
#434 = DIRECTION ( 'NONE',  ( -1.000000000000000000, 0.0000000000000000000, -0.0000000000000000000 ) ) ;
#435 = UNCERTAINTY_MEASURE_WITH_UNIT (LENGTH_MEASURE( 1.000000000000000100E-005 ), #6780, 'distance_accuracy_value', 'NONE');
#436 = ORIENTED_EDGE ( 'NONE', *, *, #1401, .F. ) ;
#437 = CARTESIAN_POINT ( 'NONE',  ( 4.939133463812227700, 0.05730895656671451000, -5.186024132260226500 ) ) ;
#438 = PRESENTATION_STYLE_ASSIGNMENT (( #2547 ) ) ;
#439 = ORIENTED_EDGE ( 'NONE', *, *, #6791, .F. ) ;
#440 = DIRECTION ( 'NONE',  ( 1.000000000000000000, -0.0000000000000000000, 0.0000000000000000000 ) ) ;
#441 = CARTESIAN_POINT ( 'NONE',  ( 0.0000000000000000000, 0.5010000000000001100, 5.187447592220710400 ) ) ;
#442 = EDGE_CURVE ( 'NONE', #2891, #72, #2307, .T. ) ;
#443 =( NAMED_UNIT ( * ) PLANE_ANGLE_UNIT ( ) SI_UNIT ( $, .RADIAN. ) );
#444 = CARTESIAN_POINT ( 'NONE',  ( 0.0000000000000000000, 0.0000000000000000000, 0.0000000000000000000 ) ) ;
#445 = CARTESIAN_POINT ( 'NONE',  ( -0.1989999999999999300, 0.02000000000000000000, 0.0000000000000000000 ) ) ;
#446 = SURFACE_STYLE_FILL_AREA ( #7310 ) ;
#447 = DIRECTION ( 'NONE',  ( -0.0000000000000000000, 0.9986295347545740600, -0.05233595624294079500 ) ) ;
#448 =( GEOMETRIC_REPRESENTATION_CONTEXT ( 3 ) GLOBAL_UNCERTAINTY_ASSIGNED_CONTEXT ( ( #2874 ) ) GLOBAL_UNIT_ASSIGNED_CONTEXT ( ( #6045, #3707, #1493 ) ) REPRESENTATION_CONTEXT ( 'NONE', 'WORKASPACE' ) );
#449 = VECTOR ( 'NONE', #838, 1000.000000000000000 ) ;
#450 = CARTESIAN_POINT ( 'NONE',  ( 0.0000000000000000000, 0.0000000000000000000, -5.237500000000000700 ) ) ;
#451 = SURFACE_STYLE_USAGE ( .BOTH. , #4765 ) ;
#452 = CARTESIAN_POINT ( 'NONE',  ( 4.919269010649779600, 0.02000000000000035400, -5.156769010649780300 ) ) ;
#453 = COLOUR_RGB ( '',0.7529411764705882200, 0.7529411764705882200, 0.7529411764705882200 ) ;
#454 = DIRECTION ( 'NONE',  ( 0.0000000000000000000, 0.0000000000000000000, -1.000000000000000000 ) ) ;
#455 = EDGE_CURVE ( 'NONE', #646, #7552, #4206, .T. ) ;
#456 = LINE ( 'NONE', #9242, #231 ) ;
#457 = DIRECTION ( 'NONE',  ( 1.000000000000000000, 0.0000000000000000000, 0.0000000000000000000 ) ) ;
#458 = VECTOR ( 'NONE', #3129, 1000.000000000000000 ) ;
#459 = ADVANCED_FACE ( 'NONE', ( #5691 ), #899, .T. ) ;
#460 = ORIENTED_EDGE ( 'NONE', *, *, #606, .F. ) ;
#461 = CARTESIAN_POINT ( 'NONE',  ( 3.401000000000001100, 0.02000000000000000000, 5.137499999999999300 ) ) ;
#462 = LINE ( 'NONE', #6188, #6006 ) ;
#463 =( GEOMETRIC_REPRESENTATION_CONTEXT ( 3 ) GLOBAL_UNCERTAINTY_ASSIGNED_CONTEXT ( ( #6649 ) ) GLOBAL_UNIT_ASSIGNED_CONTEXT ( ( #5337, #5375, #8991 ) ) REPRESENTATION_CONTEXT ( 'NONE', 'WORKASPACE' ) );
#464 =( GEOMETRIC_REPRESENTATION_CONTEXT ( 3 ) GLOBAL_UNCERTAINTY_ASSIGNED_CONTEXT ( ( #7049 ) ) GLOBAL_UNIT_ASSIGNED_CONTEXT ( ( #8544, #519, #549 ) ) REPRESENTATION_CONTEXT ( 'NONE', 'WORKASPACE' ) );
#465 = FACE_OUTER_BOUND ( 'NONE', #1193, .T. ) ;
#466 = DIRECTION ( 'NONE',  ( 1.000000000000000000, 0.0000000000000000000, 0.0000000000000000000 ) ) ;
#467 = ORIENTED_EDGE ( 'NONE', *, *, #7611, .F. ) ;
#468 = LINE ( 'NONE', #22, #711 ) ;
#469 = ORIENTED_EDGE ( 'NONE', *, *, #5289, .F. ) ;
#470 = DIRECTION ( 'NONE',  ( 0.0000000000000000000, 0.0000000000000000000, 1.000000000000000000 ) ) ;
#471 = LINE ( 'NONE', #1881, #5568 ) ;
#472 = CARTESIAN_POINT ( 'NONE',  ( -4.760769540619037300, 2.200000000000000200, 7.960114395977986100E-016 ) ) ;
#473 = DIRECTION ( 'NONE',  ( -1.000000000000000000, 0.0000000000000000000, 0.0000000000000000000 ) ) ;
#474 = CARTESIAN_POINT ( 'NONE',  ( 0.0000000000000000000, 0.5000000000000000000, 5.787499999999999600 ) ) ;
#475 = AXIS2_PLACEMENT_3D ( 'NONE', #551, #7137, #5617 ) ;
#476 = LINE ( 'NONE', #7119, #7274 ) ;
#477 = FACE_OUTER_BOUND ( 'NONE', #3296, .T. ) ;
#478 = VERTEX_POINT ( 'NONE', #2736 ) ;
#479 = DIRECTION ( 'NONE',  ( 0.0000000000000000000, 8.131516293641332600E-016, -1.000000000000000000 ) ) ;
#480 = FILL_AREA_STYLE_COLOUR ( '', #8376 ) ;
#481 = CARTESIAN_POINT ( 'NONE',  ( 0.1989999999999999300, 0.5010000000000000000, 3.786499999999998900 ) ) ;
#482 = EDGE_CURVE ( 'NONE', #4718, #4074, #1834, .T. ) ;
#483 = ORIENTED_EDGE ( 'NONE', *, *, #6313, .T. ) ;
#484 = VECTOR ( 'NONE', #5676, 1000.000000000000100 ) ;
#485 = STYLED_ITEM ( 'NONE', ( #5648 ), #369 ) ;
#486 = UNCERTAINTY_MEASURE_WITH_UNIT (LENGTH_MEASURE( 1.000000000000000100E-005 ), #5269, 'distance_accuracy_value', 'NONE');
#487 = DIRECTION ( 'NONE',  ( 0.0000000000000000000, 1.000000000000000000, 0.0000000000000000000 ) ) ;
#488 = ORIENTED_EDGE ( 'NONE', *, *, #4715, .F. ) ;
#489 = LINE ( 'NONE', #5108, #6030 ) ;
#490 = EDGE_LOOP ( 'NONE', ( #4117, #7929, #3466, #5146 ) ) ;
#491 = CARTESIAN_POINT ( 'NONE',  ( 4.601000000000000000, 0.5010000000000000000, 3.786499999999998900 ) ) ;
#492 = DIRECTION ( 'NONE',  ( 0.0000000000000000000, 1.000000000000000000, 0.0000000000000000000 ) ) ;
#493 = DIRECTION ( 'NONE',  ( 0.0000000000000000000, -1.000000000000000000, 0.0000000000000000000 ) ) ;
#494 = CARTESIAN_POINT ( 'NONE',  ( 4.150000000000000400, 0.0000000000000000000, -4.987500000000002500 ) ) ;
#495 = CARTESIAN_POINT ( 'NONE',  ( 0.0000000000000000000, 0.0000000000000000000, -2.297500000000003000 ) ) ;
#496 = COLOUR_RGB ( '',0.7529411764705882200, 0.7529411764705882200, 0.7529411764705882200 ) ;
#497 = PLANE ( 'NONE',  #5002 ) ;
#498 = VERTEX_POINT ( 'NONE', #3528 ) ;
#499 = SURFACE_STYLE_USAGE ( .BOTH. , #9085 ) ;
#500 = VERTEX_POINT ( 'NONE', #5672 ) ;
#501 = LINE ( 'NONE', #3146, #8006 ) ;
#502 = EDGE_LOOP ( 'NONE', ( #3497, #2799, #1684, #7620, #754 ) ) ;
#503 = ORIENTED_EDGE ( 'NONE', *, *, #4013, .F. ) ;
#504 = EDGE_CURVE ( 'NONE', #2169, #4280, #896, .T. ) ;
#505 = VERTEX_POINT ( 'NONE', #4893 ) ;
#506 = CARTESIAN_POINT ( 'NONE',  ( -3.138397459621556300, 0.1499999999999999900, 5.787499999999999600 ) ) ;
#507 = CARTESIAN_POINT ( 'NONE',  ( 3.401000000000000200, 0.5010000000000000000, 4.588499999999999800 ) ) ;
#508 = ORIENTED_EDGE ( 'NONE', *, *, #3763, .T. ) ;
#509 = EDGE_LOOP ( 'NONE', ( #186, #7941, #7064, #7960, #7046, #8360, #2411, #187 ) ) ;
#510 =( NAMED_UNIT ( * ) SI_UNIT ( $, .STERADIAN. ) SOLID_ANGLE_UNIT ( ) );
#511 = SURFACE_SIDE_STYLE ('',( #122 ) ) ;
#512 = MECHANICAL_DESIGN_GEOMETRIC_PRESENTATION_REPRESENTATION (  '', ( #29 ), #1781 ) ;
#513 = VERTEX_POINT ( 'NONE', #8573 ) ;
#514 = EDGE_CURVE ( 'NONE', #7536, #646, #6995, .T. ) ;
#515 = ORIENTED_EDGE ( 'NONE', *, *, #6052, .F. ) ;
#516 = ORIENTED_EDGE ( 'NONE', *, *, #1550, .F. ) ;
#517 =( LENGTH_UNIT ( ) NAMED_UNIT ( * ) SI_UNIT ( .MILLI., .METRE. ) );
#518 = PRESENTATION_LAYER_ASSIGNMENT (  '', '', ( #4991 ) ) ;
#519 =( NAMED_UNIT ( * ) PLANE_ANGLE_UNIT ( ) SI_UNIT ( $, .RADIAN. ) );
#520 = CARTESIAN_POINT ( 'NONE',  ( 4.949999999999999300, 0.4999999999998738200, -5.110930283330929100 ) ) ;
#521 = CARTESIAN_POINT ( 'NONE',  ( -4.251000000000000300, 2.299999999999999800, -5.187500000000000900 ) ) ;
#522 = DIRECTION ( 'NONE',  ( -1.000000000000000000, 0.0000000000000000000, 0.0000000000000000000 ) ) ;
#523 = DIRECTION ( 'NONE',  ( -1.000000000000000000, 0.0000000000000000000, 0.0000000000000000000 ) ) ;
#524 = PLANE ( 'NONE',  #1635 ) ;
#525 =( NAMED_UNIT ( * ) SI_UNIT ( $, .STERADIAN. ) SOLID_ANGLE_UNIT ( ) );
#526 = ORIENTED_EDGE ( 'NONE', *, *, #982, .T. ) ;
#527 = LINE ( 'NONE', #7832, #3916 ) ;
#528 = DIRECTION ( 'NONE',  ( -0.0000000000000000000, -0.0000000000000000000, 1.000000000000000000 ) ) ;
#529 = DIRECTION ( 'NONE',  ( 1.000000000000000000, 0.0000000000000000000, 0.0000000000000000000 ) ) ;
#530 = EDGE_CURVE ( 'NONE', #7631, #2909, #2472, .T. ) ;
#531 = ORIENTED_EDGE ( 'NONE', *, *, #4027, .F. ) ;
#532 = DIRECTION ( 'NONE',  ( -0.0000000000000000000, -1.000000000000000000, -0.0000000000000000000 ) ) ;
#533 = CARTESIAN_POINT ( 'NONE',  ( -2.201000000000000100, 0.5010000000000000000, 5.187447592220710400 ) ) ;
#534 = ORIENTED_EDGE ( 'NONE', *, *, #7542, .F. ) ;
#535 = VECTOR ( 'NONE', #466, 1000.000000000000000 ) ;
#536 = DIRECTION ( 'NONE',  ( 1.000000000000000000, -0.0000000000000000000, -0.0000000000000000000 ) ) ;
#537 = CARTESIAN_POINT ( 'NONE',  ( -1.399000000000000000, 0.5010000000000000000, 5.187447592220710400 ) ) ;
#538 = AXIS2_PLACEMENT_3D ( 'NONE', #4728, #1807, #5427 ) ;
#539 = ORIENTED_EDGE ( 'NONE', *, *, #7930, .F. ) ;
#540 = DIRECTION ( 'NONE',  ( 1.000000000000000000, 0.0000000000000000000, -0.0000000000000000000 ) ) ;
#541 = CARTESIAN_POINT ( 'NONE',  ( 0.0000000000000000000, 0.02000000000000000000, 5.137499999999999300 ) ) ;
#542 = ORIENTED_EDGE ( 'NONE', *, *, #9251, .T. ) ;
#543 = VECTOR ( 'NONE', #7911, 1000.000000000000000 ) ;
#544 = EDGE_CURVE ( 'NONE', #1341, #8139, #5303, .T. ) ;
#545 = EDGE_CURVE ( 'NONE', #3349, #9261, #1233, .T. ) ;
#546 = SURFACE_STYLE_USAGE ( .BOTH. , #7777 ) ;
#547 = ORIENTED_EDGE ( 'NONE', *, *, #5637, .T. ) ;
#548 = SURFACE_STYLE_FILL_AREA ( #2362 ) ;
#549 =( NAMED_UNIT ( * ) SI_UNIT ( $, .STERADIAN. ) SOLID_ANGLE_UNIT ( ) );
#550 = CARTESIAN_POINT ( 'NONE',  ( 7.200000000000000200, 0.1499999999999999900, 0.0000000000000000000 ) ) ;
#551 = CARTESIAN_POINT ( 'NONE',  ( -4.760769540619036500, 2.200000000000000200, 4.998269540619037200 ) ) ;
#552 = ORIENTED_EDGE ( 'NONE', *, *, #3249, .T. ) ;
#553 = COLOUR_RGB ( '',0.7529411764705882200, 0.7529411764705882200, 0.7529411764705882200 ) ;
#554 = DIRECTION ( 'NONE',  ( -0.0000000000000000000, 0.0000000000000000000, -1.000000000000000000 ) ) ;
#555 = UNCERTAINTY_MEASURE_WITH_UNIT (LENGTH_MEASURE( 1.000000000000000100E-005 ), #109, 'distance_accuracy_value', 'NONE');
#556 = ORIENTED_EDGE ( 'NONE', *, *, #5312, .T. ) ;
#557 = EDGE_CURVE ( 'NONE', #7121, #8004, #3277, .T. ) ;
#558 = LINE ( 'NONE', #2911, #3 ) ;
#559 = SURFACE_SIDE_STYLE ('',( #9107 ) ) ;
#560 = ORIENTED_EDGE ( 'NONE', *, *, #8380, .T. ) ;
#561 =( NAMED_UNIT ( * ) PLANE_ANGLE_UNIT ( ) SI_UNIT ( $, .RADIAN. ) );
#562 = ORIENTED_EDGE ( 'NONE', *, *, #7661, .F. ) ;
#563 = DIRECTION ( 'NONE',  ( 1.000000000000000000, 0.0000000000000000000, -0.0000000000000000000 ) ) ;
#564 = AXIS2_PLACEMENT_3D ( 'NONE', #2598, #4104, #9064 ) ;
#565 = FACE_OUTER_BOUND ( 'NONE', #2577, .T. ) ;
#566 =( LENGTH_UNIT ( ) NAMED_UNIT ( * ) SI_UNIT ( .MILLI., .METRE. ) );
#567 = LINE ( 'NONE', #7076, #1917 ) ;
#568 = DIRECTION ( 'NONE',  ( 0.0000000000000000000, 0.9945218953682734000, -0.1045284632676537100 ) ) ;
#569 = CARTESIAN_POINT ( 'NONE',  ( -4.949999999999999300, 0.07000000000000018700, 5.137499999999999300 ) ) ;
#570 = EDGE_CURVE ( 'NONE', #3121, #150, #6766, .T. ) ;
#571 =( NAMED_UNIT ( * ) SI_UNIT ( $, .STERADIAN. ) SOLID_ANGLE_UNIT ( ) );
#572 = FACE_OUTER_BOUND ( 'NONE', #2771, .T. ) ;
#573 = ORIENTED_EDGE ( 'NONE', *, *, #7645, .F. ) ;
#574 = VECTOR ( 'NONE', #1179, 1000.000000000000000 ) ;
#575 = EDGE_LOOP ( 'NONE', ( #6134, #76, #6521, #1991 ) ) ;
#576 = FACE_BOUND ( 'NONE', #975, .T. ) ;
#577 = SURFACE_SIDE_STYLE ('',( #7824 ) ) ;
#578 = MECHANICAL_DESIGN_GEOMETRIC_PRESENTATION_REPRESENTATION (  '', ( #5615 ), #1559 ) ;
#579 = CARTESIAN_POINT ( 'NONE',  ( 4.670000000000002600, 2.255226423163383000, 1.191981730924696100 ) ) ;
#580 = CARTESIAN_POINT ( 'NONE',  ( 3.799000000000000400, 2.299999999999999800, 5.187499999999999100 ) ) ;
#581 = DIRECTION ( 'NONE',  ( 0.0000000000000000000, 0.0000000000000000000, 1.000000000000000000 ) ) ;
#582 = VERTEX_POINT ( 'NONE', #77 ) ;
#583 = VECTOR ( 'NONE', #7514, 1000.000000000000000 ) ;
#584 = ORIENTED_EDGE ( 'NONE', *, *, #1424, .T. ) ;
#585 = EDGE_CURVE ( 'NONE', #7580, #3519, #5183, .T. ) ;
#586 = LINE ( 'NONE', #8232, #2290 ) ;
#587 = DIRECTION ( 'NONE',  ( 0.0000000000000000000, -0.0000000000000000000, 1.000000000000000000 ) ) ;
#588 = DIRECTION ( 'NONE',  ( 1.000000000000000000, 0.0000000000000000000, -0.0000000000000000000 ) ) ;
#589 = VECTOR ( 'NONE', #4838, 999.9999999999998900 ) ;
#590 = PLANE ( 'NONE',  #5811 ) ;
#591 = ORIENTED_EDGE ( 'NONE', *, *, #4576, .T. ) ;
#592 = VECTOR ( 'NONE', #7106, 1000.000000000000000 ) ;
#593 = ORIENTED_EDGE ( 'NONE', *, *, #6622, .F. ) ;
#594 = CARTESIAN_POINT ( 'NONE',  ( -4.250000000000000000, 0.5000000000000000000, 1.102499999999997600 ) ) ;
#595 = MECHANICAL_DESIGN_GEOMETRIC_PRESENTATION_REPRESENTATION (  '', ( #5749 ), #1079 ) ;
#596 =( LENGTH_UNIT ( ) NAMED_UNIT ( * ) SI_UNIT ( .MILLI., .METRE. ) );
#597 = PRESENTATION_LAYER_ASSIGNMENT (  '', '', ( #112 ) ) ;
#598 = VECTOR ( 'NONE', #3947, 1000.000000000000000 ) ;
#599 = CIRCLE ( 'NONE', #5232, 1.500000000000000200 ) ;
#600 = VECTOR ( 'NONE', #7094, 1000.000000000000000 ) ;
#601 = EDGE_CURVE ( 'NONE', #6187, #6441, #2368, .T. ) ;
#602 = VERTEX_POINT ( 'NONE', #6510 ) ;
#603 = LINE ( 'NONE', #8170, #2867 ) ;
#604 = ORIENTED_EDGE ( 'NONE', *, *, #3479, .T. ) ;
#605 = CARTESIAN_POINT ( 'NONE',  ( 0.1989999999999995100, 0.4999999999998839800, 5.187499999999999100 ) ) ;
#606 = EDGE_CURVE ( 'NONE', #3447, #5340, #5057, .T. ) ;
#607 = LINE ( 'NONE', #5478, #7626 ) ;
#608 =( GEOMETRIC_REPRESENTATION_CONTEXT ( 3 ) GLOBAL_UNCERTAINTY_ASSIGNED_CONTEXT ( ( #8530 ) ) GLOBAL_UNIT_ASSIGNED_CONTEXT ( ( #3815, #846, #5895 ) ) REPRESENTATION_CONTEXT ( 'NONE', 'WORKASPACE' ) );
#609 = ORIENTED_EDGE ( 'NONE', *, *, #9317, .F. ) ;
#610 = ORIENTED_EDGE ( 'NONE', *, *, #1839, .F. ) ;
#611 = COLOUR_RGB ( '',0.7529411764705882200, 0.7529411764705882200, 0.7529411764705882200 ) ;
#612 =( LENGTH_UNIT ( ) NAMED_UNIT ( * ) SI_UNIT ( .MILLI., .METRE. ) );
#613 = ORIENTED_EDGE ( 'NONE', *, *, #8711, .F. ) ;
#614 = CARTESIAN_POINT ( 'NONE',  ( 4.250000000000000000, 0.5000000000000000000, 0.0000000000000000000 ) ) ;
#615 = DIRECTION ( 'NONE',  ( 1.000000000000000000, 0.0000000000000000000, 0.0000000000000000000 ) ) ;
#616 = DIRECTION ( 'NONE',  ( 0.0000000000000000000, 0.0000000000000000000, 1.000000000000000000 ) ) ;
#617 = EDGE_CURVE ( 'NONE', #6891, #8175, #4602, .T. ) ;
#618 = FILL_AREA_STYLE_COLOUR ( '', #1384 ) ;
#619 = VECTOR ( 'NONE', #3457, 1000.000000000000000 ) ;
#620 = CARTESIAN_POINT ( 'NONE',  ( -4.251000000000000300, 0.01999999999999999700, 1.103499999999997500 ) ) ;
#621 = ORIENTED_EDGE ( 'NONE', *, *, #5469, .T. ) ;
#622 = ADVANCED_FACE ( 'NONE', ( #7116 ), #7222, .T. ) ;
#623 = FACE_OUTER_BOUND ( 'NONE', #8442, .T. ) ;
#624 = SURFACE_STYLE_USAGE ( .BOTH. , #661 ) ;
#625 = MANIFOLD_SOLID_BREP ( 'LPattern1[4]', #2559 ) ;
#626 = ORIENTED_EDGE ( 'NONE', *, *, #8081, .F. ) ;
#627 =( NAMED_UNIT ( * ) PLANE_ANGLE_UNIT ( ) SI_UNIT ( $, .RADIAN. ) );
#628 = FILL_AREA_STYLE ('',( #4837 ) ) ;
#629 = ORIENTED_EDGE ( 'NONE', *, *, #1895, .F. ) ;
#630 = AXIS2_PLACEMENT_3D ( 'NONE', #1997, #742, #4157 ) ;
#631 = CARTESIAN_POINT ( 'NONE',  ( 1.001000000000000100, 2.299999999999999800, 5.187499999999999100 ) ) ;
#632 = EDGE_LOOP ( 'NONE', ( #3253, #4673, #2347, #6074 ) ) ;
#633 = ORIENTED_EDGE ( 'NONE', *, *, #6242, .T. ) ;
#634 = FACE_OUTER_BOUND ( 'NONE', #9213, .T. ) ;
#635 = EDGE_CURVE ( 'NONE', #5816, #393, #1898, .T. ) ;
#636 = COLOUR_RGB ( '',0.2509803921568627400, 0.2509803921568627400, 0.2509803921568627400 ) ;
#637 = DIRECTION ( 'NONE',  ( -0.0000000000000000000, -0.0000000000000000000, 1.000000000000000000 ) ) ;
#638 = ORIENTED_EDGE ( 'NONE', *, *, #8303, .T. ) ;
#639 = CARTESIAN_POINT ( 'NONE',  ( -4.948524132260226700, 0.05730895656671392000, -5.176633463812229300 ) ) ;
#640 = CARTESIAN_POINT ( 'NONE',  ( 0.0000000000000000000, 0.5010000000000001100, 5.187447592220710400 ) ) ;
#641 = CARTESIAN_POINT ( 'NONE',  ( -4.787013338742224500, 2.255226370686283000, 1.191981725409130500 ) ) ;
#642 = ORIENTED_EDGE ( 'NONE', *, *, #4368, .T. ) ;
#643 = VERTEX_POINT ( 'NONE', #7281 ) ;
#644 = PRESENTATION_LAYER_ASSIGNMENT (  '', '', ( #7483 ) ) ;
#645 = LINE ( 'NONE', #1656, #4809 ) ;
#646 = VERTEX_POINT ( 'NONE', #2957 ) ;
#647 = FILL_AREA_STYLE_COLOUR ( '', #1775 ) ;
#648 = EDGE_CURVE ( 'NONE', #8172, #4644, #1002, .T. ) ;
#649 = DIRECTION ( 'NONE',  ( 0.0000000000000000000, -1.000000000000000000, 0.0000000000000000000 ) ) ;
#650 = STYLED_ITEM ( 'NONE', ( #5520 ), #800 ) ;
#651 = ORIENTED_EDGE ( 'NONE', *, *, #4529, .T. ) ;
#652 = VECTOR ( 'NONE', #6185, 1000.000000000000100 ) ;
#653 = FILL_AREA_STYLE_COLOUR ( '', #611 ) ;
#654 = FILL_AREA_STYLE_COLOUR ( '', #7958 ) ;
#655 = SURFACE_SIDE_STYLE ('',( #7833 ) ) ;
#656 = CARTESIAN_POINT ( 'NONE',  ( 1.000999999999999900, 0.5010000000000000000, 4.588499999999999800 ) ) ;
#657 = LINE ( 'NONE', #1352, #3487 ) ;
#658 = PLANE ( 'NONE',  #5877 ) ;
#659 = ORIENTED_EDGE ( 'NONE', *, *, #7518, .T. ) ;
#660 = AXIS2_PLACEMENT_3D ( 'NONE', #2, #5044, #736 ) ;
#661 = SURFACE_SIDE_STYLE ('',( #9011 ) ) ;
#662 =( GEOMETRIC_REPRESENTATION_CONTEXT ( 3 ) GLOBAL_UNCERTAINTY_ASSIGNED_CONTEXT ( ( #2052 ) ) GLOBAL_UNIT_ASSIGNED_CONTEXT ( ( #4477, #3082, #6607 ) ) REPRESENTATION_CONTEXT ( 'NONE', 'WORKASPACE' ) );
#663 = CARTESIAN_POINT ( 'NONE',  ( 2.200999999999999600, 2.299999999999999800, 5.187499999999999100 ) ) ;
#664 = VERTEX_POINT ( 'NONE', #9347 ) ;
#665 = LINE ( 'NONE', #3267, #4252 ) ;
#666 = CARTESIAN_POINT ( 'NONE',  ( 0.0000000000000000000, 2.299999999999999800, 0.0000000000000000000 ) ) ;
#667 = FILL_AREA_STYLE ('',( #7689 ) ) ;
#668 = LINE ( 'NONE', #3930, #2364 ) ;
#669 =( LENGTH_UNIT ( ) NAMED_UNIT ( * ) SI_UNIT ( .MILLI., .METRE. ) );
#670 = CARTESIAN_POINT ( 'NONE',  ( 0.0000000000000000000, 0.5000000000000000000, -2.597500000000002800 ) ) ;
#671 = PLANE ( 'NONE',  #1322 ) ;
#672 = PRESENTATION_LAYER_ASSIGNMENT (  '', '', ( #1511 ) ) ;
#673 = ORIENTED_EDGE ( 'NONE', *, *, #8137, .T. ) ;
#674 = FACE_OUTER_BOUND ( 'NONE', #963, .T. ) ;
#675 = VECTOR ( 'NONE', #6750, 1000.000000000000100 ) ;
#676 = FACE_OUTER_BOUND ( 'NONE', #6746, .T. ) ;
#677 = ORIENTED_EDGE ( 'NONE', *, *, #2124, .T. ) ;
#678 = VECTOR ( 'NONE', #8637, 1000.000000000000000 ) ;
#679 = EDGE_CURVE ( 'NONE', #4699, #5714, #7643, .T. ) ;
#680 = VERTEX_POINT ( 'NONE', #713 ) ;
#681 = STYLED_ITEM ( 'NONE', ( #3662 ), #37 ) ;
#682 = CARTESIAN_POINT ( 'NONE',  ( -0.1999999999999999300, 0.5000000000000000000, 0.0000000000000000000 ) ) ;
#683 =( BOUNDED_SURFACE ( )  B_SPLINE_SURFACE ( 3, 2, ( 
 ( #7366, #3050, #156 ),
 ( #888, #1623, #5246 ),
 ( #6697, #5844, #7525 ),
 ( #1041, #3910, #3145 ) ),
 .UNSPECIFIED., .F., .F., .F. ) 
 B_SPLINE_SURFACE_WITH_KNOTS ( ( 4, 4 ),
 ( 3, 3 ),
 ( 1.608396931284732200E-015, 1.518436449235071000 ),
 ( 0.0000000000000000000, 1.000000000000000000 ),
 .UNSPECIFIED. ) 
 GEOMETRIC_REPRESENTATION_ITEM ( )  RATIONAL_B_SPLINE_SURFACE ( (
 ( 1.000000000000000000, 0.7431448254773930200, 1.000000000000000000),
 ( 1.000000000000000000, 0.7435649452655099800, 1.000000000000000000),
 ( 1.000000000000000000, 0.7280390855194580600, 1.000000000000000000),
 ( 1.000000000000000000, 0.7090382913072176300, 1.000000000000000000) ) ) 
 REPRESENTATION_ITEM ( '' )  SURFACE ( )  );
#684 = LINE ( 'NONE', #2641, #4723 ) ;
#685 = CARTESIAN_POINT ( 'NONE',  ( -1.399999999999999900, 0.5000000000000000000, 0.0000000000000000000 ) ) ;
#686 = DIRECTION ( 'NONE',  ( 0.0000000000000000000, -1.000000000000000000, 0.0000000000000000000 ) ) ;
#687 = LINE ( 'NONE', #2202, #4839 ) ;
#688 = AXIS2_PLACEMENT_3D ( 'NONE', #9166, #4801, #7737 ) ;
#689 = EDGE_LOOP ( 'NONE', ( #3525, #552, #4491, #3033, #9018, #4562, #1358 ) ) ;
#690 =( NAMED_UNIT ( * ) SI_UNIT ( $, .STERADIAN. ) SOLID_ANGLE_UNIT ( ) );
#691 = PRESENTATION_STYLE_ASSIGNMENT (( #5785 ) ) ;
#692 = EDGE_CURVE ( 'NONE', #6669, #4365, #4260, .T. ) ;
#693 = DIRECTION ( 'NONE',  ( 0.0000000000000000000, 0.0000000000000000000, -1.000000000000000000 ) ) ;
#694 = CIRCLE ( 'NONE', #18, 0.04999999999999991300 ) ;
#695 = ORIENTED_EDGE ( 'NONE', *, *, #1123, .T. ) ;
#696 = DIRECTION ( 'NONE',  ( 1.672022627447524500E-016, 1.789195443182277800E-033, 1.000000000000000000 ) ) ;
#697 = CIRCLE ( 'NONE', #8806, 0.04999999999999969700 ) ;
#698 = CARTESIAN_POINT ( 'NONE',  ( -1.938397459621556300, 0.1499999999999999900, 5.557499999999999200 ) ) ;
#699 = PRESENTATION_STYLE_ASSIGNMENT (( #2551 ) ) ;
#700 = COLOUR_RGB ( '',0.7529411764705882200, 0.7529411764705882200, 0.7529411764705882200 ) ;
#701 = DIRECTION ( 'NONE',  ( 0.0000000000000000000, 0.0000000000000000000, 1.000000000000000000 ) ) ;
#702 = AXIS2_PLACEMENT_3D ( 'NONE', #2392, #208, #8269 ) ;
#703 = VERTEX_POINT ( 'NONE', #3583 ) ;
#704 = ORIENTED_EDGE ( 'NONE', *, *, #4416, .T. ) ;
#705 = CARTESIAN_POINT ( 'NONE',  ( -4.669999999999999900, 0.5010000000000000000, -2.142500000000000500 ) ) ;
#706 = DIRECTION ( 'NONE',  ( -1.000000000000000000, 0.0000000000000000000, 0.0000000000000000000 ) ) ;
#707 = EDGE_CURVE ( 'NONE', #6054, #3906, #4947, .T. ) ;
#708 = ADVANCED_FACE ( 'NONE', ( #674 ), #197, .F. ) ;
#709 = VECTOR ( 'NONE', #3134, 1000.000000000000000 ) ;
#710 = ORIENTED_EDGE ( 'NONE', *, *, #3013, .F. ) ;
#711 = VECTOR ( 'NONE', #5863, 1000.000000000000000 ) ;
#712 = ORIENTED_EDGE ( 'NONE', *, *, #3137, .F. ) ;
#713 = CARTESIAN_POINT ( 'NONE',  ( -2.201000000000000100, 0.4999999999998839800, 5.187499999999999100 ) ) ;
#714 = FACE_OUTER_BOUND ( 'NONE', #7410, .T. ) ;
#715 = DIRECTION ( 'NONE',  ( 0.0000000000000000000, 0.0000000000000000000, -1.000000000000000000 ) ) ;
#716 =( GEOMETRIC_REPRESENTATION_CONTEXT ( 3 ) GLOBAL_UNCERTAINTY_ASSIGNED_CONTEXT ( ( #6342 ) ) GLOBAL_UNIT_ASSIGNED_CONTEXT ( ( #7428, #3842, #2426 ) ) REPRESENTATION_CONTEXT ( 'NONE', 'WORKASPACE' ) );
#717 = DIRECTION ( 'NONE',  ( 0.0000000000000000000, 0.0000000000000000000, -1.000000000000000000 ) ) ;
#718 = SURFACE_SIDE_STYLE ('',( #6026 ) ) ;
#719 = SURFACE_STYLE_FILL_AREA ( #1615 ) ;
#720 = VECTOR ( 'NONE', #1754, 1000.000000000000000 ) ;
#721 = PRESENTATION_STYLE_ASSIGNMENT (( #5075 ) ) ;
#722 = EDGE_CURVE ( 'NONE', #3143, #3038, #7685, .T. ) ;
#723 = EDGE_LOOP ( 'NONE', ( #6290, #6386, #151, #4790, #1134, #287 ) ) ;
#724 = FACE_OUTER_BOUND ( 'NONE', #5482, .T. ) ;
#725 = EDGE_LOOP ( 'NONE', ( #6519, #4876, #3686, #531, #2665, #3666, #436, #8928, #6151, #6143, #2805, #3309, #7754, #7692, #8450, #573, #925, #8461, #5686, #3663, #3541, #1913, #1836, #9144, #6061, #488, #8527, #515, #5780, #2515, #3178, #3685 ) ) ;
#726 = FACE_OUTER_BOUND ( 'NONE', #3787, .T. ) ;
#727 =( NAMED_UNIT ( * ) PLANE_ANGLE_UNIT ( ) SI_UNIT ( $, .RADIAN. ) );
#728 = CARTESIAN_POINT ( 'NONE',  ( -4.850137046524543500, 0.4999999999998839800, -5.187500000000000900 ) ) ;
#729 = VECTOR ( 'NONE', #7236, 1000.000000000000000 ) ;
#730 = DIRECTION ( 'NONE',  ( -0.0000000000000000000, 0.0000000000000000000, -1.000000000000000000 ) ) ;
#731 = AXIS2_PLACEMENT_3D ( 'NONE', #3030, #3677, #7344 ) ;
#732 = VERTEX_POINT ( 'NONE', #6610 ) ;
#733 = AXIS2_PLACEMENT_3D ( 'NONE', #4906, #8733, #7352 ) ;
#734 = EDGE_LOOP ( 'NONE', ( #4129, #704, #5850, #7026, #255, #738 ) ) ;
#735 = VECTOR ( 'NONE', #6602, 1000.000000000000000 ) ;
#736 = DIRECTION ( 'NONE',  ( 0.0000000000000000000, 0.0000000000000000000, -1.000000000000000000 ) ) ;
#737 = ORIENTED_EDGE ( 'NONE', *, *, #7197, .F. ) ;
#738 = ORIENTED_EDGE ( 'NONE', *, *, #2068, .T. ) ;
#739 = DIRECTION ( 'NONE',  ( -0.0000000000000000000, -0.9945218953682734000, 0.1045284632676537100 ) ) ;
#740 = EDGE_CURVE ( 'NONE', #1614, #1659, #3164, .T. ) ;
#741 = ORIENTED_EDGE ( 'NONE', *, *, #7904, .T. ) ;
#742 = DIRECTION ( 'NONE',  ( -0.05226442768871089600, 0.9972646886342377800, 0.05226442768871090300 ) ) ;
#743 = DIRECTION ( 'NONE',  ( 0.0000000000000000000, 0.0000000000000000000, 1.000000000000000000 ) ) ;
#744 = ORIENTED_EDGE ( 'NONE', *, *, #5763, .F. ) ;
#745 = LINE ( 'NONE', #3831, #1533 ) ;
#746 = ORIENTED_EDGE ( 'NONE', *, *, #8279, .F. ) ;
#747 = VERTEX_POINT ( 'NONE', #134 ) ;
#748 =( NAMED_UNIT ( * ) PLANE_ANGLE_UNIT ( ) SI_UNIT ( $, .RADIAN. ) );
#749 = VECTOR ( 'NONE', #8972, 1000.000000000000000 ) ;
#750 = DIRECTION ( 'NONE',  ( 0.0000000000000000000, 1.000000000000000000, 0.0000000000000000000 ) ) ;
#751 = EDGE_CURVE ( 'NONE', #322, #703, #7677, .T. ) ;
#752 = EDGE_LOOP ( 'NONE', ( #6834, #1048, #6029, #5561 ) ) ;
#753 = CARTESIAN_POINT ( 'NONE',  ( -4.860360825294212500, 2.210417345136265400, -2.472272107045696600 ) ) ;
#754 = ORIENTED_EDGE ( 'NONE', *, *, #7174, .F. ) ;
#755 = DIRECTION ( 'NONE',  ( 0.0000000000000000000, 0.0000000000000000000, -1.000000000000000000 ) ) ;
#756 = ORIENTED_EDGE ( 'NONE', *, *, #5834, .F. ) ;
#757 = ORIENTED_EDGE ( 'NONE', *, *, #6242, .F. ) ;
#758 = LINE ( 'NONE', #6023, #3361 ) ;
#759 = ADVANCED_FACE ( 'NONE', ( #421 ), #3929, .T. ) ;
#760 =( LENGTH_UNIT ( ) NAMED_UNIT ( * ) SI_UNIT ( .MILLI., .METRE. ) );
#761 = CARTESIAN_POINT ( 'NONE',  ( 1.000999999999999900, 0.02000000000000000000, 0.0000000000000000000 ) ) ;
#762 = CARTESIAN_POINT ( 'NONE',  ( -3.799999999999999400, 0.5000000000000000000, 5.787499999999999600 ) ) ;
#763 = EDGE_CURVE ( 'NONE', #2419, #9241, #887, .T. ) ;
#764 = ORIENTED_EDGE ( 'NONE', *, *, #1046, .F. ) ;
#765 = SURFACE_SIDE_STYLE ('',( #5043 ) ) ;
#766 = LINE ( 'NONE', #9295, #2003 ) ;
#767 = ADVANCED_FACE ( 'NONE', ( #1107 ), #865, .T. ) ;
#768 = ORIENTED_EDGE ( 'NONE', *, *, #1933, .F. ) ;
#769 = DIRECTION ( 'NONE',  ( 0.0000000000000000000, 0.0000000000000000000, -1.000000000000000000 ) ) ;
#770 = SURFACE_SIDE_STYLE ('',( #4862 ) ) ;
#771 = PLANE ( 'NONE',  #6982 ) ;
#772 = PRESENTATION_LAYER_ASSIGNMENT (  '', '', ( #9198 ) ) ;
#773 = ORIENTED_EDGE ( 'NONE', *, *, #311, .T. ) ;
#774 = FACE_OUTER_BOUND ( 'NONE', #123, .T. ) ;
#775 = CIRCLE ( 'NONE', #5855, 0.04999999999999969700 ) ;
#776 = FILL_AREA_STYLE ('',( #5083 ) ) ;
#777 = EDGE_CURVE ( 'NONE', #6490, #4572, #8168, .T. ) ;
#778 = ORIENTED_EDGE ( 'NONE', *, *, #7826, .T. ) ;
#779 = CARTESIAN_POINT ( 'NONE',  ( 4.730000000000000400, 0.5000000000000000000, 0.9624999999999968000 ) ) ;
#780 = CARTESIAN_POINT ( 'NONE',  ( -4.285792174306890500, 2.250000000000000000, -2.142499999999998300 ) ) ;
#781 = CARTESIAN_POINT ( 'NONE',  ( -3.700000000000001100, 0.5000000000000000000, -5.887500000000002800 ) ) ;
#782 = VERTEX_POINT ( 'NONE', #4542 ) ;
#783 = VECTOR ( 'NONE', #4231, 1000.000000000000000 ) ;
#784 = CARTESIAN_POINT ( 'NONE',  ( 0.0000000000000000000, 0.5010000000000001100, 5.187447592220710400 ) ) ;
#785 = AXIS2_PLACEMENT_3D ( 'NONE', #2434, #5904, #6660 ) ;
#786 =( GEOMETRIC_REPRESENTATION_CONTEXT ( 3 ) GLOBAL_UNCERTAINTY_ASSIGNED_CONTEXT ( ( #801 ) ) GLOBAL_UNIT_ASSIGNED_CONTEXT ( ( #3832, #3208, #1023 ) ) REPRESENTATION_CONTEXT ( 'NONE', 'WORKASPACE' ) );
#787 = ORIENTED_EDGE ( 'NONE', *, *, #777, .F. ) ;
#788 = FILL_AREA_STYLE ('',( #5064 ) ) ;
#789 = COLOUR_RGB ( '',0.7529411764705882200, 0.7529411764705882200, 0.7529411764705882200 ) ;
#790 = EDGE_CURVE ( 'NONE', #1375, #8570, #3713, .T. ) ;
#791 = ORIENTED_EDGE ( 'NONE', *, *, #4931, .F. ) ;
#792 = CARTESIAN_POINT ( 'NONE',  ( 0.0000000000000000000, 0.5000000000000000000, -2.597500000000002800 ) ) ;
#793 = VECTOR ( 'NONE', #493, 1000.000000000000000 ) ;
#794 = DIRECTION ( 'NONE',  ( 1.000000000000000000, 0.0000000000000000000, -0.0000000000000000000 ) ) ;
#795 = ORIENTED_EDGE ( 'NONE', *, *, #6832, .T. ) ;
#796 = CARTESIAN_POINT ( 'NONE',  ( -4.950000000000001100, 0.07000000000000207400, -5.173398757011785400 ) ) ;
#797 = PLANE ( 'NONE',  #6993 ) ;
#798 =( NAMED_UNIT ( * ) SI_UNIT ( $, .STERADIAN. ) SOLID_ANGLE_UNIT ( ) );
#799 = DIRECTION ( 'NONE',  ( 0.0000000000000000000, 0.0000000000000000000, -1.000000000000000000 ) ) ;
#800 = ADVANCED_FACE ( 'NONE', ( #7332 ), #8080, .F. ) ;
#801 = UNCERTAINTY_MEASURE_WITH_UNIT (LENGTH_MEASURE( 1.000000000000000100E-005 ), #3832, 'distance_accuracy_value', 'NONE');
#802 = DIRECTION ( 'NONE',  ( 0.0000000000000000000, 0.0000000000000000000, 1.000000000000000000 ) ) ;
#803 = EDGE_LOOP ( 'NONE', ( #2233, #7659, #3820, #3176, #8470, #3977, #4111, #1969 ) ) ;
#804 = EDGE_CURVE ( 'NONE', #3143, #2935, #9375, .T. ) ;
#805 = CARTESIAN_POINT ( 'NONE',  ( -4.601000000000000000, 0.5010000000000000000, 3.786499999999998900 ) ) ;
#806 = VECTOR ( 'NONE', #3969, 1000.000000000000000 ) ;
#807 = CARTESIAN_POINT ( 'NONE',  ( -4.860632494094494900, 2.205233595624294100, 8.127087513832692500E-016 ) ) ;
#808 = PLANE ( 'NONE',  #7563 ) ;
#809 = ORIENTED_EDGE ( 'NONE', *, *, #3581, .F. ) ;
#810 = LINE ( 'NONE', #6352, #6336 ) ;
#811 = EDGE_LOOP ( 'NONE', ( #4066, #1680, #5614, #2395 ) ) ;
#812 = CARTESIAN_POINT ( 'NONE',  ( 0.0000000000000000000, 0.0000000000000000000, 4.587499999999999500 ) ) ;
#813 = ADVANCED_FACE ( 'NONE', ( #6075 ), #6856, .F. ) ;
#814 = EDGE_CURVE ( 'NONE', #2789, #1765, #319, .T. ) ;
#815 = DIRECTION ( 'NONE',  ( 0.0000000000000000000, 1.000000000000000000, 0.0000000000000000000 ) ) ;
#816 = DIRECTION ( 'NONE',  ( 1.000000000000000000, -0.0000000000000000000, 0.0000000000000000000 ) ) ;
#817 = ORIENTED_EDGE ( 'NONE', *, *, #7489, .T. ) ;
#818 = COLOUR_RGB ( '',0.7529411764705882200, 0.7529411764705882200, 0.7529411764705882200 ) ;
#819 = CARTESIAN_POINT ( 'NONE',  ( 4.850000000000000500, 0.07000000000000000700, 5.137499999999998400 ) ) ;
#820 = LINE ( 'NONE', #7056, #4980 ) ;
#821 = FILL_AREA_STYLE_COLOUR ( '', #8032 ) ;
#822 = VECTOR ( 'NONE', #3621, 1000.000000000000000 ) ;
#823 = ORIENTED_EDGE ( 'NONE', *, *, #8865, .T. ) ;
#825 = LINE ( 'NONE', #6309, #8315 ) ;
#824 = CARTESIAN_POINT ( 'NONE',  ( -4.900000000000000400, 0.5000000000000000000, -5.887500000000002800 ) ) ;
#826 = CARTESIAN_POINT ( 'NONE',  ( -4.860632494094494000, 2.205233595624294100, 4.998269540619036300 ) ) ;
#827 = EDGE_CURVE ( 'NONE', #1992, #5502, #2246, .T. ) ;
#828 = DIRECTION ( 'NONE',  ( -1.000000000000000000, 0.0000000000000000000, 0.0000000000000000000 ) ) ;
#829 = CARTESIAN_POINT ( 'NONE',  ( 0.5999999999999977600, 0.0000000000000000000, 2.168404344971001700E-016 ) ) ;
#830 = AXIS2_PLACEMENT_3D ( 'NONE', #2081, #4272, #7183 ) ;
#831 = LINE ( 'NONE', #7015, #8993 ) ;
#832 = DIRECTION ( 'NONE',  ( 0.0000000000000000000, 0.0000000000000000000, 1.000000000000000000 ) ) ;
#833 = LINE ( 'NONE', #7472, #6131 ) ;
#834 = VECTOR ( 'NONE', #4792, 1000.000000000000000 ) ;
#835 = VERTEX_POINT ( 'NONE', #6120 ) ;
#836 = ORIENTED_EDGE ( 'NONE', *, *, #5891, .F. ) ;
#837 = MECHANICAL_DESIGN_GEOMETRIC_PRESENTATION_REPRESENTATION (  '', ( #6453 ), #7756 ) ;
#838 = DIRECTION ( 'NONE',  ( 0.0000000000000000000, 0.0000000000000000000, -1.000000000000000000 ) ) ;
#839 = AXIS2_PLACEMENT_3D ( 'NONE', #2357, #6744, #5321 ) ;
#840 = EDGE_CURVE ( 'NONE', #5816, #6194, #6411, .T. ) ;
#841 = CARTESIAN_POINT ( 'NONE',  ( 1.000000000000000000, 0.5000000000000000000, 4.587499999999999500 ) ) ;
#842 = ORIENTED_EDGE ( 'NONE', *, *, #9233, .T. ) ;
#843 = VERTEX_POINT ( 'NONE', #6065 ) ;
#844 = PLANE ( 'NONE',  #4312 ) ;
#845 = ORIENTED_EDGE ( 'NONE', *, *, #8586, .T. ) ;
#846 =( NAMED_UNIT ( * ) PLANE_ANGLE_UNIT ( ) SI_UNIT ( $, .RADIAN. ) );
#847 = CARTESIAN_POINT ( 'NONE',  ( -4.849999999999999600, 0.02000000000000000000, 5.137499999999999300 ) ) ;
#848 = SURFACE_SIDE_STYLE ('',( #21 ) ) ;
#849 = SURFACE_SIDE_STYLE ('',( #719 ) ) ;
#850 = AXIS2_PLACEMENT_3D ( 'NONE', #4778, #2652, #5556 ) ;
#851 = DIRECTION ( 'NONE',  ( 0.0000000000000000000, -0.05233595624294126000, 0.9986295347545739400 ) ) ;
#852 = ORIENTED_EDGE ( 'NONE', *, *, #5402, .T. ) ;
#853 = LINE ( 'NONE', #8610, #6048 ) ;
#854 = UNCERTAINTY_MEASURE_WITH_UNIT (LENGTH_MEASURE( 1.000000000000000100E-005 ), #2902, 'distance_accuracy_value', 'NONE');
#855 = DIRECTION ( 'NONE',  ( -0.0000000000000000000, 0.0000000000000000000, -1.000000000000000000 ) ) ;
#856 = ORIENTED_EDGE ( 'NONE', *, *, #4301, .F. ) ;
#857 = ADVANCED_FACE ( 'NONE', ( #7446 ), #2578, .T. ) ;
#858 = EDGE_CURVE ( 'NONE', #6256, #3449, #665, .T. ) ;
#859 = CARTESIAN_POINT ( 'NONE',  ( 4.251000000000000300, 0.5010000000000000000, -5.187447592220712200 ) ) ;
#860 = MECHANICAL_DESIGN_GEOMETRIC_PRESENTATION_REPRESENTATION (  '', ( #6665 ), #4535 ) ;
#861 = ORIENTED_EDGE ( 'NONE', *, *, #5162, .F. ) ;
#862 = ORIENTED_EDGE ( 'NONE', *, *, #5891, .T. ) ;
#863 = PLANE ( 'NONE',  #8212 ) ;
#864 = FILL_AREA_STYLE ('',( #5152 ) ) ;
#865 = PLANE ( 'NONE',  #8142 ) ;
#866 = CARTESIAN_POINT ( 'NONE',  ( 4.670000000000001700, 0.5010000000000000000, 0.8574999999999997100 ) ) ;
#867 = ORIENTED_EDGE ( 'NONE', *, *, #2137, .T. ) ;
#868 = ORIENTED_EDGE ( 'NONE', *, *, #3199, .F. ) ;
#869 = CYLINDRICAL_SURFACE ( 'NONE', #8432, 0.1000000000000002600 ) ;
#870 = DIRECTION ( 'NONE',  ( -0.0000000000000000000, -1.000000000000000000, -0.0000000000000000000 ) ) ;
#871 = EDGE_CURVE ( 'NONE', #505, #8149, #7105, .T. ) ;
#872 = VECTOR ( 'NONE', #4126, 1000.000000000000000 ) ;
#873 = CARTESIAN_POINT ( 'NONE',  ( 0.0000000000000000000, 0.5000000000000000000, 5.787499999999999600 ) ) ;
#874 =( LENGTH_UNIT ( ) NAMED_UNIT ( * ) SI_UNIT ( .MILLI., .METRE. ) );
#875 = PLANE ( 'NONE',  #2428 ) ;
#876 = ORIENTED_EDGE ( 'NONE', *, *, #9258, .F. ) ;
#877 = FACE_OUTER_BOUND ( 'NONE', #9329, .T. ) ;
#878 = DIRECTION ( 'NONE',  ( 0.0000000000000000000, -0.0000000000000000000, 1.000000000000000000 ) ) ;
#879 = AXIS2_PLACEMENT_3D ( 'NONE', #4360, #8739, #7993 ) ;
#880 = DIRECTION ( 'NONE',  ( 0.0000000000000000000, 0.0000000000000000000, 1.000000000000000000 ) ) ;
#881 = SURFACE_STYLE_USAGE ( .BOTH. , #3695 ) ;
#882 = VERTEX_POINT ( 'NONE', #4627 ) ;
#883 = EDGE_CURVE ( 'NONE', #4048, #4116, #3266, .T. ) ;
#884 = CARTESIAN_POINT ( 'NONE',  ( 0.4616025403784444500, 0.1499999999999999900, 5.557499999999999200 ) ) ;
#885 = CARTESIAN_POINT ( 'NONE',  ( -4.250000000000000000, 0.0000000000000000000, -2.597500000000002800 ) ) ;
#886 = ORIENTED_EDGE ( 'NONE', *, *, #5074, .F. ) ;
#887 = LINE ( 'NONE', #1532, #2018 ) ;
#888 = CARTESIAN_POINT ( 'NONE',  ( 4.787013338742223600, 2.255226370686282100, -2.476981725409131300 ) ) ;
#889 = ORIENTED_EDGE ( 'NONE', *, *, #1169, .T. ) ;
#890 = FILL_AREA_STYLE_COLOUR ( '', #3228 ) ;
#891 = VECTOR ( 'NONE', #1445, 1000.000000000000000 ) ;
#892 = DIRECTION ( 'NONE',  ( -3.614007241618349300E-016, 0.0000000000000000000, 1.000000000000000000 ) ) ;
#893 = DIRECTION ( 'NONE',  ( 0.0000000000000000000, 0.0000000000000000000, -1.000000000000000000 ) ) ;
#894 =( NAMED_UNIT ( * ) SI_UNIT ( $, .STERADIAN. ) SOLID_ANGLE_UNIT ( ) );
#895 = ORIENTED_EDGE ( 'NONE', *, *, #1201, .F. ) ;
#896 = LINE ( 'NONE', #4957, #6530 ) ;
#897 =( LENGTH_UNIT ( ) NAMED_UNIT ( * ) SI_UNIT ( .MILLI., .METRE. ) );
#898 = EDGE_CURVE ( 'NONE', #843, #7403, #6870, .T. ) ;
#899 = CYLINDRICAL_SURFACE ( 'NONE', #3288, 0.04999999999999969700 ) ;
#900 = VECTOR ( 'NONE', #1237, 1000.000000000000000 ) ;
#901 = CARTESIAN_POINT ( 'NONE',  ( 1.000999999999999900, 0.01999999999999999700, 4.588499999999999800 ) ) ;
#902 = CARTESIAN_POINT ( 'NONE',  ( 0.0000000000000000000, 0.5000000000000000000, -2.297500000000003000 ) ) ;
#903 = VECTOR ( 'NONE', #2164, 1000.000000000000000 ) ;
#904 = ADVANCED_FACE ( 'NONE', ( #7923 ), #4038, .T. ) ;
#905 = PLANE ( 'NONE',  #12 ) ;
#906 = STYLED_ITEM ( 'NONE', ( #1172 ), #2039 ) ;
#907 = PLANE ( 'NONE',  #3511 ) ;
#908 = MECHANICAL_DESIGN_GEOMETRIC_PRESENTATION_REPRESENTATION (  '', ( #2534 ), #1210 ) ;
#909 = LINE ( 'NONE', #285, #3608 ) ;
#910 = DIRECTION ( 'NONE',  ( 0.0000000000000000000, 0.0000000000000000000, 1.000000000000000000 ) ) ;
#911 = DIRECTION ( 'NONE',  ( 0.0000000000000000000, 0.0000000000000000000, -1.000000000000000000 ) ) ;
#912 = CARTESIAN_POINT ( 'NONE',  ( 1.399000000000000000, 0.07000000000000018700, 5.137499999999999300 ) ) ;
#913 = LINE ( 'NONE', #7389, #2947 ) ;
#914 = EDGE_CURVE ( 'NONE', #177, #4718, #3594, .T. ) ;
#915 = CARTESIAN_POINT ( 'NONE',  ( 4.285792174306892300, 2.299999999999999800, -2.142499999999999600 ) ) ;
#916 = ORIENTED_EDGE ( 'NONE', *, *, #2672, .F. ) ;
#917 = AXIS2_PLACEMENT_3D ( 'NONE', #2001, #1963, #7772 ) ;
#918 = MECHANICAL_DESIGN_GEOMETRIC_PRESENTATION_REPRESENTATION (  '', ( #6598 ), #2247 ) ;
#919 = PRESENTATION_STYLE_ASSIGNMENT (( #7573 ) ) ;
#920 = SURFACE_STYLE_USAGE ( .BOTH. , #4499 ) ;
#921 =( NAMED_UNIT ( * ) PLANE_ANGLE_UNIT ( ) SI_UNIT ( $, .RADIAN. ) );
#922 = CARTESIAN_POINT ( 'NONE',  ( 0.5999999999999977600, 0.5000000000000000000, 2.168404344971001700E-016 ) ) ;
#923 = EDGE_CURVE ( 'NONE', #9244, #6669, #310, .T. ) ;
#924 = FACE_OUTER_BOUND ( 'NONE', #2542, .T. ) ;
#925 = ORIENTED_EDGE ( 'NONE', *, *, #9251, .F. ) ;
#926 = DIRECTION ( 'NONE',  ( 0.0000000000000000000, 1.000000000000000000, 0.0000000000000000000 ) ) ;
#927 = VECTOR ( 'NONE', #6493, 1000.000000000000000 ) ;
#928 = DIRECTION ( 'NONE',  ( 0.0000000000000000000, 0.9945218953682734000, -0.1045284632676537100 ) ) ;
#929 = EDGE_LOOP ( 'NONE', ( #8907, #3928, #7637, #2875 ) ) ;
#930 = VECTOR ( 'NONE', #2258, 1000.000000000000000 ) ;
#931 = ORIENTED_EDGE ( 'NONE', *, *, #8190, .F. ) ;
#932 = DIRECTION ( 'NONE',  ( 1.000000000000000000, 0.0000000000000000000, -0.0000000000000000000 ) ) ;
#933 = EDGE_CURVE ( 'NONE', #6806, #4217, #2236, .T. ) ;
#934 = CARTESIAN_POINT ( 'NONE',  ( -3.225000000000000500, 0.1499999999999999900, 5.787499999999999600 ) ) ;
#935 = VECTOR ( 'NONE', #6096, 1000.000000000000000 ) ;
#936 = VECTOR ( 'NONE', #8568, 1000.000000000000000 ) ;
#937 =( LENGTH_UNIT ( ) NAMED_UNIT ( * ) SI_UNIT ( .MILLI., .METRE. ) );
#938 = VERTEX_POINT ( 'NONE', #286 ) ;
#939 = PRESENTATION_STYLE_ASSIGNMENT (( #5284 ) ) ;
#940 = ORIENTED_EDGE ( 'NONE', *, *, #1504, .T. ) ;
#941 = FACE_OUTER_BOUND ( 'NONE', #3331, .T. ) ;
#942 = CARTESIAN_POINT ( 'NONE',  ( -0.1989999999999995100, 0.4999999999998839800, 5.187499999999999100 ) ) ;
#943 = AXIS2_PLACEMENT_3D ( 'NONE', #1557, #7968, #743 ) ;
#944 = ADVANCED_FACE ( 'NONE', ( #2010 ), #2447, .F. ) ;
#945 = VECTOR ( 'NONE', #4841, 1000.000000000000000 ) ;
#946 = DIRECTION ( 'NONE',  ( 0.0000000000000000000, -1.000000000000000000, 0.0000000000000000000 ) ) ;
#947 = ORIENTED_EDGE ( 'NONE', *, *, #3521, .T. ) ;
#948 = LINE ( 'NONE', #4927, #4439 ) ;
#949 =( LENGTH_UNIT ( ) NAMED_UNIT ( * ) SI_UNIT ( .MILLI., .METRE. ) );
#950 = EDGE_CURVE ( 'NONE', #2114, #1698, #6300, .T. ) ;
#951 = ORIENTED_EDGE ( 'NONE', *, *, #5757, .F. ) ;
#952 = DIRECTION ( 'NONE',  ( -1.000000000000000000, 0.0000000000000000000, -0.0000000000000000000 ) ) ;
#953 = CARTESIAN_POINT ( 'NONE',  ( 0.1999999999999999300, 0.0000000000000000000, 3.787499999999999200 ) ) ;
#954 = DIRECTION ( 'NONE',  ( -0.0000000000000000000, -1.000000000000000000, -0.0000000000000000000 ) ) ;
#955 = AXIS2_PLACEMENT_3D ( 'NONE', #6818, #308, #6056 ) ;
#956 = VERTEX_POINT ( 'NONE', #8473 ) ;
#957 = CARTESIAN_POINT ( 'NONE',  ( 3.798999999999999500, 0.5010000000000000000, 4.588499999999999800 ) ) ;
#958 = AXIS2_PLACEMENT_3D ( 'NONE', #9263, #2035, #616 ) ;
#959 = ORIENTED_EDGE ( 'NONE', *, *, #8549, .T. ) ;
#960 = CARTESIAN_POINT ( 'NONE',  ( 0.0000000000000000000, 0.0000000000000000000, 5.787499999999999600 ) ) ;
#961 = ORIENTED_EDGE ( 'NONE', *, *, #3829, .T. ) ;
#962 = ADVANCED_FACE ( 'NONE', ( #3157 ), #8486, .T. ) ;
#963 = EDGE_LOOP ( 'NONE', ( #389, #5243, #4944, #6930 ) ) ;
#964 = CARTESIAN_POINT ( 'NONE',  ( 3.138397459621557100, 0.1499999999999999900, 5.557499999999999200 ) ) ;
#965 = FACE_OUTER_BOUND ( 'NONE', #689, .T. ) ;
#966 = ORIENTED_EDGE ( 'NONE', *, *, #1968, .F. ) ;
#967 = ORIENTED_EDGE ( 'NONE', *, *, #1907, .F. ) ;
#968 = FACE_OUTER_BOUND ( 'NONE', #8095, .T. ) ;
#969 = UNCERTAINTY_MEASURE_WITH_UNIT (LENGTH_MEASURE( 1.000000000000000100E-005 ), #9246, 'distance_accuracy_value', 'NONE');
#970 =( LENGTH_UNIT ( ) NAMED_UNIT ( * ) SI_UNIT ( .MILLI., .METRE. ) );
#971 = LINE ( 'NONE', #579, #7425 ) ;
#972 = EDGE_LOOP ( 'NONE', ( #5536, #4892, #6812, #6897 ) ) ;
#973 = STYLED_ITEM ( 'NONE', ( #3427 ), #2996 ) ;
#974 = FILL_AREA_STYLE_COLOUR ( '', #6525 ) ;
#975 = EDGE_LOOP ( 'NONE', ( #9005, #469 ) ) ;
#976 = AXIS2_PLACEMENT_3D ( 'NONE', #6397, #9331, #7011 ) ;
#977 = ORIENTED_EDGE ( 'NONE', *, *, #279, .T. ) ;
#978 = ORIENTED_EDGE ( 'NONE', *, *, #4229, .T. ) ;
#979 = VECTOR ( 'NONE', #2345, 1000.000000000000000 ) ;
#980 =( NAMED_UNIT ( * ) SI_UNIT ( $, .STERADIAN. ) SOLID_ANGLE_UNIT ( ) );
#981 = VECTOR ( 'NONE', #6415, 1000.000000000000000 ) ;
#982 = EDGE_CURVE ( 'NONE', #9310, #1422, #5851, .T. ) ;
#983 = ORIENTED_EDGE ( 'NONE', *, *, #3199, .T. ) ;
#984 = SURFACE_SIDE_STYLE ('',( #8551 ) ) ;
#985 = STYLED_ITEM ( 'NONE', ( #1118 ), #51 ) ;
#986 = FILL_AREA_STYLE ('',( #5285 ) ) ;
#987 = VERTEX_POINT ( 'NONE', #3302 ) ;
#988 = LINE ( 'NONE', #7083, #6062 ) ;
#989 = SURFACE_STYLE_USAGE ( .BOTH. , #8283 ) ;
#990 = LINE ( 'NONE', #1287, #5400 ) ;
#991 = ORIENTED_EDGE ( 'NONE', *, *, #9317, .T. ) ;
#992 = CARTESIAN_POINT ( 'NONE',  ( -4.338397459621555500, 0.1499999999999999900, 0.0000000000000000000 ) ) ;
#993 = EDGE_CURVE ( 'NONE', #7773, #1916, #3484, .T. ) ;
#994 = ADVANCED_FACE ( 'NONE', ( #5630 ), #1139, .F. ) ;
#995 = PLANE ( 'NONE',  #367 ) ;
#996 = VECTOR ( 'NONE', #7358, 1000.000000000000000 ) ;
#997 = DIRECTION ( 'NONE',  ( 0.0000000000000000000, 0.0000000000000000000, -1.000000000000000000 ) ) ;
#998 = DIRECTION ( 'NONE',  ( 0.0000000000000000000, -1.000000000000000000, 0.0000000000000000000 ) ) ;
#999 = PLANE ( 'NONE',  #702 ) ;
#1000 = MECHANICAL_DESIGN_GEOMETRIC_PRESENTATION_REPRESENTATION (  '', ( #153 ), #7807 ) ;
#1001 = ORIENTED_EDGE ( 'NONE', *, *, #2027, .T. ) ;
#1002 = CIRCLE ( 'NONE', #2954, 0.04999999999999969700 ) ;
#1003 = FACE_OUTER_BOUND ( 'NONE', #5525, .T. ) ;
#1004 = DIRECTION ( 'NONE',  ( -0.0000000000000000000, -1.000000000000000000, -0.0000000000000000000 ) ) ;
#1005 = EDGE_CURVE ( 'NONE', #1765, #3515, #2691, .T. ) ;
#1006 = ORIENTED_EDGE ( 'NONE', *, *, #2698, .F. ) ;
#1007 = ADVANCED_FACE ( 'NONE', ( #7553 ), #1206, .F. ) ;
#1008 = SURFACE_STYLE_FILL_AREA ( #4353 ) ;
#1009 = CARTESIAN_POINT ( 'NONE',  ( -4.900340192062548000, 0.4974258758392641800, -2.292229448648607000 ) ) ;
#1010 = CARTESIAN_POINT ( 'NONE',  ( -0.1999999999999999300, 0.5000000000000000000, 3.787499999999999200 ) ) ;
#1011 = ORIENTED_EDGE ( 'NONE', *, *, #7226, .T. ) ;
#1012 = DIRECTION ( 'NONE',  ( -0.05205003326639415900, -0.9931737993569248500, -0.1043867726673162200 ) ) ;
#1013 = CARTESIAN_POINT ( 'NONE',  ( -1.000000000000000000, 0.5000000000000000000, 0.0000000000000000000 ) ) ;
#1014 = VECTOR ( 'NONE', #6882, 1000.000000000000000 ) ;
#1015 = CARTESIAN_POINT ( 'NONE',  ( -4.285792174306890500, 2.299999999999999800, 0.0000000000000000000 ) ) ;
#1016 = CARTESIAN_POINT ( 'NONE',  ( 1.302243649053878900, 1.251850721331747600, 5.787499999999999600 ) ) ;
#1017 = PRESENTATION_LAYER_ASSIGNMENT (  '', '', ( #7009 ) ) ;
#1018 = DIRECTION ( 'NONE',  ( 1.000000000000000000, 0.0000000000000000000, 0.0000000000000000000 ) ) ;
#1019 = EDGE_CURVE ( 'NONE', #246, #8890, #5135, .T. ) ;
#1020 = ORIENTED_EDGE ( 'NONE', *, *, #3430, .F. ) ;
#1021 = CARTESIAN_POINT ( 'NONE',  ( -4.250000000000000000, 0.0000000000000000000, 0.9624999999999968000 ) ) ;
#1022 = UNCERTAINTY_MEASURE_WITH_UNIT (LENGTH_MEASURE( 1.000000000000000100E-005 ), #7607, 'distance_accuracy_value', 'NONE');
#1023 =( NAMED_UNIT ( * ) SI_UNIT ( $, .STERADIAN. ) SOLID_ANGLE_UNIT ( ) );
#1024 = DIRECTION ( 'NONE',  ( -0.0000000000000000000, 1.000000000000000000, -0.0000000000000000000 ) ) ;
#1025 = DIRECTION ( 'NONE',  ( 0.0000000000000000000, 0.0000000000000000000, 1.000000000000000000 ) ) ;
#1026 = VERTEX_POINT ( 'NONE', #6344 ) ;
#1027 = LINE ( 'NONE', #9106, #1802 ) ;
#1028 = AXIS2_PLACEMENT_3D ( 'NONE', #4215, #2814, #3481 ) ;
#1029 = MECHANICAL_DESIGN_GEOMETRIC_PRESENTATION_REPRESENTATION (  '', ( #1340 ), #9279 ) ;
#1030 = DIRECTION ( 'NONE',  ( 0.0000000000000000000, -0.0000000000000000000, 1.000000000000000000 ) ) ;
#1031 = DIRECTION ( 'NONE',  ( -0.8660254037844346000, 0.5000000000000069900, 0.0000000000000000000 ) ) ;
#1032 = ORIENTED_EDGE ( 'NONE', *, *, #7661, .T. ) ;
#1033 = LINE ( 'NONE', #7381, #2607 ) ;
#1034 = EDGE_LOOP ( 'NONE', ( #1888, #791, #7237, #3085 ) ) ;
#1035 = CARTESIAN_POINT ( 'NONE',  ( 0.1999999999999999300, 0.5000000000000000000, 5.787499999999999600 ) ) ;
#1036 = CARTESIAN_POINT ( 'NONE',  ( 4.950000000000001100, 0.4999999999998842000, 5.187499999999999100 ) ) ;
#1037 = EDGE_CURVE ( 'NONE', #1341, #4156, #1221, .T. ) ;
#1038 = DIRECTION ( 'NONE',  ( -1.000000000000000000, 0.0000000000000000000, 0.0000000000000000000 ) ) ;
#1039 = ADVANCED_FACE ( 'NONE', ( #877 ), #6403, .T. ) ;
#1040 = ORIENTED_EDGE ( 'NONE', *, *, #6791, .T. ) ;
#1041 = CARTESIAN_POINT ( 'NONE',  ( 4.810701017356765700, 2.207843220975529900, -2.472001555694303100 ) ) ;
#1042 = PRESENTATION_STYLE_ASSIGNMENT (( #8202 ) ) ;
#1043 = DIRECTION ( 'NONE',  ( 0.0000000000000000000, -0.0000000000000000000, -1.000000000000000000 ) ) ;
#1044 = CARTESIAN_POINT ( 'NONE',  ( -4.849999999999999600, 0.01999999999999999700, 5.087499999999999500 ) ) ;
#1045 = CARTESIAN_POINT ( 'NONE',  ( -2.598999999999999800, 0.01999999999999999700, 3.786499999999998900 ) ) ;
#1046 = EDGE_CURVE ( 'NONE', #9019, #5928, #8808, .T. ) ;
#1047 = DIRECTION ( 'NONE',  ( -0.0000000000000000000, 0.0000000000000000000, -1.000000000000000000 ) ) ;
#1048 = ORIENTED_EDGE ( 'NONE', *, *, #5647, .F. ) ;
#1049 = VECTOR ( 'NONE', #1234, 1000.000000000000000 ) ;
#1050 = DIRECTION ( 'NONE',  ( 1.000000000000000000, 0.0000000000000000000, 0.0000000000000000000 ) ) ;
#1051 = LINE ( 'NONE', #7713, #8105 ) ;
#1052 = DIRECTION ( 'NONE',  ( -1.000000000000000000, 0.0000000000000000000, -0.0000000000000000000 ) ) ;
#1053 = LINE ( 'NONE', #594, #2519 ) ;
#1054 = LINE ( 'NONE', #8444, #4756 ) ;
#1055 = CIRCLE ( 'NONE', #564, 1.500000000000000200 ) ;
#1056 = ORIENTED_EDGE ( 'NONE', *, *, #6035, .T. ) ;
#1057 = ORIENTED_EDGE ( 'NONE', *, *, #3430, .T. ) ;
#1058 = EDGE_CURVE ( 'NONE', #9288, #6394, #527, .T. ) ;
#1059 = CARTESIAN_POINT ( 'NONE',  ( -1.574999999999999500, 0.0000000000000000000, 5.557499999999999200 ) ) ;
#1060 = DIRECTION ( 'NONE',  ( -0.0000000000000000000, -1.000000000000000000, -0.0000000000000000000 ) ) ;
#1061 =( NAMED_UNIT ( * ) PLANE_ANGLE_UNIT ( ) SI_UNIT ( $, .RADIAN. ) );
#1062 = CARTESIAN_POINT ( 'NONE',  ( 4.860632494094494000, 2.205233595624294100, -4.998269540619038900 ) ) ;
#1063 = VECTOR ( 'NONE', #8469, 1000.000000000000000 ) ;
#1065 = ORIENTED_EDGE ( 'NONE', *, *, #8524, .T. ) ;
#1064 = CARTESIAN_POINT ( 'NONE',  ( 1.001000000000000100, 0.02000000000000018100, 5.137499999999998400 ) ) ;
#1066 = ORIENTED_EDGE ( 'NONE', *, *, #4399, .T. ) ;
#1067 = VECTOR ( 'NONE', #7068, 1000.000000000000000 ) ;
#1068 = ORIENTED_EDGE ( 'NONE', *, *, #4674, .F. ) ;
#1069 = STYLED_ITEM ( 'NONE', ( #7239 ), #6231 ) ;
#1070 = EDGE_CURVE ( 'NONE', #5293, #2118, #196, .T. ) ;
#1071 = UNCERTAINTY_MEASURE_WITH_UNIT (LENGTH_MEASURE( 1.000000000000000100E-005 ), #1310, 'distance_accuracy_value', 'NONE');
#1072 = DIRECTION ( 'NONE',  ( 5.204170427930452800E-014, 0.0000000000000000000, 1.000000000000000000 ) ) ;
#1073 = EDGE_LOOP ( 'NONE', ( #3123, #7914, #4999, #2513, #6735, #3026, #7642, #1011 ) ) ;
#1074 = ORIENTED_EDGE ( 'NONE', *, *, #8796, .F. ) ;
#1075 = VECTOR ( 'NONE', #5225, 1000.000000000000000 ) ;
#1076 = PLANE ( 'NONE',  #1252 ) ;
#1077 = DIRECTION ( 'NONE',  ( 0.0000000000000000000, -1.000000000000000000, 0.0000000000000000000 ) ) ;
#1078 = DIRECTION ( 'NONE',  ( 0.0000000000000000000, 0.0000000000000000000, 1.000000000000000000 ) ) ;
#1079 =( GEOMETRIC_REPRESENTATION_CONTEXT ( 3 ) GLOBAL_UNCERTAINTY_ASSIGNED_CONTEXT ( ( #8023 ) ) GLOBAL_UNIT_ASSIGNED_CONTEXT ( ( #4752, #1830, #8398 ) ) REPRESENTATION_CONTEXT ( 'NONE', 'WORKASPACE' ) );
#1080 = CARTESIAN_POINT ( 'NONE',  ( -4.809231030069395500, 2.235892249335057700, 1.189949627369976300 ) ) ;
#1081 =( GEOMETRIC_REPRESENTATION_CONTEXT ( 3 ) GLOBAL_UNCERTAINTY_ASSIGNED_CONTEXT ( ( #1071 ) ) GLOBAL_UNIT_ASSIGNED_CONTEXT ( ( #1310, #3875, #525 ) ) REPRESENTATION_CONTEXT ( 'NONE', 'WORKASPACE' ) );
#1082 = DIRECTION ( 'NONE',  ( -1.000000000000000000, 0.0000000000000000000, -0.0000000000000000000 ) ) ;
#1083 = ORIENTED_EDGE ( 'NONE', *, *, #1360, .T. ) ;
#1084 = ORIENTED_EDGE ( 'NONE', *, *, #7938, .T. ) ;
#1085 = FACE_OUTER_BOUND ( 'NONE', #140, .T. ) ;
#1086 = DIRECTION ( 'NONE',  ( 0.0000000000000000000, 0.0000000000000000000, 1.000000000000000000 ) ) ;
#1087 = UNCERTAINTY_MEASURE_WITH_UNIT (LENGTH_MEASURE( 1.000000000000000100E-005 ), #7005, 'distance_accuracy_value', 'NONE');
#1088 = ADVANCED_FACE ( 'NONE', ( #3150 ), #671, .T. ) ;
#1089 = ORIENTED_EDGE ( 'NONE', *, *, #4276, .T. ) ;
#1090 = EDGE_CURVE ( 'NONE', #6276, #3599, #988, .T. ) ;
#1091 = PLANE ( 'NONE',  #6841 ) ;
#1092 = VERTEX_POINT ( 'NONE', #5726 ) ;
#1093 = VECTOR ( 'NONE', #7242, 1000.000000000000000 ) ;
#1094 = AXIS2_PLACEMENT_3D ( 'NONE', #3903, #3225, #878 ) ;
#1095 = LINE ( 'NONE', #1948, #872 ) ;
#1096 = ORIENTED_EDGE ( 'NONE', *, *, #4355, .F. ) ;
#1097 = DIRECTION ( 'NONE',  ( 0.0000000000000000000, 0.0000000000000000000, 1.000000000000000000 ) ) ;
#1098 = DIRECTION ( 'NONE',  ( 0.0000000000000000000, 1.000000000000000000, 0.0000000000000000000 ) ) ;
#1099 = VERTEX_POINT ( 'NONE', #7865 ) ;
#1100 = EDGE_CURVE ( 'NONE', #5714, #9310, #6291, .T. ) ;
#1101 = DIRECTION ( 'NONE',  ( 1.000000000000000000, 0.0000000000000000000, 0.0000000000000000000 ) ) ;
#1102 = FACE_OUTER_BOUND ( 'NONE', #2122, .T. ) ;
#1103 = SURFACE_STYLE_USAGE ( .BOTH. , #3970 ) ;
#1104 = ORIENTED_EDGE ( 'NONE', *, *, #5210, .T. ) ;
#1105 = CARTESIAN_POINT ( 'NONE',  ( 4.731000000000000800, 0.5010000000000000000, -2.292605104235265800 ) ) ;
#1106 =( NAMED_UNIT ( * ) SI_UNIT ( $, .STERADIAN. ) SOLID_ANGLE_UNIT ( ) );
#1107 = FACE_OUTER_BOUND ( 'NONE', #6805, .T. ) ;
#1108 = FILL_AREA_STYLE_COLOUR ( '', #5051 ) ;
#1109 =( GEOMETRIC_REPRESENTATION_CONTEXT ( 3 ) GLOBAL_UNCERTAINTY_ASSIGNED_CONTEXT ( ( #2648 ) ) GLOBAL_UNIT_ASSIGNED_CONTEXT ( ( #2886, #4345, #36 ) ) REPRESENTATION_CONTEXT ( 'NONE', 'WORKASPACE' ) );
#1110 = VERTEX_POINT ( 'NONE', #2849 ) ;
#1111 = PLANE ( 'NONE',  #4426 ) ;
#1112 = EDGE_CURVE ( 'NONE', #1992, #4953, #3698, .T. ) ;
#1113 = CARTESIAN_POINT ( 'NONE',  ( 4.601000000000000000, 0.5010000000000000000, 3.786499999999998900 ) ) ;
#1114 = LINE ( 'NONE', #2689, #8609 ) ;
#1115 = CARTESIAN_POINT ( 'NONE',  ( 4.950000000000001100, 2.299999999999999800, 5.087499999999998600 ) ) ;
#1116 = APPLICATION_PROTOCOL_DEFINITION ( 'draft international standard', 'automotive_design', 1998, #6964 ) ;
#1117 = DIRECTION ( 'NONE',  ( -0.0000000000000000000, -1.000000000000000000, -0.0000000000000000000 ) ) ;
#1118 = PRESENTATION_STYLE_ASSIGNMENT (( #1412 ) ) ;
#1119 = CARTESIAN_POINT ( 'NONE',  ( 0.0000000000000000000, 0.5000000000000000000, -5.587500000000003000 ) ) ;
#1120 = LINE ( 'NONE', #144, #6662 ) ;
#1121 = CARTESIAN_POINT ( 'NONE',  ( 4.251000000000000300, 0.01999999999999999700, 0.9634999999999968000 ) ) ;
#1122 = ORIENTED_EDGE ( 'NONE', *, *, #2728, .F. ) ;
#1123 = EDGE_CURVE ( 'NONE', #8228, #4339, #1553, .T. ) ;
#1124 = FILL_AREA_STYLE ('',( #426 ) ) ;
#1125 = DIRECTION ( 'NONE',  ( 1.000000000000000000, 0.0000000000000000000, -0.0000000000000000000 ) ) ;
#1126 = CARTESIAN_POINT ( 'NONE',  ( -4.731000000000000800, 0.5000000000000000000, 0.8574999999999997100 ) ) ;
#1127 = VECTOR ( 'NONE', #8662, 1000.000000000000000 ) ;
#1128 = ADVANCED_FACE ( 'NONE', ( #4138 ), #7115, .T. ) ;
#1129 = VECTOR ( 'NONE', #6913, 1000.000000000000000 ) ;
#1130 = CARTESIAN_POINT ( 'NONE',  ( -4.949999999999988600, 0.5000000000000000000, -2.313177747679608000 ) ) ;
#1131 = FILL_AREA_STYLE_COLOUR ( '', #4197 ) ;
#1132 = CIRCLE ( 'NONE', #8750, 0.04999999999999969700 ) ;
#1133 = AXIS2_PLACEMENT_3D ( 'NONE', #4527, #5206, #2398 ) ;
#1134 = ORIENTED_EDGE ( 'NONE', *, *, #570, .T. ) ;
#1135 =( LENGTH_UNIT ( ) NAMED_UNIT ( * ) SI_UNIT ( .MILLI., .METRE. ) );
#1136 = UNCERTAINTY_MEASURE_WITH_UNIT (LENGTH_MEASURE( 1.000000000000000100E-005 ), #7977, 'distance_accuracy_value', 'NONE');
#1137 = VECTOR ( 'NONE', #100, 1000.000000000000000 ) ;
#1138 = ORIENTED_EDGE ( 'NONE', *, *, #7159, .T. ) ;
#1139 = PLANE ( 'NONE',  #8483 ) ;
#1140 = VECTOR ( 'NONE', #3926, 1000.000000000000000 ) ;
#1141 = CARTESIAN_POINT ( 'NONE',  ( 4.850000000000000500, 2.299999999999999800, 5.187499999999999100 ) ) ;
#1142 = VECTOR ( 'NONE', #307, 1000.000000000000000 ) ;
#1143 = ADVANCED_FACE ( 'NONE', ( #8477 ), #8745, .F. ) ;
#1144 = DIRECTION ( 'NONE',  ( 1.000000000000000000, 0.0000000000000000000, -0.0000000000000000000 ) ) ;
#1145 =( LENGTH_UNIT ( ) NAMED_UNIT ( * ) SI_UNIT ( .MILLI., .METRE. ) );
#1146 = ORIENTED_EDGE ( 'NONE', *, *, #7197, .T. ) ;
#1147 = FACE_OUTER_BOUND ( 'NONE', #1844, .T. ) ;
#1148 = PRESENTATION_LAYER_ASSIGNMENT (  '', '', ( #1340 ) ) ;
#1149 = COLOUR_RGB ( '',0.7529411764705882200, 0.7529411764705882200, 0.7529411764705882200 ) ;
#1150 = DIRECTION ( 'NONE',  ( 0.0000000000000000000, 0.0000000000000000000, 1.000000000000000000 ) ) ;
#1151 = CARTESIAN_POINT ( 'NONE',  ( 4.731000000000000800, 0.5010000000000000000, -2.298500000000003300 ) ) ;
#1152 = DIRECTION ( 'NONE',  ( 1.000000000000000000, 0.0000000000000000000, 0.0000000000000000000 ) ) ;
#1153 = PRESENTATION_STYLE_ASSIGNMENT (( #1235 ) ) ;
#1154 = CARTESIAN_POINT ( 'NONE',  ( 3.400000000000000400, 0.5000000000000000000, 5.787499999999999600 ) ) ;
#1155 = EDGE_CURVE ( 'NONE', #3130, #1249, #8697, .T. ) ;
#1156 = ORIENTED_EDGE ( 'NONE', *, *, #9148, .F. ) ;
#1157 =( GEOMETRIC_REPRESENTATION_CONTEXT ( 3 ) GLOBAL_UNCERTAINTY_ASSIGNED_CONTEXT ( ( #2889 ) ) GLOBAL_UNIT_ASSIGNED_CONTEXT ( ( #3836, #8451, #6229 ) ) REPRESENTATION_CONTEXT ( 'NONE', 'WORKASPACE' ) );
#1158 = CARTESIAN_POINT ( 'NONE',  ( -0.8250000000000001800, 0.1499999999999999900, 5.787499999999999600 ) ) ;
#1159 = VECTOR ( 'NONE', #5962, 1000.000000000000000 ) ;
#1160 = DIRECTION ( 'NONE',  ( -0.0000000000000000000, -1.000000000000000000, -0.0000000000000000000 ) ) ;
#1161 = SURFACE_STYLE_FILL_AREA ( #5592 ) ;
#1162 = CARTESIAN_POINT ( 'NONE',  ( -4.742812232984607400, 2.547879437140439900, 5.080175186460064800 ) ) ;
#1163 = AXIS2_PLACEMENT_3D ( 'NONE', #4235, #649, #4255 ) ;
#1164 = ORIENTED_EDGE ( 'NONE', *, *, #601, .T. ) ;
#1165 = VECTOR ( 'NONE', #3940, 1000.000000000000000 ) ;
#1166 = ORIENTED_EDGE ( 'NONE', *, *, #8342, .F. ) ;
#1167 = CARTESIAN_POINT ( 'NONE',  ( 4.424999999999999800, 0.0000000000000000000, 5.787499999999999600 ) ) ;
#1168 = SURFACE_STYLE_USAGE ( .BOTH. , #1854 ) ;
#1169 = EDGE_CURVE ( 'NONE', #5296, #3680, #4808, .T. ) ;
#1170 = VECTOR ( 'NONE', #5531, 1000.000000000000000 ) ;
#1171 = VERTEX_POINT ( 'NONE', #8809 ) ;
#1172 = PRESENTATION_STYLE_ASSIGNMENT (( #7256 ) ) ;
#1173 = VECTOR ( 'NONE', #6556, 1000.000000000000000 ) ;
#1174 = CARTESIAN_POINT ( 'NONE',  ( 4.850137046524543500, 0.4999999999998839800, 5.187499999999999100 ) ) ;
#1175 = ORIENTED_EDGE ( 'NONE', *, *, #2487, .T. ) ;
#1176 = LINE ( 'NONE', #7805, #8893 ) ;
#1177 = CARTESIAN_POINT ( 'NONE',  ( -1.399000000000000000, 0.5010000000000000000, 3.786499999999998900 ) ) ;
#1178 =( NAMED_UNIT ( * ) PLANE_ANGLE_UNIT ( ) SI_UNIT ( $, .RADIAN. ) );
#1179 = DIRECTION ( 'NONE',  ( 0.0000000000000000000, -1.000000000000000000, 0.0000000000000000000 ) ) ;
#1180 = ADVANCED_FACE ( 'NONE', ( #8689 ), #4434, .T. ) ;
#1181 = STYLED_ITEM ( 'NONE', ( #4739 ), #5829 ) ;
#1182 = ORIENTED_EDGE ( 'NONE', *, *, #3971, .F. ) ;
#1183 = VERTEX_POINT ( 'NONE', #7959 ) ;
#1184 = SURFACE_STYLE_FILL_AREA ( #6926 ) ;
#1185 =( NAMED_UNIT ( * ) SI_UNIT ( $, .STERADIAN. ) SOLID_ANGLE_UNIT ( ) );
#1186 = EDGE_CURVE ( 'NONE', #8175, #6305, #5951, .T. ) ;
#1187 = DIRECTION ( 'NONE',  ( -1.000000000000000000, 0.0000000000000000000, 0.0000000000000000000 ) ) ;
#1188 = ORIENTED_EDGE ( 'NONE', *, *, #6182, .T. ) ;
#1189 =( NAMED_UNIT ( * ) SI_UNIT ( $, .STERADIAN. ) SOLID_ANGLE_UNIT ( ) );
#1190 = VERTEX_POINT ( 'NONE', #1485 ) ;
#1191 = CARTESIAN_POINT ( 'NONE',  ( 4.860360825294212500, 2.210417345136266300, 1.187272107045695700 ) ) ;
#1192 = ORIENTED_EDGE ( 'NONE', *, *, #8098, .T. ) ;
#1193 = EDGE_LOOP ( 'NONE', ( #3533, #6246, #8135, #6337 ) ) ;
#1194 = VECTOR ( 'NONE', #5467, 1000.000000000000000 ) ;
#1195 = CARTESIAN_POINT ( 'NONE',  ( -4.742812232984607400, 2.542645841516145900, 4.980312232984607200 ) ) ;
#1196 = CARTESIAN_POINT ( 'NONE',  ( -3.700000000000001100, 0.0000000000000000000, -5.887500000000002800 ) ) ;
#1197 = LINE ( 'NONE', #7314, #8025 ) ;
#1198 = ORIENTED_EDGE ( 'NONE', *, *, #5541, .T. ) ;
#1199 = CARTESIAN_POINT ( 'NONE',  ( -4.949919827888305900, 0.5015292516873894900, 5.146088404399197500 ) ) ;
#1200 = FILL_AREA_STYLE_COLOUR ( '', #4877 ) ;
#1201 = EDGE_CURVE ( 'NONE', #1295, #8560, #4020, .T. ) ;
#1202 = EDGE_LOOP ( 'NONE', ( #1349, #3995, #5629, #916 ) ) ;
#1203 = CARTESIAN_POINT ( 'NONE',  ( -0.1989999999999999300, 0.5010000000000000000, 3.786499999999998900 ) ) ;
#1204 = ORIENTED_EDGE ( 'NONE', *, *, #4951, .T. ) ;
#1205 = VERTEX_POINT ( 'NONE', #2879 ) ;
#1206 = PLANE ( 'NONE',  #1972 ) ;
#1207 = ORIENTED_EDGE ( 'NONE', *, *, #6365, .F. ) ;
#1208 = LINE ( 'NONE', #3496, #1879 ) ;
#1209 =( GEOMETRIC_REPRESENTATION_CONTEXT ( 3 ) GLOBAL_UNCERTAINTY_ASSIGNED_CONTEXT ( ( #1672 ) ) GLOBAL_UNIT_ASSIGNED_CONTEXT ( ( #1256, #8518, #4866 ) ) REPRESENTATION_CONTEXT ( 'NONE', 'WORKASPACE' ) );
#1210 =( GEOMETRIC_REPRESENTATION_CONTEXT ( 3 ) GLOBAL_UNCERTAINTY_ASSIGNED_CONTEXT ( ( #8241 ) ) GLOBAL_UNIT_ASSIGNED_CONTEXT ( ( #7749, #8423, #8490 ) ) REPRESENTATION_CONTEXT ( 'NONE', 'WORKASPACE' ) );
#1211 = DIRECTION ( 'NONE',  ( -1.000000000000000000, 0.0000000000000000000, 0.0000000000000000000 ) ) ;
#1212 = DIRECTION ( 'NONE',  ( 0.0000000000000000000, -0.0000000000000000000, 1.000000000000000000 ) ) ;
#1213 = ORIENTED_EDGE ( 'NONE', *, *, #5142, .T. ) ;
#1214 = PRESENTATION_STYLE_ASSIGNMENT (( #5779 ) ) ;
#1215 = EDGE_CURVE ( 'NONE', #1614, #4156, #7780, .T. ) ;
#1216 = FILL_AREA_STYLE_COLOUR ( '', #9280 ) ;
#1217 = CARTESIAN_POINT ( 'NONE',  ( 4.250000000000000000, 0.0000000000000000000, -4.987500000000002500 ) ) ;
#1218 = CARTESIAN_POINT ( 'NONE',  ( 0.0000000000000000000, 0.0000000000000000000, 0.0000000000000000000 ) ) ;
#1219 = AXIS2_PLACEMENT_3D ( 'NONE', #8623, #5731, #5759 ) ;
#1220 = ORIENTED_EDGE ( 'NONE', *, *, #8811, .T. ) ;
#1221 = LINE ( 'NONE', #2021, #4595 ) ;
#1222 = CARTESIAN_POINT ( 'NONE',  ( -4.949999999999999300, 0.4999999999998839800, 5.187499999999999100 ) ) ;
#1223 = DIRECTION ( 'NONE',  ( 0.0000000000000000000, 0.0000000000000000000, -1.000000000000000000 ) ) ;
#1224 = VECTOR ( 'NONE', #4362, 1000.000000000000000 ) ;
#1225 = SURFACE_STYLE_USAGE ( .BOTH. , #9236 ) ;
#1226 = VERTEX_POINT ( 'NONE', #3627 ) ;
#1227 = DIRECTION ( 'NONE',  ( 1.000000000000000000, 0.0000000000000000000, -0.0000000000000000000 ) ) ;
#1228 = DIRECTION ( 'NONE',  ( 0.0000000000000000000, 0.0000000000000000000, -1.000000000000000000 ) ) ;
#1229 = ADVANCED_FACE ( 'NONE', ( #8917 ), #4303, .F. ) ;
#1230 = EDGE_CURVE ( 'NONE', #273, #16, #3140, .T. ) ;
#1231 = DIRECTION ( 'NONE',  ( 0.0000000000000000000, 0.0000000000000000000, 1.000000000000000000 ) ) ;
#1232 = ORIENTED_EDGE ( 'NONE', *, *, #9024, .F. ) ;
#1233 = LINE ( 'NONE', #9290, #8714 ) ;
#1234 = DIRECTION ( 'NONE',  ( 1.000000000000000000, -0.0000000000000000000, 0.0000000000000000000 ) ) ;
#1235 = SURFACE_STYLE_USAGE ( .BOTH. , #9178 ) ;
#1236 =( NAMED_UNIT ( * ) PLANE_ANGLE_UNIT ( ) SI_UNIT ( $, .RADIAN. ) );
#1237 = DIRECTION ( 'NONE',  ( 0.0000000000000000000, 0.0000000000000000000, 1.000000000000000000 ) ) ;
#1238 = ORIENTED_EDGE ( 'NONE', *, *, #2137, .F. ) ;
#1239 = COLOUR_RGB ( '',0.7529411764705882200, 0.7529411764705882200, 0.7529411764705882200 ) ;
#1240 =( NAMED_UNIT ( * ) PLANE_ANGLE_UNIT ( ) SI_UNIT ( $, .RADIAN. ) );
#1241 = VERTEX_POINT ( 'NONE', #66 ) ;
#1242 = PLANE ( 'NONE',  #4270 ) ;
#1243 = ADVANCED_FACE ( 'NONE', ( #4470 ), #869, .T. ) ;
#1244 = LINE ( 'NONE', #1792, #1014 ) ;
#1245 = FILL_AREA_STYLE_COLOUR ( '', #8772 ) ;
#1246 = EDGE_CURVE ( 'NONE', #4094, #3535, #8354, .T. ) ;
#1247 = LINE ( 'NONE', #2217, #6208 ) ;
#1248 = DIRECTION ( 'NONE',  ( -1.000000000000000000, 0.0000000000000000000, -0.0000000000000000000 ) ) ;
#1249 = VERTEX_POINT ( 'NONE', #1683 ) ;
#1250 = DIRECTION ( 'NONE',  ( -0.0000000000000000000, -1.000000000000000000, -0.0000000000000000000 ) ) ;
#1251 = CARTESIAN_POINT ( 'NONE',  ( -2.201000000000000100, 2.299999999999999800, 5.187499999999999100 ) ) ;
#1252 = AXIS2_PLACEMENT_3D ( 'NONE', #7589, #7623, #434 ) ;
#1253 = COLOUR_RGB ( '',0.7529411764705882200, 0.7529411764705882200, 0.7529411764705882200 ) ;
#1254 = EDGE_LOOP ( 'NONE', ( #8635, #5939, #103, #4483, #6051, #3246 ) ) ;
#1255 = DIRECTION ( 'NONE',  ( 1.672022627447524700E-016, -0.0000000000000000000, 1.000000000000000000 ) ) ;
#1256 =( LENGTH_UNIT ( ) NAMED_UNIT ( * ) SI_UNIT ( .MILLI., .METRE. ) );
#1257 = CARTESIAN_POINT ( 'NONE',  ( 2.201000000000000100, 0.5010000000000000000, 4.588499999999999800 ) ) ;
#1258 = CARTESIAN_POINT ( 'NONE',  ( 4.251000000000000300, 0.5010000000000000000, 1.103499999999997500 ) ) ;
#1259 = EDGE_CURVE ( 'NONE', #4398, #30, #2563, .T. ) ;
#1260 = DIRECTION ( 'NONE',  ( -0.0000000000000000000, 0.9986295347545740600, -0.05233595624294079500 ) ) ;
#1261 = B_SPLINE_CURVE_WITH_KNOTS ( 'NONE', 3,
 ( #6406, #2119, #5784, #7156, #639, #7186, #2853, #5697, #8007, #1369 ),
 .UNSPECIFIED., .F., .F.,
 ( 4, 3, 3, 4 ),
 ( 1.088641841722223800E-005, 1.863636467038819500E-005, 3.168716058432924400E-005, 3.605009654886130800E-005 ),
 .UNSPECIFIED. ) ;
#1262 = LINE ( 'NONE', #5031, #7481 ) ;
#1263 = ORIENTED_EDGE ( 'NONE', *, *, #4591, .F. ) ;
#1264 = CARTESIAN_POINT ( 'NONE',  ( 4.251000000000000300, 0.5010000000000000000, -2.598500000000003100 ) ) ;
#1265 = LINE ( 'NONE', #8445, #2731 ) ;
#1266 = VERTEX_POINT ( 'NONE', #8839 ) ;
#1267 = DIRECTION ( 'NONE',  ( 0.0000000000000000000, 0.0000000000000000000, 1.000000000000000000 ) ) ;
#1268 = SURFACE_STYLE_USAGE ( .BOTH. , #4939 ) ;
#1269 =( LENGTH_UNIT ( ) NAMED_UNIT ( * ) SI_UNIT ( .MILLI., .METRE. ) );
#1270 = MECHANICAL_DESIGN_GEOMETRIC_PRESENTATION_REPRESENTATION (  '', ( #4813 ), #5320 ) ;
#1271 = FILL_AREA_STYLE_COLOUR ( '', #2453 ) ;
#1272 = ORIENTED_EDGE ( 'NONE', *, *, #7028, .T. ) ;
#1273 = CARTESIAN_POINT ( 'NONE',  ( -4.949999999999999300, 0.5010000000000000000, -2.292605104235265800 ) ) ;
#1274 = DIRECTION ( 'NONE',  ( 0.0000000000000000000, 0.0000000000000000000, 1.000000000000000000 ) ) ;
#1275 = CARTESIAN_POINT ( 'NONE',  ( -4.251000000000000300, 0.02000000000000000000, 0.0000000000000000000 ) ) ;
#1276 = EDGE_CURVE ( 'NONE', #8189, #4363, #6396, .T. ) ;
#1277 = CARTESIAN_POINT ( 'NONE',  ( 0.5999999999999998700, 0.5000000000000000000, -5.587500000000003000 ) ) ;
#1278 = AXIS2_PLACEMENT_3D ( 'NONE', #1326, #8548, #1411 ) ;
#1279 = AXIS2_PLACEMENT_3D ( 'NONE', #2367, #207, #1759 ) ;
#1280 = ORIENTED_EDGE ( 'NONE', *, *, #4960, .F. ) ;
#1281 = SURFACE_STYLE_FILL_AREA ( #628 ) ;
#1282 = DIRECTION ( 'NONE',  ( -1.000000000000000000, 0.0000000000000000000, 0.0000000000000000000 ) ) ;
#1283 = LINE ( 'NONE', #6036, #8766 ) ;
#1284 =( NAMED_UNIT ( * ) PLANE_ANGLE_UNIT ( ) SI_UNIT ( $, .RADIAN. ) );
#1285 = CARTESIAN_POINT ( 'NONE',  ( -3.225000000000000500, 0.1499999999999999900, 5.557499999999999200 ) ) ;
#1286 = CARTESIAN_POINT ( 'NONE',  ( 4.949999999999999300, 0.07000000000000018700, -5.187500000000000900 ) ) ;
#1287 = CARTESIAN_POINT ( 'NONE',  ( 0.1989999999999999300, 0.5010000000000000000, 3.786499999999998900 ) ) ;
#1288 = EDGE_CURVE ( 'NONE', #1422, #5341, #2676, .T. ) ;
#1289 = CARTESIAN_POINT ( 'NONE',  ( -4.950000000000001100, 2.299999999999999800, -5.187500000000000900 ) ) ;
#1290 = ORIENTED_EDGE ( 'NONE', *, *, #6303, .F. ) ;
#1291 = VECTOR ( 'NONE', #1211, 1000.000000000000000 ) ;
#1292 = FILL_AREA_STYLE ('',( #4870 ) ) ;
#1293 = ORIENTED_EDGE ( 'NONE', *, *, #2557, .F. ) ;
#1294 = FACE_OUTER_BOUND ( 'NONE', #1851, .T. ) ;
#1295 = VERTEX_POINT ( 'NONE', #213 ) ;
#1296 = ADVANCED_FACE ( 'NONE', ( #2108 ), #1583, .T. ) ;
#1297 = CARTESIAN_POINT ( 'NONE',  ( 4.760769540619038200, 2.200000000000000200, 4.998269540619037200 ) ) ;
#1298 = DIRECTION ( 'NONE',  ( 0.0000000000000000000, -1.000000000000000000, 0.0000000000000000000 ) ) ;
#1299 = CARTESIAN_POINT ( 'NONE',  ( -4.949999999999999300, 2.255226423163382500, -2.476981730924696600 ) ) ;
#1300 = AXIS2_PLACEMENT_3D ( 'NONE', #4537, #7466, #249 ) ;
#1301 = VERTEX_POINT ( 'NONE', #5241 ) ;
#1302 = DIRECTION ( 'NONE',  ( 0.0000000000000000000, -0.0000000000000000000, 1.000000000000000000 ) ) ;
#1303 = ORIENTED_EDGE ( 'NONE', *, *, #1794, .F. ) ;
#1304 = PRESENTATION_STYLE_ASSIGNMENT (( #7465 ) ) ;
#1305 = DIRECTION ( 'NONE',  ( -0.0000000000000000000, 0.0000000000000000000, -1.000000000000000000 ) ) ;
#1306 = ORIENTED_EDGE ( 'NONE', *, *, #7396, .F. ) ;
#1307 = VERTEX_POINT ( 'NONE', #8255 ) ;
#1308 = EDGE_CURVE ( 'NONE', #4363, #2508, #758, .T. ) ;
#1309 = FILL_AREA_STYLE_COLOUR ( '', #3478 ) ;
#1310 =( LENGTH_UNIT ( ) NAMED_UNIT ( * ) SI_UNIT ( .MILLI., .METRE. ) );
#1311 = VERTEX_POINT ( 'NONE', #5280 ) ;
#1312 = ORIENTED_EDGE ( 'NONE', *, *, #3521, .F. ) ;
#1313 = VECTOR ( 'NONE', #7230, 1000.000000000000000 ) ;
#1314 = CARTESIAN_POINT ( 'NONE',  ( -3.401000000000000200, 0.5010000000000000000, 3.786499999999998900 ) ) ;
#1315 = MECHANICAL_DESIGN_GEOMETRIC_PRESENTATION_REPRESENTATION (  '', ( #6500 ), #2141 ) ;
#1316 = ORIENTED_EDGE ( 'NONE', *, *, #3632, .T. ) ;
#1317 = ORIENTED_EDGE ( 'NONE', *, *, #3446, .T. ) ;
#1318 = PLANE ( 'NONE',  #1814 ) ;
#1319 = EDGE_CURVE ( 'NONE', #7071, #167, #1872, .T. ) ;
#1320 = VERTEX_POINT ( 'NONE', #915 ) ;
#1321 = FILL_AREA_STYLE_COLOUR ( '', #8282 ) ;
#1322 = AXIS2_PLACEMENT_3D ( 'NONE', #2755, #1365, #4914 ) ;
#1323 = LINE ( 'NONE', #1929, #7312 ) ;
#1324 = CARTESIAN_POINT ( 'NONE',  ( 4.813257048013641200, 2.300000000000000700, 1.241707820177558200 ) ) ;
#1325 = ORIENTED_EDGE ( 'NONE', *, *, #8181, .T. ) ;
#1326 = CARTESIAN_POINT ( 'NONE',  ( -4.900000000000000400, 0.5000000000000000000, 0.0000000000000000000 ) ) ;
#1327 = MECHANICAL_DESIGN_GEOMETRIC_PRESENTATION_REPRESENTATION (  '', ( #2906 ), #463 ) ;
#1328 = CARTESIAN_POINT ( 'NONE',  ( 2.598999999999999800, 2.299999999999999800, 5.187499999999999100 ) ) ;
#1329 = AXIS2_PLACEMENT_3D ( 'NONE', #9232, #2680, #4238 ) ;
#1330 = ORIENTED_EDGE ( 'NONE', *, *, #3850, .T. ) ;
#1331 = UNCERTAINTY_MEASURE_WITH_UNIT (LENGTH_MEASURE( 1.000000000000000100E-005 ), #8060, 'distance_accuracy_value', 'NONE');
#1332 = DIRECTION ( 'NONE',  ( 0.1045284632676536900, -0.9945218953682734000, 0.0000000000000000000 ) ) ;
#1333 = LINE ( 'NONE', #6701, #2801 ) ;
#1334 = SURFACE_SIDE_STYLE ('',( #4308 ) ) ;
#1335 = EDGE_CURVE ( 'NONE', #7835, #1659, #5734, .T. ) ;
#1336 = FILL_AREA_STYLE ('',( #2718 ) ) ;
#1337 = CARTESIAN_POINT ( 'NONE',  ( 4.788857061950380100, 2.255226423163383000, 1.191981730924695800 ) ) ;
#1338 = SURFACE_SIDE_STYLE ('',( #4351 ) ) ;
#1339 = AXIS2_PLACEMENT_3D ( 'NONE', #343, #1685, #8935 ) ;
#1340 = STYLED_ITEM ( 'NONE', ( #355 ), #8690 ) ;
#1341 = VERTEX_POINT ( 'NONE', #942 ) ;
#1342 = VECTOR ( 'NONE', #5159, 1000.000000000000000 ) ;
#1343 = DIRECTION ( 'NONE',  ( -1.672022627447524500E-016, 1.789195443182277800E-033, -1.000000000000000000 ) ) ;
#1344 = DIRECTION ( 'NONE',  ( 0.05226442768871135400, 0.9972646886342375600, -0.05226442768871135400 ) ) ;
#1345 = ORIENTED_EDGE ( 'NONE', *, *, #2770, .F. ) ;
#1346 = EDGE_CURVE ( 'NONE', #602, #3515, #9357, .T. ) ;
#1347 = AXIS2_PLACEMENT_3D ( 'NONE', #8758, #7975, #2090 ) ;
#1348 = DIRECTION ( 'NONE',  ( 0.0000000000000000000, 0.0000000000000000000, -1.000000000000000000 ) ) ;
#1349 = ORIENTED_EDGE ( 'NONE', *, *, #2581, .T. ) ;
#1350 = VECTOR ( 'NONE', #6679, 1000.000000000000000 ) ;
#1351 = CARTESIAN_POINT ( 'NONE',  ( -4.949999999999999300, 0.4999999999998839800, 5.187499999999999100 ) ) ;
#1352 = CARTESIAN_POINT ( 'NONE',  ( -2.201000000000000100, 0.02000000000000000000, 0.0000000000000000000 ) ) ;
#1353 = CARTESIAN_POINT ( 'NONE',  ( 0.0000000000000000000, 0.02000000000000000000, 0.0000000000000000000 ) ) ;
#1354 = VERTEX_POINT ( 'NONE', #8957 ) ;
#1355 = VECTOR ( 'NONE', #1250, 1000.000000000000000 ) ;
#1356 = LINE ( 'NONE', #4623, #433 ) ;
#1357 = DIRECTION ( 'NONE',  ( 0.0000000000000000000, 0.0000000000000000000, -1.000000000000000000 ) ) ;
#1358 = ORIENTED_EDGE ( 'NONE', *, *, #2450, .F. ) ;
#1359 = VECTOR ( 'NONE', #2134, 1000.000000000000000 ) ;
#1360 = EDGE_CURVE ( 'NONE', #8139, #1925, #5279, .T. ) ;
#1361 =( LENGTH_UNIT ( ) NAMED_UNIT ( * ) SI_UNIT ( .MILLI., .METRE. ) );
#1362 = FACE_OUTER_BOUND ( 'NONE', #5824, .T. ) ;
#1363 = ORIENTED_EDGE ( 'NONE', *, *, #8244, .F. ) ;
#1364 = VECTOR ( 'NONE', #2323, 1000.000000000000000 ) ;
#1365 = DIRECTION ( 'NONE',  ( 1.000000000000000000, 0.0000000000000000000, 0.0000000000000000000 ) ) ;
#1366 = PRESENTATION_LAYER_ASSIGNMENT (  '', '', ( #4006 ) ) ;
#1367 = LINE ( 'NONE', #1479, #5765 ) ;
#1368 = ORIENTED_EDGE ( 'NONE', *, *, #804, .T. ) ;
#1369 = CARTESIAN_POINT ( 'NONE',  ( -4.950000000000001100, 0.07000000000000207400, -5.173398757011785400 ) ) ;
#1370 = DIRECTION ( 'NONE',  ( 1.000000000000000000, -0.0000000000000000000, 0.0000000000000000000 ) ) ;
#1371 = EDGE_CURVE ( 'NONE', #1992, #3449, #9136, .T. ) ;
#1372 = PRESENTATION_STYLE_ASSIGNMENT (( #3147 ) ) ;
#1373 = ADVANCED_FACE ( 'NONE', ( #1666 ), #241, .F. ) ;
#1374 = VECTOR ( 'NONE', #2296, 1000.000000000000000 ) ;
#1375 = VERTEX_POINT ( 'NONE', #884 ) ;
#1376 = LINE ( 'NONE', #1650, #2278 ) ;
#1377 =( NAMED_UNIT ( * ) PLANE_ANGLE_UNIT ( ) SI_UNIT ( $, .RADIAN. ) );
#1378 = SURFACE_SIDE_STYLE ('',( #2715 ) ) ;
#1379 = UNCERTAINTY_MEASURE_WITH_UNIT (LENGTH_MEASURE( 1.000000000000000100E-005 ), #4318, 'distance_accuracy_value', 'NONE');
#1380 = STYLED_ITEM ( 'NONE', ( #9264 ), #6820 ) ;
#1381 = LINE ( 'NONE', #332, #3636 ) ;
#1382 = CARTESIAN_POINT ( 'NONE',  ( -4.950000000000001100, 0.4999999999998842000, -5.187500000000000900 ) ) ;
#1383 = VERTEX_POINT ( 'NONE', #2491 ) ;
#1384 = COLOUR_RGB ( '',0.7529411764705882200, 0.7529411764705882200, 0.7529411764705882200 ) ;
#1385 = EDGE_CURVE ( 'NONE', #1528, #1099, #2554, .T. ) ;
#1386 =( LENGTH_UNIT ( ) NAMED_UNIT ( * ) SI_UNIT ( .MILLI., .METRE. ) );
#1387 = ADVANCED_FACE ( 'NONE', ( #2339 ), #6788, .F. ) ;
#1388 = DIRECTION ( 'NONE',  ( 0.0000000000000000000, 0.0000000000000000000, -1.000000000000000000 ) ) ;
#1389 = CARTESIAN_POINT ( 'NONE',  ( -4.150999999999999800, 0.5010000000000000000, -4.986500000000003000 ) ) ;
#1390 = ORIENTED_EDGE ( 'NONE', *, *, #5809, .T. ) ;
#1391 = VECTOR ( 'NONE', #2913, 1000.000000000000000 ) ;
#1392 = DIRECTION ( 'NONE',  ( 0.0000000000000000000, 1.000000000000000000, 0.0000000000000000000 ) ) ;
#1393 = CARTESIAN_POINT ( 'NONE',  ( -2.598999999999999800, 0.5010000000000000000, 3.786499999999998900 ) ) ;
#1394 =( LENGTH_UNIT ( ) NAMED_UNIT ( * ) SI_UNIT ( .MILLI., .METRE. ) );
#1395 = STYLED_ITEM ( 'NONE', ( #1042 ), #7988 ) ;
#1396 = FILL_AREA_STYLE ('',( #1309 ) ) ;
#1397 = VECTOR ( 'NONE', #4712, 1000.000000000000000 ) ;
#1398 = EDGE_CURVE ( 'NONE', #2637, #6308, #5940, .T. ) ;
#1399 = ORIENTED_EDGE ( 'NONE', *, *, #9303, .T. ) ;
#1400 = ORIENTED_EDGE ( 'NONE', *, *, #1467, .T. ) ;
#1401 = EDGE_CURVE ( 'NONE', #4339, #1307, #178, .T. ) ;
#1402 = MECHANICAL_DESIGN_GEOMETRIC_PRESENTATION_REPRESENTATION (  '', ( #4593 ), #8942 ) ;
#1403 = VERTEX_POINT ( 'NONE', #2460 ) ;
#1404 = CIRCLE ( 'NONE', #6193, 0.04999999999999969700 ) ;
#1405 = DIRECTION ( 'NONE',  ( -0.0000000000000000000, -1.000000000000000000, -0.0000000000000000000 ) ) ;
#1406 = VERTEX_POINT ( 'NONE', #339 ) ;
#1407 = ORIENTED_EDGE ( 'NONE', *, *, #8471, .T. ) ;
#1408 =( NAMED_UNIT ( * ) PLANE_ANGLE_UNIT ( ) SI_UNIT ( $, .RADIAN. ) );
#1409 = SURFACE_STYLE_USAGE ( .BOTH. , #718 ) ;
#1410 = EDGE_CURVE ( 'NONE', #292, #8253, #2095, .T. ) ;
#1411 = DIRECTION ( 'NONE',  ( 0.0000000000000000000, 0.0000000000000000000, 1.000000000000000000 ) ) ;
#1412 = SURFACE_STYLE_USAGE ( .BOTH. , #4262 ) ;
#1413 = ORIENTED_EDGE ( 'NONE', *, *, #7673, .T. ) ;
#1414 = VERTEX_POINT ( 'NONE', #8359 ) ;
#1415 = LINE ( 'NONE', #1222, #1067 ) ;
#1416 = VERTEX_POINT ( 'NONE', #7522 ) ;
#1417 = ADVANCED_FACE ( 'NONE', ( #634 ), #4592, .T. ) ;
#1418 = DIRECTION ( 'NONE',  ( 0.0000000000000000000, 0.0000000000000000000, -1.000000000000000000 ) ) ;
#1419 =( LENGTH_UNIT ( ) NAMED_UNIT ( * ) SI_UNIT ( .MILLI., .METRE. ) );
#1420 = FILL_AREA_STYLE ('',( #5721 ) ) ;
#1421 = CIRCLE ( 'NONE', #4354, 0.04999999999999969700 ) ;
#1422 = VERTEX_POINT ( 'NONE', #7550 ) ;
#1423 = ORIENTED_EDGE ( 'NONE', *, *, #2698, .T. ) ;
#1424 = EDGE_CURVE ( 'NONE', #1946, #1307, #4234, .T. ) ;
#1425 = COLOUR_RGB ( '',0.7529411764705882200, 0.7529411764705882200, 0.7529411764705882200 ) ;
#1426 =( LENGTH_UNIT ( ) NAMED_UNIT ( * ) SI_UNIT ( .MILLI., .METRE. ) );
#1427 = ORIENTED_EDGE ( 'NONE', *, *, #8009, .F. ) ;
#1428 = ORIENTED_EDGE ( 'NONE', *, *, #4500, .F. ) ;
#1429 = DIRECTION ( 'NONE',  ( 0.0000000000000000000, -1.000000000000000000, 0.0000000000000000000 ) ) ;
#1430 = DIRECTION ( 'NONE',  ( -1.000000000000000000, 0.0000000000000000000, -0.0000000000000000000 ) ) ;
#1431 =( NAMED_UNIT ( * ) PLANE_ANGLE_UNIT ( ) SI_UNIT ( $, .RADIAN. ) );
#1432 = ORIENTED_EDGE ( 'NONE', *, *, #7599, .F. ) ;
#1433 = ORIENTED_EDGE ( 'NONE', *, *, #6035, .F. ) ;
#1434 =( GEOMETRIC_REPRESENTATION_CONTEXT ( 3 ) GLOBAL_UNCERTAINTY_ASSIGNED_CONTEXT ( ( #34 ) ) GLOBAL_UNIT_ASSIGNED_CONTEXT ( ( #5250, #8940, #7405 ) ) REPRESENTATION_CONTEXT ( 'NONE', 'WORKASPACE' ) );
#1435 = CIRCLE ( 'NONE', #6646, 0.3842078256931099100 ) ;
#1436 = DIRECTION ( 'NONE',  ( 1.000000000000000000, 0.0000000000000000000, -0.0000000000000000000 ) ) ;
#1437 = EDGE_CURVE ( 'NONE', #8242, #7631, #3687, .T. ) ;
#1438 = DIRECTION ( 'NONE',  ( 0.0000000000000000000, 0.0000000000000000000, 1.000000000000000000 ) ) ;
#1439 = FILL_AREA_STYLE_COLOUR ( '', #3580 ) ;
#1440 = CARTESIAN_POINT ( 'NONE',  ( 3.401000000000001100, 0.07000000000000018700, 5.187499999999999100 ) ) ;
#1441 = VERTEX_POINT ( 'NONE', #3938 ) ;
#1442 = VECTOR ( 'NONE', #536, 1000.000000000000000 ) ;
#1443 = CARTESIAN_POINT ( 'NONE',  ( -4.601000000000000000, 0.4999999999998839800, 5.187499999999999100 ) ) ;
#1444 = DIRECTION ( 'NONE',  ( 0.0000000000000000000, 0.0000000000000000000, 1.000000000000000000 ) ) ;
#1445 = DIRECTION ( 'NONE',  ( 1.000000000000000000, -0.0000000000000000000, 0.0000000000000000000 ) ) ;
#1446 = ORIENTED_EDGE ( 'NONE', *, *, #237, .T. ) ;
#1447 = PRESENTATION_LAYER_ASSIGNMENT (  '', '', ( #4684 ) ) ;
#1448 = CARTESIAN_POINT ( 'NONE',  ( -3.401000000000000200, 0.5010000000000000000, 5.187447592220710400 ) ) ;
#1449 = CARTESIAN_POINT ( 'NONE',  ( 4.601000000000000900, 0.07000000000000018700, 5.137499999999999300 ) ) ;
#1450 = VERTEX_POINT ( 'NONE', #3231 ) ;
#1451 = VECTOR ( 'NONE', #163, 1000.000000000000100 ) ;
#1452 = FILL_AREA_STYLE ('',( #2267 ) ) ;
#1453 = DIRECTION ( 'NONE',  ( 0.0000000000000000000, -0.1045284632676498200, -0.9945218953682737300 ) ) ;
#1454 = FACE_OUTER_BOUND ( 'NONE', #1801, .T. ) ;
#1455 =( NAMED_UNIT ( * ) SI_UNIT ( $, .STERADIAN. ) SOLID_ANGLE_UNIT ( ) );
#1456 = PLANE ( 'NONE',  #733 ) ;
#1457 = DIRECTION ( 'NONE',  ( 1.000000000000000000, 0.0000000000000000000, -0.0000000000000000000 ) ) ;
#1458 = EDGE_LOOP ( 'NONE', ( #7413, #7519, #3665, #6603 ) ) ;
#1459 = AXIS2_PLACEMENT_3D ( 'NONE', #3252, #1031, #1780 ) ;
#1460 = LINE ( 'NONE', #3596, #6078 ) ;
#1461 = CARTESIAN_POINT ( 'NONE',  ( -4.670000000000001700, 2.255226423163382500, 1.191981730924695800 ) ) ;
#1462 = CARTESIAN_POINT ( 'NONE',  ( 4.251000000000000300, 0.01999999999999999700, -4.986500000000002200 ) ) ;
#1463 = ORIENTED_EDGE ( 'NONE', *, *, #1335, .F. ) ;
#1464 = CARTESIAN_POINT ( 'NONE',  ( 0.0000000000000000000, 0.5000000000000000000, 5.787499999999999600 ) ) ;
#1465 = ADVANCED_FACE ( 'NONE', ( #6954 ), #9049, .F. ) ;
#1466 =( LENGTH_UNIT ( ) NAMED_UNIT ( * ) SI_UNIT ( .MILLI., .METRE. ) );
#1467 = EDGE_CURVE ( 'NONE', #6501, #4571, #9020, .T. ) ;
#1468 = CYLINDRICAL_SURFACE ( 'NONE', #1279, 1.500000000000000200 ) ;
#1469 = ORIENTED_EDGE ( 'NONE', *, *, #6288, .F. ) ;
#1470 = DIRECTION ( 'NONE',  ( -0.0000000000000000000, -0.0000000000000000000, -1.000000000000000000 ) ) ;
#1471 = SURFACE_STYLE_USAGE ( .BOTH. , #7162 ) ;
#1472 = ADVANCED_FACE ( 'NONE', ( #3132 ), #3470, .T. ) ;
#1473 = PRESENTATION_STYLE_ASSIGNMENT (( #3444 ) ) ;
#1474 = DIRECTION ( 'NONE',  ( -1.000000000000000000, 0.0000000000000000000, -0.0000000000000000000 ) ) ;
#1475 = STYLED_ITEM ( 'NONE', ( #1701 ), #4014 ) ;
#1476 = ORIENTED_EDGE ( 'NONE', *, *, #4829, .T. ) ;
#1477 = VECTOR ( 'NONE', #2283, 1000.000000000000000 ) ;
#1478 = EDGE_CURVE ( 'NONE', #8339, #938, #1767, .T. ) ;
#1479 = CARTESIAN_POINT ( 'NONE',  ( 1.574999999999999100, 0.0000000000000000000, 5.787499999999999600 ) ) ;
#1480 = ORIENTED_EDGE ( 'NONE', *, *, #8204, .F. ) ;
#1481 = CARTESIAN_POINT ( 'NONE',  ( -2.201000000000000100, 0.5010000000000000000, 3.786499999999998900 ) ) ;
#1482 =( NAMED_UNIT ( * ) PLANE_ANGLE_UNIT ( ) SI_UNIT ( $, .RADIAN. ) );
#1483 = VECTOR ( 'NONE', #8569, 1000.000000000000000 ) ;
#1484 = PRESENTATION_STYLE_ASSIGNMENT (( #5956 ) ) ;
#1485 = CARTESIAN_POINT ( 'NONE',  ( -2.774999999999999500, 0.0000000000000000000, 5.787499999999999600 ) ) ;
#1486 = MECHANICAL_DESIGN_GEOMETRIC_PRESENTATION_REPRESENTATION (  '', ( #8133 ), #4557 ) ;
#1487 = VERTEX_POINT ( 'NONE', #3257 ) ;
#1488 = LINE ( 'NONE', #656, #2160 ) ;
#1489 = ORIENTED_EDGE ( 'NONE', *, *, #2211, .T. ) ;
#1490 = DIRECTION ( 'NONE',  ( -0.0000000000000000000, 0.0000000000000000000, 1.000000000000000000 ) ) ;
#1491 = EDGE_CURVE ( 'NONE', #1960, #4799, #5390, .T. ) ;
#1492 = CARTESIAN_POINT ( 'NONE',  ( -4.601000000000000000, 2.299999999999999800, 5.093165997290524800 ) ) ;
#1493 =( NAMED_UNIT ( * ) SI_UNIT ( $, .STERADIAN. ) SOLID_ANGLE_UNIT ( ) );
#1494 = CARTESIAN_POINT ( 'NONE',  ( -4.730000000000000400, 0.0000000000000000000, -2.297500000000003000 ) ) ;
#1495 = AXIS2_PLACEMENT_3D ( 'NONE', #8722, #1498, #1436 ) ;
#1496 = EDGE_LOOP ( 'NONE', ( #8996, #3697, #5477, #259 ) ) ;
#1497 = ORIENTED_EDGE ( 'NONE', *, *, #557, .T. ) ;
#1498 = DIRECTION ( 'NONE',  ( 0.0000000000000000000, 0.0000000000000000000, 1.000000000000000000 ) ) ;
#1499 = FACE_OUTER_BOUND ( 'NONE', #502, .T. ) ;
#1500 = CARTESIAN_POINT ( 'NONE',  ( 3.700000000000001100, 0.5000000000000000000, 0.0000000000000000000 ) ) ;
#1501 =( GEOMETRIC_REPRESENTATION_CONTEXT ( 3 ) GLOBAL_UNCERTAINTY_ASSIGNED_CONTEXT ( ( #6635 ) ) GLOBAL_UNIT_ASSIGNED_CONTEXT ( ( #4496, #5203, #5236 ) ) REPRESENTATION_CONTEXT ( 'NONE', 'WORKASPACE' ) );
#1502 = LINE ( 'NONE', #6350, #2876 ) ;
#1503 = VECTOR ( 'NONE', #7837, 1000.000000000000000 ) ;
#1504 = EDGE_CURVE ( 'NONE', #5706, #3276, #7082, .T. ) ;
#1505 = ORIENTED_EDGE ( 'NONE', *, *, #6777, .F. ) ;
#1506 = PRESENTATION_STYLE_ASSIGNMENT (( #1103 ) ) ;
#1507 = ADVANCED_FACE ( 'NONE', ( #1085 ), #524, .T. ) ;
#1508 = DIRECTION ( 'NONE',  ( -1.000000000000000000, 0.0000000000000000000, 0.0000000000000000000 ) ) ;
#1509 = CARTESIAN_POINT ( 'NONE',  ( 0.0000000000000000000, 0.02000000000000000000, 0.0000000000000000000 ) ) ;
#1510 = DIRECTION ( 'NONE',  ( 0.0000000000000000000, 0.0000000000000000000, 1.000000000000000000 ) ) ;
#1511 = STYLED_ITEM ( 'NONE', ( #7501 ), #2946 ) ;
#1512 = VERTEX_POINT ( 'NONE', #7074 ) ;
#1513 = FACE_OUTER_BOUND ( 'NONE', #5622, .T. ) ;
#1514 = STYLED_ITEM ( 'NONE', ( #8528 ), #8278 ) ;
#1515 = EDGE_LOOP ( 'NONE', ( #9135, #8667, #131, #6628 ) ) ;
#1516 = LINE ( 'NONE', #3234, #6707 ) ;
#1517 = VERTEX_POINT ( 'NONE', #6205 ) ;
#1518 = ADVANCED_FACE ( 'NONE', ( #8243 ), #3441, .F. ) ;
#1519 = EDGE_CURVE ( 'NONE', #6402, #7178, #5716, .T. ) ;
#1520 = CARTESIAN_POINT ( 'NONE',  ( 1.574999999999999100, 0.1499999999999999900, 5.787499999999999600 ) ) ;
#1521 = CARTESIAN_POINT ( 'NONE',  ( -1.000999999999999900, 0.5010000000000000000, 5.187447592220710400 ) ) ;
#1522 = VERTEX_POINT ( 'NONE', #1940 ) ;
#1523 = VERTEX_POINT ( 'NONE', #7748 ) ;
#1524 = VECTOR ( 'NONE', #2049, 1000.000000000000000 ) ;
#1525 = EDGE_CURVE ( 'NONE', #3792, #2780, #5604, .T. ) ;
#1526 = DIRECTION ( 'NONE',  ( 0.0000000000000000000, 0.0000000000000000000, 1.000000000000000000 ) ) ;
#1527 = EDGE_LOOP ( 'NONE', ( #7705, #1892, #1146, #6025 ) ) ;
#1528 = VERTEX_POINT ( 'NONE', #4146 ) ;
#1529 = DIRECTION ( 'NONE',  ( 0.1045284632676537100, 0.9945218953682734000, 0.0000000000000000000 ) ) ;
#1530 = CARTESIAN_POINT ( 'NONE',  ( 0.0000000000000000000, 0.0000000000000000000, 0.9624999999999968000 ) ) ;
#1531 = PRODUCT_RELATED_PRODUCT_CATEGORY ( 'part', '', ( #5554 ) ) ;
#1532 = CARTESIAN_POINT ( 'NONE',  ( -0.4616025403784435600, 0.1499999999999999900, 5.557499999999999200 ) ) ;
#1533 = VECTOR ( 'NONE', #321, 1000.000000000000000 ) ;
#1534 = ORIENTED_EDGE ( 'NONE', *, *, #2740, .T. ) ;
#1535 = ORIENTED_EDGE ( 'NONE', *, *, #4161, .T. ) ;
#1536 = CIRCLE ( 'NONE', #2413, 0.1000000000000002600 ) ;
#1537 = CARTESIAN_POINT ( 'NONE',  ( 4.670000000000002600, 0.5000000000000000000, 1.007499999999999600 ) ) ;
#1538 = SURFACE_SIDE_STYLE ('',( #4207 ) ) ;
#1539 = EDGE_CURVE ( 'NONE', #1753, #3143, #1536, .T. ) ;
#1540 = DIRECTION ( 'NONE',  ( -0.5000000000000069900, -0.8660254037844346000, 0.0000000000000000000 ) ) ;
#1541 = ORIENTED_EDGE ( 'NONE', *, *, #840, .F. ) ;
#1542 = EDGE_LOOP ( 'NONE', ( #4000, #8770, #3728, #2961, #198, #2919 ) ) ;
#1543 = CARTESIAN_POINT ( 'NONE',  ( 0.0000000000000000000, 0.0000000000000000000, -2.597500000000002800 ) ) ;
#1544 = LINE ( 'NONE', #1285, #4913 ) ;
#1545 = CARTESIAN_POINT ( 'NONE',  ( 4.670000000000001700, 2.299999999999999800, 1.241707825693109800 ) ) ;
#1546 = CARTESIAN_POINT ( 'NONE',  ( 4.760769540619037300, 2.299999999999999800, -7.960114395977986100E-016 ) ) ;
#1547 = MECHANICAL_DESIGN_GEOMETRIC_PRESENTATION_REPRESENTATION (  '', ( #4006 ), #1833 ) ;
#1548 = FILL_AREA_STYLE_COLOUR ( '', #2406 ) ;
#1549 = CARTESIAN_POINT ( 'NONE',  ( -4.669999999999999900, 0.5000000000000000000, 0.8574999999999997100 ) ) ;
#1550 = EDGE_CURVE ( 'NONE', #8658, #2537, #391, .T. ) ;
#1551 = UNCERTAINTY_MEASURE_WITH_UNIT (LENGTH_MEASURE( 1.000000000000000100E-005 ), #3510, 'distance_accuracy_value', 'NONE');
#1552 = EDGE_LOOP ( 'NONE', ( #7402, #1427, #3954, #1399 ) ) ;
#1553 = LINE ( 'NONE', #7931, #5840 ) ;
#1554 = SURFACE_STYLE_USAGE ( .BOTH. , #6560 ) ;
#1555 = SURFACE_STYLE_FILL_AREA ( #3189 ) ;
#1556 = CARTESIAN_POINT ( 'NONE',  ( 0.0000000000000000000, 0.5000000000000000000, 3.787499999999999200 ) ) ;
#1557 = CARTESIAN_POINT ( 'NONE',  ( 4.850000000000001400, 0.07000000000000018700, 5.087499999999998600 ) ) ;
#1558 = CARTESIAN_POINT ( 'NONE',  ( -4.251000000000000300, 0.01999999999999999700, -2.298500000000003300 ) ) ;
#1559 =( GEOMETRIC_REPRESENTATION_CONTEXT ( 3 ) GLOBAL_UNCERTAINTY_ASSIGNED_CONTEXT ( ( #4536 ) ) GLOBAL_UNIT_ASSIGNED_CONTEXT ( ( #1269, #1914, #9209 ) ) REPRESENTATION_CONTEXT ( 'NONE', 'WORKASPACE' ) );
#1560 = ORIENTED_EDGE ( 'NONE', *, *, #1539, .F. ) ;
#1561 = LINE ( 'NONE', #7849, #4930 ) ;
#1562 = EDGE_CURVE ( 'NONE', #2591, #177, #7769, .T. ) ;
#1563 = ORIENTED_EDGE ( 'NONE', *, *, #4199, .F. ) ;
#1564 = COLOUR_RGB ( '',0.7529411764705882200, 0.7529411764705882200, 0.7529411764705882200 ) ;
#1565 = DIRECTION ( 'NONE',  ( 0.0000000000000000000, -0.0000000000000000000, 1.000000000000000000 ) ) ;
#1566 = CARTESIAN_POINT ( 'NONE',  ( 4.950000000000001100, 0.4999999999998842000, 5.187499999999999100 ) ) ;
#1567 = EDGE_LOOP ( 'NONE', ( #4758, #5613, #8564, #3139 ) ) ;
#1568 = VECTOR ( 'NONE', #2194, 1000.000000000000000 ) ;
#1569 = ADVANCED_FACE ( 'NONE', ( #5933 ), #4834, .F. ) ;
#1570 = DIRECTION ( 'NONE',  ( 0.0000000000000000000, 0.0000000000000000000, 1.000000000000000000 ) ) ;
#1571 = COLOUR_RGB ( '',0.7529411764705882200, 0.7529411764705882200, 0.7529411764705882200 ) ;
#1572 = CARTESIAN_POINT ( 'NONE',  ( 3.974999999999999200, 0.1499999999999999900, 5.787499999999999600 ) ) ;
#1573 = ORIENTED_EDGE ( 'NONE', *, *, #5176, .T. ) ;
#1574 = LINE ( 'NONE', #5923, #7111 ) ;
#1575 = DIRECTION ( 'NONE',  ( 1.672022627447524700E-016, 0.0000000000000000000, 1.000000000000000000 ) ) ;
#1576 = FILL_AREA_STYLE_COLOUR ( '', #7732 ) ;
#1577 = EDGE_CURVE ( 'NONE', #8890, #3449, #2086, .T. ) ;
#1578 = LINE ( 'NONE', #4046, #675 ) ;
#1579 = SURFACE_STYLE_FILL_AREA ( #4096 ) ;
#1580 = EDGE_CURVE ( 'NONE', #2935, #8594, #6277, .T. ) ;
#1581 = VERTEX_POINT ( 'NONE', #3351 ) ;
#1582 = FACE_OUTER_BOUND ( 'NONE', #4274, .T. ) ;
#1583 = PLANE ( 'NONE',  #9086 ) ;
#1584 = AXIS2_PLACEMENT_3D ( 'NONE', #6579, #2995, #8087 ) ;
#1585 = FACE_OUTER_BOUND ( 'NONE', #3348, .T. ) ;
#1586 = AXIS2_PLACEMENT_3D ( 'NONE', #330, #233, #6809 ) ;
#1587 = ORIENTED_EDGE ( 'NONE', *, *, #1308, .F. ) ;
#1588 = CARTESIAN_POINT ( 'NONE',  ( 4.850137046524543500, 0.4999999999998839800, 5.187499999999999100 ) ) ;
#1589 = CARTESIAN_POINT ( 'NONE',  ( 4.251000000000000300, 0.5010000000000000000, 1.103499999999997500 ) ) ;
#1590 = DIRECTION ( 'NONE',  ( 1.000000000000000000, 0.0000000000000000000, 0.0000000000000000000 ) ) ;
#1591 =( NAMED_UNIT ( * ) PLANE_ANGLE_UNIT ( ) SI_UNIT ( $, .RADIAN. ) );
#1592 = DIRECTION ( 'NONE',  ( 1.000000000000000000, 0.0000000000000000000, 0.0000000000000000000 ) ) ;
#1593 = PRESENTATION_STYLE_ASSIGNMENT (( #4983 ) ) ;
#1594 = EDGE_LOOP ( 'NONE', ( #6235, #8387, #8961, #3062 ) ) ;
#1595 = EDGE_CURVE ( 'NONE', #1295, #1110, #7530, .T. ) ;
#1596 = LINE ( 'NONE', #1790, #8738 ) ;
#1597 = DIRECTION ( 'NONE',  ( 0.0000000000000000000, 0.0000000000000000000, -1.000000000000000000 ) ) ;
#1598 =( NAMED_UNIT ( * ) SI_UNIT ( $, .STERADIAN. ) SOLID_ANGLE_UNIT ( ) );
#1599 = ORIENTED_EDGE ( 'NONE', *, *, #5589, .F. ) ;
#1600 = CARTESIAN_POINT ( 'NONE',  ( 0.3749999999999994400, 0.1499999999999999900, 5.787499999999999600 ) ) ;
#1601 = VECTOR ( 'NONE', #5149, 1000.000000000000000 ) ;
#1602 = LINE ( 'NONE', #2964, #6676 ) ;
#1603 = ORIENTED_EDGE ( 'NONE', *, *, #353, .F. ) ;
#1604 = AXIS2_PLACEMENT_3D ( 'NONE', #345, #5313, #7528 ) ;
#1605 = LINE ( 'NONE', #4222, #3077 ) ;
#1606 = CARTESIAN_POINT ( 'NONE',  ( -4.760769540619037300, 2.299999999999999800, -2.526707825693110400 ) ) ;
#1607 = LINE ( 'NONE', #521, #9077 ) ;
#1608 = UNCERTAINTY_MEASURE_WITH_UNIT (LENGTH_MEASURE( 1.000000000000000100E-005 ), #2349, 'distance_accuracy_value', 'NONE');
#1609 = EDGE_CURVE ( 'NONE', #4357, #3719, #3788, .T. ) ;
#1610 = LINE ( 'NONE', #7482, #4187 ) ;
#1611 = DIRECTION ( 'NONE',  ( -0.5000000000000034400, -0.8660254037844367100, 0.0000000000000000000 ) ) ;
#1612 = ORIENTED_EDGE ( 'NONE', *, *, #130, .T. ) ;
#1613 = VECTOR ( 'NONE', #2013, 1000.000000000000000 ) ;
#1614 = VERTEX_POINT ( 'NONE', #4240 ) ;
#1615 = FILL_AREA_STYLE ('',( #1548 ) ) ;
#1616 = CONICAL_SURFACE ( 'NONE', #5450, 0.1499999999999999700, 0.1047197551196600000 ) ;
#1617 = FILL_AREA_STYLE_COLOUR ( '', #2910 ) ;
#1618 = UNCERTAINTY_MEASURE_WITH_UNIT (LENGTH_MEASURE( 1.000000000000000100E-005 ), #6733, 'distance_accuracy_value', 'NONE');
#1619 = MECHANICAL_DESIGN_GEOMETRIC_PRESENTATION_REPRESENTATION (  '', ( #1181 ), #8952 ) ;
#1620 = LINE ( 'NONE', #7045, #6908 ) ;
#1621 = ADVANCED_FACE ( 'NONE', ( #3898 ), #3239, .T. ) ;
#1622 = VERTEX_POINT ( 'NONE', #1448 ) ;
#1623 = CARTESIAN_POINT ( 'NONE',  ( 4.810077291792464600, 2.299999930117181200, -2.481687616133237300 ) ) ;
#1624 = EDGE_CURVE ( 'NONE', #646, #7779, #168, .T. ) ;
#1625 = DIRECTION ( 'NONE',  ( 1.000000000000000000, 0.0000000000000000000, 0.0000000000000000000 ) ) ;
#1626 = PLANE ( 'NONE',  #101 ) ;
#1627 = CARTESIAN_POINT ( 'NONE',  ( -4.250000000000000000, 0.0000000000000000000, -4.987500000000003400 ) ) ;
#1628 = PRESENTATION_LAYER_ASSIGNMENT (  '', '', ( #650 ) ) ;
#1629 =( NAMED_UNIT ( * ) SI_UNIT ( $, .STERADIAN. ) SOLID_ANGLE_UNIT ( ) );
#1630 = LINE ( 'NONE', #8055, #3100 ) ;
#1631 =( NAMED_UNIT ( * ) PLANE_ANGLE_UNIT ( ) SI_UNIT ( $, .RADIAN. ) );
#1632 = ORIENTED_EDGE ( 'NONE', *, *, #5859, .F. ) ;
#1633 = FACE_OUTER_BOUND ( 'NONE', #9055, .T. ) ;
#1634 = EDGE_LOOP ( 'NONE', ( #5129, #516, #6507, #7985 ) ) ;
#1635 = AXIS2_PLACEMENT_3D ( 'NONE', #5620, #7039, #7788 ) ;
#1636 = MECHANICAL_DESIGN_GEOMETRIC_PRESENTATION_REPRESENTATION (  '', ( #289 ), #2293 ) ;
#1637 = COLOUR_RGB ( '',0.2509803921568627400, 0.2509803921568627400, 0.2509803921568627400 ) ;
#1638 = CARTESIAN_POINT ( 'NONE',  ( 4.670000000000002600, 0.5000000000000000000, -2.292500000000000400 ) ) ;
#1639 = ORIENTED_EDGE ( 'NONE', *, *, #157, .F. ) ;
#1640 = LINE ( 'NONE', #5126, #9110 ) ;
#1641 = ORIENTED_EDGE ( 'NONE', *, *, #5142, .F. ) ;
#1642 = DIRECTION ( 'NONE',  ( -1.000000000000000000, 0.0000000000000000000, 0.0000000000000000000 ) ) ;
#1643 = FILL_AREA_STYLE_COLOUR ( '', #8092 ) ;
#1644 = AXIS2_PLACEMENT_3D ( 'NONE', #4711, #7012, #7686 ) ;
#1645 = DIRECTION ( 'NONE',  ( -1.000000000000000000, 0.0000000000000000000, 0.0000000000000000000 ) ) ;
#1646 = LINE ( 'NONE', #506, #3009 ) ;
#1647 = EDGE_LOOP ( 'NONE', ( #817, #5383, #9102, #7676 ) ) ;
#1648 = ORIENTED_EDGE ( 'NONE', *, *, #8683, .F. ) ;
#1649 = EDGE_CURVE ( 'NONE', #7185, #7160, #4002, .T. ) ;
#1650 = CARTESIAN_POINT ( 'NONE',  ( 0.0000000000000000000, 0.5000000000000000000, 4.587499999999999500 ) ) ;
#1651 = CARTESIAN_POINT ( 'NONE',  ( -4.150999999999999800, 0.5010000000000000000, -4.986500000000003000 ) ) ;
#1652 = FACE_OUTER_BOUND ( 'NONE', #7196, .T. ) ;
#1653 = VERTEX_POINT ( 'NONE', #6423 ) ;
#1654 = EDGE_LOOP ( 'NONE', ( #1541, #5026, #8798, #6953 ) ) ;
#1655 = SURFACE_SIDE_STYLE ('',( #1908 ) ) ;
#1656 = CARTESIAN_POINT ( 'NONE',  ( 4.250000000000000000, 0.5000000000000000000, 0.0000000000000000000 ) ) ;
#1657 = ORIENTED_EDGE ( 'NONE', *, *, #6517, .T. ) ;
#1658 = DIRECTION ( 'NONE',  ( 0.0000000000000000000, 0.0000000000000000000, 1.000000000000000000 ) ) ;
#1659 = VERTEX_POINT ( 'NONE', #7948 ) ;
#1660 =( GEOMETRIC_REPRESENTATION_CONTEXT ( 3 ) GLOBAL_UNCERTAINTY_ASSIGNED_CONTEXT ( ( #6869 ) ) GLOBAL_UNIT_ASSIGNED_CONTEXT ( ( #2951, #5878, #798 ) ) REPRESENTATION_CONTEXT ( 'NONE', 'WORKASPACE' ) );
#1661 =( NAMED_UNIT ( * ) PLANE_ANGLE_UNIT ( ) SI_UNIT ( $, .RADIAN. ) );
#1662 = DIRECTION ( 'NONE',  ( 0.05205003326639459600, 0.9931737993569246200, -0.1043867726673200200 ) ) ;
#1663 = DIRECTION ( 'NONE',  ( -1.000000000000000000, 0.0000000000000000000, 0.0000000000000000000 ) ) ;
#1664 = ORIENTED_EDGE ( 'NONE', *, *, #4989, .T. ) ;
#1665 = ORIENTED_EDGE ( 'NONE', *, *, #1703, .T. ) ;
#1666 = FACE_OUTER_BOUND ( 'NONE', #7251, .T. ) ;
#1667 = EDGE_CURVE ( 'NONE', #1528, #1925, #5141, .T. ) ;
#1668 = CARTESIAN_POINT ( 'NONE',  ( -4.760769540619037300, 2.255226423163382500, -2.476981730924696600 ) ) ;
#1669 = LINE ( 'NONE', #450, #3250 ) ;
#1670 = ADVANCED_FACE ( 'NONE', ( #2330 ), #4335, .T. ) ;
#1671 = CARTESIAN_POINT ( 'NONE',  ( 0.0000000000000000000, 0.0000000000000000000, 5.787499999999999600 ) ) ;
#1672 = UNCERTAINTY_MEASURE_WITH_UNIT (LENGTH_MEASURE( 1.000000000000000100E-005 ), #1256, 'distance_accuracy_value', 'NONE');
#1673 = DIRECTION ( 'NONE',  ( -1.000000000000000000, 0.0000000000000000000, 0.0000000000000000000 ) ) ;
#1674 = VERTEX_POINT ( 'NONE', #8638 ) ;
#1675 = FILL_AREA_STYLE ('',( #6050 ) ) ;
#1676 = AXIS2_PLACEMENT_3D ( 'NONE', #2862, #686, #6417 ) ;
#1677 = CARTESIAN_POINT ( 'NONE',  ( -0.8250000000000001800, 0.0000000000000000000, 5.787499999999999600 ) ) ;
#1678 = FACE_OUTER_BOUND ( 'NONE', #3741, .T. ) ;
#1679 = SURFACE_STYLE_USAGE ( .BOTH. , #4613 ) ;
#1680 = ORIENTED_EDGE ( 'NONE', *, *, #2241, .F. ) ;
#1681 = EDGE_CURVE ( 'NONE', #2276, #9226, #2897, .T. ) ;
#1682 = ADVANCED_FACE ( 'NONE', ( #968 ), #5768, .T. ) ;
#1683 = CARTESIAN_POINT ( 'NONE',  ( 4.250000000000000000, 0.0000000000000000000, -5.237500000000000700 ) ) ;
#1684 = ORIENTED_EDGE ( 'NONE', *, *, #8639, .F. ) ;
#1685 = DIRECTION ( 'NONE',  ( 1.000000000000000000, 0.0000000000000000000, -0.0000000000000000000 ) ) ;
#1686 = VERTEX_POINT ( 'NONE', #5717 ) ;
#1687 = CARTESIAN_POINT ( 'NONE',  ( 0.3749999999999994400, 0.0000000000000000000, 5.557499999999999200 ) ) ;
#1688 = LINE ( 'NONE', #5743, #891 ) ;
#1689 = DIRECTION ( 'NONE',  ( 0.0000000000000000000, 0.0000000000000000000, -1.000000000000000000 ) ) ;
#1690 = PRESENTATION_LAYER_ASSIGNMENT (  '', '', ( #1983 ) ) ;
#1691 = DIRECTION ( 'NONE',  ( 0.0000000000000000000, 0.0000000000000000000, 1.000000000000000000 ) ) ;
#1692 = VECTOR ( 'NONE', #2062, 1000.000000000000000 ) ;
#1693 = EDGE_CURVE ( 'NONE', #1320, #4784, #4120, .T. ) ;
#1694 = FILL_AREA_STYLE_COLOUR ( '', #9008 ) ;
#1695 = PLANE ( 'NONE',  #839 ) ;
#1696 = LINE ( 'NONE', #5713, #5980 ) ;
#1697 = CARTESIAN_POINT ( 'NONE',  ( -1.399000000000000000, 0.5010000000000000000, 3.786499999999998900 ) ) ;
#1698 = VERTEX_POINT ( 'NONE', #5001 ) ;
#1699 =( GEOMETRIC_REPRESENTATION_CONTEXT ( 3 ) GLOBAL_UNCERTAINTY_ASSIGNED_CONTEXT ( ( #5121 ) ) GLOBAL_UNIT_ASSIGNED_CONTEXT ( ( #1941, #2618, #7008 ) ) REPRESENTATION_CONTEXT ( 'NONE', 'WORKASPACE' ) );
#1700 = DIRECTION ( 'NONE',  ( 0.0000000000000000000, 0.0000000000000000000, -1.000000000000000000 ) ) ;
#1701 = PRESENTATION_STYLE_ASSIGNMENT (( #2704 ) ) ;
#1702 = FILL_AREA_STYLE ('',( #5274 ) ) ;
#1703 = EDGE_CURVE ( 'NONE', #2009, #7900, #2782, .T. ) ;
#1704 = LINE ( 'NONE', #4265, #7243 ) ;
#1705 = ORIENTED_EDGE ( 'NONE', *, *, #9163, .F. ) ;
#1706 = EDGE_CURVE ( 'NONE', #382, #3130, #6149, .T. ) ;
#1707 = VECTOR ( 'NONE', #7369, 1000.000000000000000 ) ;
#1708 = CARTESIAN_POINT ( 'NONE',  ( -4.250000000000000000, 0.5000000000000000000, -4.987500000000003400 ) ) ;
#1709 = FACE_OUTER_BOUND ( 'NONE', #5594, .T. ) ;
#1710 = VERTEX_POINT ( 'NONE', #7142 ) ;
#1711 = ADVANCED_FACE ( 'NONE', ( #7073 ), #8021, .T. ) ;
#1713 = FILL_AREA_STYLE ('',( #95 ) ) ;
#1712 = FACE_OUTER_BOUND ( 'NONE', #4668, .T. ) ;
#1714 = CARTESIAN_POINT ( 'NONE',  ( -4.949999999999999300, 0.4999999999998839800, 5.187499999999999100 ) ) ;
#1715 = LINE ( 'NONE', #430, #8964 ) ;
#1716 = CARTESIAN_POINT ( 'NONE',  ( 4.850000000000000500, 0.4999999999998839800, 5.187499999999999100 ) ) ;
#1717 = DIRECTION ( 'NONE',  ( 0.5000000000000069900, 0.8660254037844346000, 0.0000000000000000000 ) ) ;
#1718 = CARTESIAN_POINT ( 'NONE',  ( 0.0000000000000000000, 0.5000000000000000000, 5.787499999999999600 ) ) ;
#1719 = LINE ( 'NONE', #204, #3185 ) ;
#1720 = EDGE_CURVE ( 'NONE', #5816, #2837, #4452, .T. ) ;
#1721 = VERTEX_POINT ( 'NONE', #2838 ) ;
#1722 = CIRCLE ( 'NONE', #475, 0.1000000000000002600 ) ;
#1723 = EDGE_LOOP ( 'NONE', ( #5237, #3045, #3844, #8716 ) ) ;
#1724 = CARTESIAN_POINT ( 'NONE',  ( 3.798999999999999500, 0.02000000000000000000, 0.0000000000000000000 ) ) ;
#1725 = DIRECTION ( 'NONE',  ( 1.000000000000000000, 0.0000000000000000000, -0.0000000000000000000 ) ) ;
#1726 = DIRECTION ( 'NONE',  ( 0.0000000000000000000, 0.0000000000000000000, 1.000000000000000000 ) ) ;
#1727 = DIRECTION ( 'NONE',  ( 0.0000000000000000000, -1.000000000000000000, 0.0000000000000000000 ) ) ;
#1728 = ORIENTED_EDGE ( 'NONE', *, *, #8328, .F. ) ;
#1729 = PRESENTATION_STYLE_ASSIGNMENT (( #6872 ) ) ;
#1730 = CARTESIAN_POINT ( 'NONE',  ( 1.399000000000000000, 0.5010000000000000000, 4.588499999999999800 ) ) ;
#1731 = VECTOR ( 'NONE', #1910, 1000.000000000000000 ) ;
#1732 = EDGE_CURVE ( 'NONE', #2924, #8299, #853, .T. ) ;
#1733 =( NAMED_UNIT ( * ) PLANE_ANGLE_UNIT ( ) SI_UNIT ( $, .RADIAN. ) );
#1734 = PRESENTATION_STYLE_ASSIGNMENT (( #3841 ) ) ;
#1735 = LINE ( 'NONE', #3490, #936 ) ;
#1736 =( NAMED_UNIT ( * ) SI_UNIT ( $, .STERADIAN. ) SOLID_ANGLE_UNIT ( ) );
#1737 = DIRECTION ( 'NONE',  ( -1.000000000000000000, 0.0000000000000000000, 0.0000000000000000000 ) ) ;
#1738 = VERTEX_POINT ( 'NONE', #8579 ) ;
#1739 = STYLED_ITEM ( 'NONE', ( #106 ), #6470 ) ;
#1740 = EDGE_LOOP ( 'NONE', ( #5380, #710, #8276, #7209 ) ) ;
#1741 = VECTOR ( 'NONE', #8631, 1000.000000000000000 ) ;
#1742 = EDGE_CURVE ( 'NONE', #8534, #2935, #7300, .T. ) ;
#1743 = ORIENTED_EDGE ( 'NONE', *, *, #1058, .T. ) ;
#1744 = SURFACE_STYLE_FILL_AREA ( #2250 ) ;
#1745 = ORIENTED_EDGE ( 'NONE', *, *, #121, .T. ) ;
#1746 =( LENGTH_UNIT ( ) NAMED_UNIT ( * ) SI_UNIT ( .MILLI., .METRE. ) );
#1747 = CARTESIAN_POINT ( 'NONE',  ( -4.251000000000000300, 0.5010000000000000000, -4.986500000000003000 ) ) ;
#1748 = DIRECTION ( 'NONE',  ( -0.0000000000000000000, 0.0000000000000000000, 1.000000000000000000 ) ) ;
#1749 = COLOUR_RGB ( '',0.7529411764705882200, 0.7529411764705882200, 0.7529411764705882200 ) ;
#1750 = ORIENTED_EDGE ( 'NONE', *, *, #7376, .F. ) ;
#1751 = CARTESIAN_POINT ( 'NONE',  ( 3.799999999999999400, 0.5000000000000000000, 4.587499999999999500 ) ) ;
#1752 = ORIENTED_EDGE ( 'NONE', *, *, #7097, .T. ) ;
#1753 = VERTEX_POINT ( 'NONE', #4667 ) ;
#1754 = DIRECTION ( 'NONE',  ( 1.000000000000000000, -0.0000000000000000000, 0.0000000000000000000 ) ) ;
#1755 = ADVANCED_FACE ( 'NONE', ( #623 ), #907, .F. ) ;
#1756 = VECTOR ( 'NONE', #8943, 1000.000000000000000 ) ;
#1757 = VERTEX_POINT ( 'NONE', #7922 ) ;
#1758 = EDGE_CURVE ( 'NONE', #4594, #3822, #8566, .T. ) ;
#1759 = DIRECTION ( 'NONE',  ( 0.0000000000000000000, 0.0000000000000000000, 1.000000000000000000 ) ) ;
#1760 = EDGE_LOOP ( 'NONE', ( #526, #4732, #1856 ) ) ;
#1761 = FILL_AREA_STYLE_COLOUR ( '', #5510 ) ;
#1762 = STYLED_ITEM ( 'NONE', ( #6217 ), #3701 ) ;
#1763 = DIRECTION ( 'NONE',  ( -1.000000000000000000, 0.0000000000000000000, -0.0000000000000000000 ) ) ;
#1764 = STYLED_ITEM ( 'NONE', ( #2155 ), #8974 ) ;
#1765 = VERTEX_POINT ( 'NONE', #3071 ) ;
#1766 = ORIENTED_EDGE ( 'NONE', *, *, #2878, .F. ) ;
#1767 = CIRCLE ( 'NONE', #2103, 0.1000000000000002600 ) ;
#1768 = FILL_AREA_STYLE_COLOUR ( '', #3798 ) ;
#1769 = EDGE_CURVE ( 'NONE', #1581, #4324, #7758, .T. ) ;
#1770 = UNCERTAINTY_MEASURE_WITH_UNIT (LENGTH_MEASURE( 1.000000000000000100E-005 ), #1901, 'distance_accuracy_value', 'NONE');
#1771 = SURFACE_STYLE_USAGE ( .BOTH. , #8939 ) ;
#1772 = ORIENTED_EDGE ( 'NONE', *, *, #722, .T. ) ;
#1773 = VECTOR ( 'NONE', #3531, 1000.000000000000000 ) ;
#1774 = CARTESIAN_POINT ( 'NONE',  ( -4.285792174306890500, 2.250000000000000000, -2.142499999999999600 ) ) ;
#1775 = COLOUR_RGB ( '',0.7529411764705882200, 0.7529411764705882200, 0.7529411764705882200 ) ;
#1776 = CARTESIAN_POINT ( 'NONE',  ( 3.799999999999999400, 0.0000000000000000000, 4.587499999999999500 ) ) ;
#1777 = EDGE_CURVE ( 'NONE', #8299, #393, #2881, .T. ) ;
#1778 = UNCERTAINTY_MEASURE_WITH_UNIT (LENGTH_MEASURE( 1.000000000000000100E-005 ), #4219, 'distance_accuracy_value', 'NONE');
#1779 = EDGE_LOOP ( 'NONE', ( #120, #1469, #4759, #4010 ) ) ;
#1780 = DIRECTION ( 'NONE',  ( 0.0000000000000000000, 0.0000000000000000000, -1.000000000000000000 ) ) ;
#1781 =( GEOMETRIC_REPRESENTATION_CONTEXT ( 3 ) GLOBAL_UNCERTAINTY_ASSIGNED_CONTEXT ( ( #9320 ) ) GLOBAL_UNIT_ASSIGNED_CONTEXT ( ( #3749, #7195, #4992 ) ) REPRESENTATION_CONTEXT ( 'NONE', 'WORKASPACE' ) );
#1782 = COLOUR_RGB ( '',0.7529411764705882200, 0.7529411764705882200, 0.7529411764705882200 ) ;
#1783 = CARTESIAN_POINT ( 'NONE',  ( 4.250000000000000000, 0.5000000000000000000, -2.597500000000002800 ) ) ;
#1784 = CARTESIAN_POINT ( 'NONE',  ( -4.730000000000000400, 0.5000000000000000000, -2.297500000000003000 ) ) ;
#1785 = VECTOR ( 'NONE', #6658, 1000.000000000000000 ) ;
#1786 = EDGE_CURVE ( 'NONE', #3647, #5670, #2199, .T. ) ;
#1787 =( GEOMETRIC_REPRESENTATION_CONTEXT ( 3 ) GLOBAL_UNCERTAINTY_ASSIGNED_CONTEXT ( ( #5435 ) ) GLOBAL_UNIT_ASSIGNED_CONTEXT ( ( #8647, #2723, #7800 ) ) REPRESENTATION_CONTEXT ( 'NONE', 'WORKASPACE' ) );
#1788 = ADVANCED_FACE ( 'NONE', ( #9339 ), #8874, .F. ) ;
#1789 = DIRECTION ( 'NONE',  ( 1.000000000000000000, 0.0000000000000000000, -0.0000000000000000000 ) ) ;
#1790 = CARTESIAN_POINT ( 'NONE',  ( 0.0000000000000000000, 0.0000000000000000000, 5.787499999999999600 ) ) ;
#1791 = PRESENTATION_LAYER_ASSIGNMENT (  '', '', ( #2291 ) ) ;
#1792 = CARTESIAN_POINT ( 'NONE',  ( -4.251000000000000300, 0.5010000000000000000, -2.598500000000003100 ) ) ;
#1793 = ORIENTED_EDGE ( 'NONE', *, *, #8989, .T. ) ;
#1794 = EDGE_CURVE ( 'NONE', #8563, #4798, #501, .T. ) ;
#1795 = VECTOR ( 'NONE', #6778, 1000.000000000000000 ) ;
#1796 = ORIENTED_EDGE ( 'NONE', *, *, #8512, .T. ) ;
#1797 = CARTESIAN_POINT ( 'NONE',  ( 4.731000000000000800, 0.5010000000000000000, 0.9634999999999968000 ) ) ;
#1798 = CARTESIAN_POINT ( 'NONE',  ( -4.669999999999999900, 0.5000000000000000000, 0.8574999999999997100 ) ) ;
#1799 = FILL_AREA_STYLE ('',( #8375 ) ) ;
#1800 = FACE_OUTER_BOUND ( 'NONE', #3606, .T. ) ;
#1801 = EDGE_LOOP ( 'NONE', ( #642, #2599, #6734, #8209 ) ) ;
#1802 = VECTOR ( 'NONE', #6103, 999.9999999999998900 ) ;
#1803 = STYLED_ITEM ( 'NONE', ( #1506 ), #2887 ) ;
#1804 = LINE ( 'NONE', #5503, #4068 ) ;
#1805 = PRESENTATION_LAYER_ASSIGNMENT (  '', '', ( #1514 ) ) ;
#1806 = ORIENTED_EDGE ( 'NONE', *, *, #5494, .F. ) ;
#1807 = DIRECTION ( 'NONE',  ( 0.0000000000000000000, -0.1045284632676537100, 0.9945218953682734000 ) ) ;
#1808 = FACE_OUTER_BOUND ( 'NONE', #5267, .T. ) ;
#1809 = ORIENTED_EDGE ( 'NONE', *, *, #264, .T. ) ;
#1810 = FILL_AREA_STYLE ('',( #6137 ) ) ;
#1811 = EDGE_CURVE ( 'NONE', #5898, #747, #4661, .T. ) ;
#1812 = SURFACE_STYLE_FILL_AREA ( #1713 ) ;
#1813 = CARTESIAN_POINT ( 'NONE',  ( 0.0000000000000000000, 0.5000000000000000000, -5.587500000000003000 ) ) ;
#1814 = AXIS2_PLACEMENT_3D ( 'NONE', #4109, #9228, #1348 ) ;
#1815 = DIRECTION ( 'NONE',  ( 0.0000000000000000000, 0.0000000000000000000, 1.000000000000000000 ) ) ;
#1816 = ORIENTED_EDGE ( 'NONE', *, *, #8655, .T. ) ;
#1817 = VECTOR ( 'NONE', #4962, 1000.000000000000000 ) ;
#1818 = VERTEX_POINT ( 'NONE', #7435 ) ;
#1819 = CARTESIAN_POINT ( 'NONE',  ( -2.200000000000000200, 0.0000000000000000000, 5.787499999999999600 ) ) ;
#1820 = VECTOR ( 'NONE', #3736, 1000.000000000000000 ) ;
#1821 = PLANE ( 'NONE',  #3552 ) ;
#1822 =( BOUNDED_CURVE ( )  B_SPLINE_CURVE ( 3, ( #7176, #5685, #8494, #4149 ),
 .UNSPECIFIED., .F., .F. ) 
 B_SPLINE_CURVE_WITH_KNOTS ( ( 4, 4 ),
 ( 2.036085651619859800, 3.601411354047588300 ),
 .UNSPECIFIED. ) 
 CURVE ( )  GEOMETRIC_REPRESENTATION_ITEM ( )  RATIONAL_B_SPLINE_CURVE ( ( 1.000000000000000000, 0.8060255275382066700, 0.8060255275382066700, 1.000000000000000000 ) ) 
 REPRESENTATION_ITEM ( '' )  );
#1823 = EDGE_CURVE ( 'NONE', #2508, #6594, #7517, .T. ) ;
#1824 = VECTOR ( 'NONE', #5961, 1000.000000000000000 ) ;
#1825 = CARTESIAN_POINT ( 'NONE',  ( -4.424999999999999800, 0.0000000000000000000, 5.557499999999999200 ) ) ;
#1826 = ORIENTED_EDGE ( 'NONE', *, *, #2498, .F. ) ;
#1827 = CIRCLE ( 'NONE', #5014, 0.04999999999999969700 ) ;
#1828 = VERTEX_POINT ( 'NONE', #5998 ) ;
#1829 = CARTESIAN_POINT ( 'NONE',  ( -4.760769540619037300, 2.255226423163383000, 1.191981730924696100 ) ) ;
#1830 =( NAMED_UNIT ( * ) PLANE_ANGLE_UNIT ( ) SI_UNIT ( $, .RADIAN. ) );
#1831 = ADVANCED_FACE ( 'NONE', ( #5597 ), #8906, .T. ) ;
#1832 = VECTOR ( 'NONE', #2941, 1000.000000000000000 ) ;
#1833 =( GEOMETRIC_REPRESENTATION_CONTEXT ( 3 ) GLOBAL_UNCERTAINTY_ASSIGNED_CONTEXT ( ( #1551 ) ) GLOBAL_UNIT_ASSIGNED_CONTEXT ( ( #3510, #4908, #1949 ) ) REPRESENTATION_CONTEXT ( 'NONE', 'WORKASPACE' ) );
#1834 = LINE ( 'NONE', #6266, #4635 ) ;
#1835 = VECTOR ( 'NONE', #870, 1000.000000000000000 ) ;
#1836 = ORIENTED_EDGE ( 'NONE', *, *, #5673, .F. ) ;
#1837 = VECTOR ( 'NONE', #9147, 1000.000000000000000 ) ;
#1838 = ORIENTED_EDGE ( 'NONE', *, *, #679, .F. ) ;
#1839 = EDGE_CURVE ( 'NONE', #2031, #3959, #1415, .T. ) ;
#1840 = DIRECTION ( 'NONE',  ( 0.0000000000000000000, 0.0000000000000000000, -1.000000000000000000 ) ) ;
#1841 = PRESENTATION_STYLE_ASSIGNMENT (( #1771 ) ) ;
#1842 = DIRECTION ( 'NONE',  ( 0.05205003326639463800, -0.9931737993569254000, 0.1043867726673114300 ) ) ;
#1843 = ORIENTED_EDGE ( 'NONE', *, *, #5312, .F. ) ;
#1844 = EDGE_LOOP ( 'NONE', ( #3344, #7671, #1560, #6775 ) ) ;
#1845 = FILL_AREA_STYLE ('',( #6175 ) ) ;
#1846 = CARTESIAN_POINT ( 'NONE',  ( 4.670000000000001700, 2.255226423163383000, -2.142500000000000500 ) ) ;
#1847 = MECHANICAL_DESIGN_GEOMETRIC_PRESENTATION_REPRESENTATION (  '', ( #1380 ), #2831 ) ;
#1848 = DIRECTION ( 'NONE',  ( 1.000000000000000000, 0.0000000000000000000, 0.0000000000000000000 ) ) ;
#1849 = SURFACE_STYLE_FILL_AREA ( #4884 ) ;
#1850 = EDGE_CURVE ( 'NONE', #1916, #6513, #4563, .T. ) ;
#1851 = EDGE_LOOP ( 'NONE', ( #547, #9361, #2700, #3909, #5191, #9227 ) ) ;
#1852 = ORIENTED_EDGE ( 'NONE', *, *, #7013, .F. ) ;
#1853 = COLOUR_RGB ( '',0.7529411764705882200, 0.7529411764705882200, 0.7529411764705882200 ) ;
#1854 = SURFACE_SIDE_STYLE ('',( #338 ) ) ;
#1855 = ORIENTED_EDGE ( 'NONE', *, *, #3955, .F. ) ;
#1856 = ORIENTED_EDGE ( 'NONE', *, *, #3233, .F. ) ;
#1857 =( LENGTH_UNIT ( ) NAMED_UNIT ( * ) SI_UNIT ( .MILLI., .METRE. ) );
#1858 = CARTESIAN_POINT ( 'NONE',  ( 2.774999999999999500, 0.1499999999999999900, 5.557499999999999200 ) ) ;
#1859 =( GEOMETRIC_REPRESENTATION_CONTEXT ( 3 ) GLOBAL_UNCERTAINTY_ASSIGNED_CONTEXT ( ( #4193 ) ) GLOBAL_UNIT_ASSIGNED_CONTEXT ( ( #5920, #4415, #3640 ) ) REPRESENTATION_CONTEXT ( 'NONE', 'WORKASPACE' ) );
#1860 = CARTESIAN_POINT ( 'NONE',  ( 0.0000000000000000000, 2.250000000000000000, 1.500000000000000200 ) ) ;
#1861 = SPHERICAL_SURFACE ( 'NONE', #6910, 0.1000000000000000100 ) ;
#1862 = PRESENTATION_LAYER_ASSIGNMENT (  '', '', ( #2721 ) ) ;
#1863 = EDGE_LOOP ( 'NONE', ( #8987, #2209, #4346, #1293 ) ) ;
#1864 = ORIENTED_EDGE ( 'NONE', *, *, #7407, .F. ) ;
#1865 = PRESENTATION_STYLE_ASSIGNMENT (( #1981 ) ) ;
#1866 = SURFACE_SIDE_STYLE ('',( #6592 ) ) ;
#1867 = ORIENTED_EDGE ( 'NONE', *, *, #3945, .T. ) ;
#1868 = EDGE_CURVE ( 'NONE', #6549, #6708, #8900, .T. ) ;
#1869 = EDGE_CURVE ( 'NONE', #9244, #4748, #3450, .T. ) ;
#1870 = ORIENTED_EDGE ( 'NONE', *, *, #8169, .T. ) ;
#1871 = ORIENTED_EDGE ( 'NONE', *, *, #923, .F. ) ;
#1872 = LINE ( 'NONE', #5966, #8151 ) ;
#1873 = SURFACE_STYLE_USAGE ( .BOTH. , #8517 ) ;
#1874 = STYLED_ITEM ( 'NONE', ( #4845 ), #3981 ) ;
#1875 = PRESENTATION_STYLE_ASSIGNMENT (( #1873 ) ) ;
#1876 = DIRECTION ( 'NONE',  ( -1.672022627447524700E-016, 0.0000000000000000000, -1.000000000000000000 ) ) ;
#1877 = CARTESIAN_POINT ( 'NONE',  ( 4.857692519519754400, 2.261331652343349300, 1.239675722138389800 ) ) ;
#1878 = VERTEX_POINT ( 'NONE', #422 ) ;
#1879 = VECTOR ( 'NONE', #1967, 1000.000000000000000 ) ;
#1880 = PLANE ( 'NONE',  #3460 ) ;
#1881 = CARTESIAN_POINT ( 'NONE',  ( -3.798999999999999500, 2.299999999999999800, 5.093165997290524800 ) ) ;
#1882 = ORIENTED_EDGE ( 'NONE', *, *, #7407, .T. ) ;
#1883 = SURFACE_STYLE_FILL_AREA ( #8561 ) ;
#1884 = ADVANCED_FACE ( 'NONE', ( #272 ), #1974, .F. ) ;
#1885 = EDGE_CURVE ( 'NONE', #1311, #6911, #2593, .T. ) ;
#1886 = PRESENTATION_STYLE_ASSIGNMENT (( #1904 ) ) ;
#1887 = CARTESIAN_POINT ( 'NONE',  ( 0.0000000000000000000, 0.0000000000000000000, 5.787499999999999600 ) ) ;
#1888 = ORIENTED_EDGE ( 'NONE', *, *, #1609, .T. ) ;
#1889 = FILL_AREA_STYLE_COLOUR ( '', #553 ) ;
#1890 = EDGE_LOOP ( 'NONE', ( #1534, #3790, #3825, #5134 ) ) ;
#1891 = AXIS2_PLACEMENT_3D ( 'NONE', #9061, #5448, #470 ) ;
#1892 = ORIENTED_EDGE ( 'NONE', *, *, #5791, .T. ) ;
#1893 = ADVANCED_FACE ( 'NONE', ( #6601 ), #2011, .T. ) ;
#1894 = CARTESIAN_POINT ( 'NONE',  ( 4.250000000000000000, 0.5000000000000000000, -4.987500000000002500 ) ) ;
#1895 = EDGE_CURVE ( 'NONE', #7536, #3126, #2768, .T. ) ;
#1896 = FILL_AREA_STYLE ('',( #6319 ) ) ;
#1897 = ORIENTED_EDGE ( 'NONE', *, *, #5718, .F. ) ;
#1898 = CIRCLE ( 'NONE', #6999, 0.04999999999999969700 ) ;
#1899 = LINE ( 'NONE', #7997, #8274 ) ;
#1900 = DIRECTION ( 'NONE',  ( 0.0000000000000000000, -1.000000000000000000, 0.0000000000000000000 ) ) ;
#1901 =( LENGTH_UNIT ( ) NAMED_UNIT ( * ) SI_UNIT ( .MILLI., .METRE. ) );
#1902 = PRESENTATION_LAYER_ASSIGNMENT (  '', '', ( #1069 ) ) ;
#1903 = CARTESIAN_POINT ( 'NONE',  ( 4.860632494094494900, 2.205233595624295000, 1.236727650462716700 ) ) ;
#1904 = SURFACE_STYLE_USAGE ( .BOTH. , #9074 ) ;
#1905 = LINE ( 'NONE', #266, #1795 ) ;
#1906 = ORIENTED_EDGE ( 'NONE', *, *, #7989, .T. ) ;
#1907 = EDGE_CURVE ( 'NONE', #2574, #2868, #9120, .T. ) ;
#1908 = SURFACE_STYLE_FILL_AREA ( #5217 ) ;
#1909 = CARTESIAN_POINT ( 'NONE',  ( 0.0000000000000000000, 0.5010000000000000000, 0.0000000000000000000 ) ) ;
#1910 = DIRECTION ( 'NONE',  ( 0.0000000000000000000, 0.0000000000000000000, -1.000000000000000000 ) ) ;
#1911 = DIRECTION ( 'NONE',  ( 0.0000000000000000000, 0.0000000000000000000, -1.000000000000000000 ) ) ;
#1912 = FACE_OUTER_BOUND ( 'NONE', #8736, .T. ) ;
#1913 = ORIENTED_EDGE ( 'NONE', *, *, #7376, .T. ) ;
#1914 =( NAMED_UNIT ( * ) PLANE_ANGLE_UNIT ( ) SI_UNIT ( $, .RADIAN. ) );
#1915 = STYLED_ITEM ( 'NONE', ( #6499 ), #7492 ) ;
#1916 = VERTEX_POINT ( 'NONE', #3433 ) ;
#1917 = VECTOR ( 'NONE', #3539, 1000.000000000000100 ) ;
#1918 = CARTESIAN_POINT ( 'NONE',  ( 4.599999999999999600, 0.5000000000000000000, 5.787499999999999600 ) ) ;
#1919 = CARTESIAN_POINT ( 'NONE',  ( 4.670000000000001700, 2.250000000000000000, 0.8574999999999997100 ) ) ;
#1920 = CARTESIAN_POINT ( 'NONE',  ( 2.200000000000000200, 0.5000000000000000000, 4.587499999999999500 ) ) ;
#1921 = VECTOR ( 'NONE', #7505, 1000.000000000000000 ) ;
#1922 = ADVANCED_FACE ( 'NONE', ( #2431 ), #6301, .T. ) ;
#1923 = ORIENTED_EDGE ( 'NONE', *, *, #3025, .F. ) ;
#1924 = FACE_OUTER_BOUND ( 'NONE', #2784, .T. ) ;
#1925 = VERTEX_POINT ( 'NONE', #2610 ) ;
#1926 = AXIS2_PLACEMENT_3D ( 'NONE', #6590, #5004, #1418 ) ;
#1927 = PRESENTATION_LAYER_ASSIGNMENT (  '', '', ( #8448 ) ) ;
#1928 = LINE ( 'NONE', #3023, #1820 ) ;
#1929 = CARTESIAN_POINT ( 'NONE',  ( 0.0000000000000000000, 0.0000000000000000000, 3.787499999999999200 ) ) ;
#1930 = VECTOR ( 'NONE', #816, 1000.000000000000000 ) ;
#1931 = DIRECTION ( 'NONE',  ( -0.5000000000000050000, 0.8660254037844358200, 0.0000000000000000000 ) ) ;
#1932 = CARTESIAN_POINT ( 'NONE',  ( -1.399999999999999900, 0.5000000000000000000, 5.787499999999999600 ) ) ;
#1933 = EDGE_CURVE ( 'NONE', #8120, #1311, #3653, .T. ) ;
#1934 = VERTEX_POINT ( 'NONE', #7678 ) ;
#1935 = CIRCLE ( 'NONE', #2548, 0.05000000000000012800 ) ;
#1936 = EDGE_LOOP ( 'NONE', ( #3856, #5573, #3948, #978 ) ) ;
#1937 = AXIS2_PLACEMENT_3D ( 'NONE', #3714, #1570, #6618 ) ;
#1938 = SURFACE_STYLE_FILL_AREA ( #5944 ) ;
#1939 = ADVANCED_FACE ( 'NONE', ( #7877 ), #4599, .T. ) ;
#1940 = CARTESIAN_POINT ( 'NONE',  ( 3.798999999999999500, 0.5010000000000000000, 4.588499999999999800 ) ) ;
#1941 =( LENGTH_UNIT ( ) NAMED_UNIT ( * ) SI_UNIT ( .MILLI., .METRE. ) );
#1942 = DIRECTION ( 'NONE',  ( -0.0000000000000000000, -1.000000000000000000, -0.0000000000000000000 ) ) ;
#1943 = FACE_OUTER_BOUND ( 'NONE', #6903, .T. ) ;
#1944 = LINE ( 'NONE', #6466, #7498 ) ;
#1945 =( GEOMETRIC_REPRESENTATION_CONTEXT ( 3 ) GLOBAL_UNCERTAINTY_ASSIGNED_CONTEXT ( ( #3353 ) ) GLOBAL_UNIT_ASSIGNED_CONTEXT ( ( #517, #1284, #2677 ) ) REPRESENTATION_CONTEXT ( 'NONE', 'WORKASPACE' ) );
#1946 = VERTEX_POINT ( 'NONE', #1154 ) ;
#1947 = VECTOR ( 'NONE', #7858, 1000.000000000000000 ) ;
#1948 = CARTESIAN_POINT ( 'NONE',  ( 3.799999999999999400, 0.5000000000000000000, 5.787499999999999600 ) ) ;
#1949 =( NAMED_UNIT ( * ) SI_UNIT ( $, .STERADIAN. ) SOLID_ANGLE_UNIT ( ) );
#1950 = LINE ( 'NONE', #6243, #6126 ) ;
#1951 = EDGE_CURVE ( 'NONE', #1241, #3756, #3879, .T. ) ;
#1952 = CARTESIAN_POINT ( 'NONE',  ( 4.150999999999999800, 0.5010000000000000000, -4.986500000000002200 ) ) ;
#1953 = LINE ( 'NONE', #6214, #945 ) ;
#1954 = ORIENTED_EDGE ( 'NONE', *, *, #9148, .T. ) ;
#1955 = CIRCLE ( 'NONE', #3330, 0.04999999999999969700 ) ;
#1956 = DIRECTION ( 'NONE',  ( -0.0000000000000000000, 1.000000000000000000, -0.0000000000000000000 ) ) ;
#1957 = ORIENTED_EDGE ( 'NONE', *, *, #3378, .F. ) ;
#1959 = VECTOR ( 'NONE', #2696, 1000.000000000000200 ) ;
#1958 = DIRECTION ( 'NONE',  ( 1.000000000000000000, 0.0000000000000000000, -1.672022627447524700E-016 ) ) ;
#1960 = VERTEX_POINT ( 'NONE', #5739 ) ;
#1961 = DIRECTION ( 'NONE',  ( -0.0000000000000000000, -1.000000000000000000, -0.0000000000000000000 ) ) ;
#1962 = CARTESIAN_POINT ( 'NONE',  ( -4.860632494094494900, 2.205233595624294100, 8.127087513832692500E-016 ) ) ;
#1963 = DIRECTION ( 'NONE',  ( 0.0000000000000000000, -1.000000000000000000, 0.0000000000000000000 ) ) ;
#1964 = ORIENTED_EDGE ( 'NONE', *, *, #3931, .T. ) ;
#1965 = ORIENTED_EDGE ( 'NONE', *, *, #5700, .F. ) ;
#1966 = VECTOR ( 'NONE', #2256, 1000.000000000000000 ) ;
#1967 = DIRECTION ( 'NONE',  ( 0.0000000000000000000, -1.000000000000000000, 0.0000000000000000000 ) ) ;
#1968 = EDGE_CURVE ( 'NONE', #6363, #2880, #6931, .T. ) ;
#1969 = ORIENTED_EDGE ( 'NONE', *, *, #9204, .T. ) ;
#1970 = FILL_AREA_STYLE ('',( #480 ) ) ;
#1971 = ORIENTED_EDGE ( 'NONE', *, *, #5046, .T. ) ;
#1972 = AXIS2_PLACEMENT_3D ( 'NONE', #3363, #8436, #3388 ) ;
#1973 =( NAMED_UNIT ( * ) PLANE_ANGLE_UNIT ( ) SI_UNIT ( $, .RADIAN. ) );
#1974 = PLANE ( 'NONE',  #6401 ) ;
#1975 = CARTESIAN_POINT ( 'NONE',  ( -1.399000000000000000, 0.5010000000000000000, 3.786499999999998900 ) ) ;
#1976 = VECTOR ( 'NONE', #6039, 1000.000000000000000 ) ;
#1977 = CARTESIAN_POINT ( 'NONE',  ( 4.950000000000000200, 0.4999999999998842000, -2.342500377445273100 ) ) ;
#1978 = ORIENTED_EDGE ( 'NONE', *, *, #1823, .F. ) ;
#1979 = ORIENTED_EDGE ( 'NONE', *, *, #6573, .F. ) ;
#1980 = VECTOR ( 'NONE', #2104, 1000.000000000000000 ) ;
#1981 = SURFACE_STYLE_USAGE ( .BOTH. , #4736 ) ;
#1982 = DIRECTION ( 'NONE',  ( 1.000000000000000000, 0.0000000000000000000, -0.0000000000000000000 ) ) ;
#1983 = STYLED_ITEM ( 'NONE', ( #6761 ), #6773 ) ;
#1984 = ADVANCED_FACE ( 'NONE', ( #5007 ), #3558, .F. ) ;
#1985 = ORIENTED_EDGE ( 'NONE', *, *, #5557, .T. ) ;
#1986 = CARTESIAN_POINT ( 'NONE',  ( -4.601000000000000000, 0.5010000000000000000, 5.187447592220710400 ) ) ;
#1987 = CARTESIAN_POINT ( 'NONE',  ( 0.0000000000000000000, 2.299999999999999800, -4.998269540619038900 ) ) ;
#1988 = EDGE_CURVE ( 'NONE', #5255, #4932, #1955, .T. ) ;
#1989 = ORIENTED_EDGE ( 'NONE', *, *, #2994, .F. ) ;
#1990 = DIRECTION ( 'NONE',  ( -1.000000000000000000, -0.0000000000000000000, -0.0000000000000000000 ) ) ;
#1991 = ORIENTED_EDGE ( 'NONE', *, *, #4875, .T. ) ;
#1992 = VERTEX_POINT ( 'NONE', #8575 ) ;
#1993 = VECTOR ( 'NONE', #855, 1000.000000000000000 ) ;
#1994 = LINE ( 'NONE', #419, #3690 ) ;
#1995 = SURFACE_STYLE_USAGE ( .BOTH. , #1338 ) ;
#1996 = MECHANICAL_DESIGN_GEOMETRIC_PRESENTATION_REPRESENTATION (  '', ( #3456 ), #6960 ) ;
#1997 = CARTESIAN_POINT ( 'NONE',  ( 4.742163485014220500, 2.555024690214982900, -4.979663485014223000 ) ) ;
#1998 = CARTESIAN_POINT ( 'NONE',  ( 4.250000000000000000, 0.5000000000000000000, 1.102499999999997600 ) ) ;
#1999 = DIRECTION ( 'NONE',  ( -1.000000000000000000, 0.0000000000000000000, 0.0000000000000000000 ) ) ;
#2000 =( NAMED_UNIT ( * ) PLANE_ANGLE_UNIT ( ) SI_UNIT ( $, .RADIAN. ) );
#2001 = CARTESIAN_POINT ( 'NONE',  ( 0.0000000000000000000, 0.5010000000000000000, 0.0000000000000000000 ) ) ;
#2002 = EDGE_LOOP ( 'NONE', ( #3002, #8258, #9272, #3951, #9093, #2433 ) ) ;
#2003 = VECTOR ( 'NONE', #5580, 1000.000000000000000 ) ;
#2004 = EDGE_CURVE ( 'NONE', #3130, #9122, #7995, .T. ) ;
#2005 = EDGE_CURVE ( 'NONE', #2393, #1341, #7743, .T. ) ;
#2006 = DIRECTION ( 'NONE',  ( 1.000000000000000000, -0.0000000000000000000, 0.0000000000000000000 ) ) ;
#2007 = CARTESIAN_POINT ( 'NONE',  ( 0.0000000000000000000, 0.5000000000000000000, -5.887500000000002800 ) ) ;
#2008 = DIRECTION ( 'NONE',  ( 1.000000000000000000, 0.0000000000000000000, -0.0000000000000000000 ) ) ;
#2009 = VERTEX_POINT ( 'NONE', #9294 ) ;
#2010 = FACE_OUTER_BOUND ( 'NONE', #3674, .T. ) ;
#2011 = PLANE ( 'NONE',  #3206 ) ;
#2012 = DIRECTION ( 'NONE',  ( 1.000000000000000000, -0.0000000000000000000, 0.0000000000000000000 ) ) ;
#2013 = DIRECTION ( 'NONE',  ( -1.000000000000000000, 0.0000000000000000000, 0.0000000000000000000 ) ) ;
#2014 = VECTOR ( 'NONE', #8797, 1000.000000000000100 ) ;
#2015 = DIRECTION ( 'NONE',  ( -1.000000000000000000, -0.0000000000000000000, -0.0000000000000000000 ) ) ;
#2016 = DIRECTION ( 'NONE',  ( -0.0000000000000000000, -1.000000000000000000, -0.0000000000000000000 ) ) ;
#2017 = EDGE_CURVE ( 'NONE', #8199, #1828, #948, .T. ) ;
#2018 = VECTOR ( 'NONE', #3087, 1000.000000000000100 ) ;
#2019 =( NAMED_UNIT ( * ) SI_UNIT ( $, .STERADIAN. ) SOLID_ANGLE_UNIT ( ) );
#2020 = VERTEX_POINT ( 'NONE', #2099 ) ;
#2021 = CARTESIAN_POINT ( 'NONE',  ( -0.1989999999999999300, 2.299999999999999800, 5.093165997290524800 ) ) ;
#2022 = PRESENTATION_LAYER_ASSIGNMENT (  '', '', ( #4131 ) ) ;
#2023 = ORIENTED_EDGE ( 'NONE', *, *, #7159, .F. ) ;
#2024 = FACE_OUTER_BOUND ( 'NONE', #4350, .T. ) ;
#2025 = CARTESIAN_POINT ( 'NONE',  ( -4.601000000000000000, 0.07000000000000018700, 5.187499999999999100 ) ) ;
#2026 = DIRECTION ( 'NONE',  ( -1.000000000000000000, 0.0000000000000000000, 0.0000000000000000000 ) ) ;
#2027 = EDGE_CURVE ( 'NONE', #5255, #6334, #381, .T. ) ;
#2028 = LINE ( 'NONE', #9137, #1127 ) ;
#2029 = ORIENTED_EDGE ( 'NONE', *, *, #8266, .T. ) ;
#2030 = CARTESIAN_POINT ( 'NONE',  ( -0.4616025403784435600, 0.1499999999999999900, 5.787499999999999600 ) ) ;
#2031 = VERTEX_POINT ( 'NONE', #1443 ) ;
#2032 = CARTESIAN_POINT ( 'NONE',  ( -4.949999999999999300, 0.07000000000000018700, 5.137499999999999300 ) ) ;
#2033 = FILL_AREA_STYLE_COLOUR ( '', #2377 ) ;
#2034 = ORIENTED_EDGE ( 'NONE', *, *, #4382, .T. ) ;
#2035 = DIRECTION ( 'NONE',  ( -1.000000000000000000, 0.0000000000000000000, 0.0000000000000000000 ) ) ;
#2036 = DIRECTION ( 'NONE',  ( 0.0000000000000000000, 0.0000000000000000000, 1.000000000000000000 ) ) ;
#2037 = EDGE_CURVE ( 'NONE', #7121, #2530, #8439, .T. ) ;
#2038 = CYLINDRICAL_SURFACE ( 'NONE', #7400, 0.04999999999999969700 ) ;
#2039 = ADVANCED_FACE ( 'NONE', ( #4101 ), #5856, .F. ) ;
#2040 = CARTESIAN_POINT ( 'NONE',  ( 4.812508194089709900, 2.168133811551964400, 1.233103342562163400 ) ) ;
#2041 = LINE ( 'NONE', #3559, #9191 ) ;
#2042 = ORIENTED_EDGE ( 'NONE', *, *, #9258, .T. ) ;
#2043 =( LENGTH_UNIT ( ) NAMED_UNIT ( * ) SI_UNIT ( .MILLI., .METRE. ) );
#2044 = COLOUR_RGB ( '',0.7529411764705882200, 0.7529411764705882200, 0.7529411764705882200 ) ;
#2045 = PRESENTATION_LAYER_ASSIGNMENT (  '', '', ( #2531 ) ) ;
#2046 = LINE ( 'NONE', #6874, #2737 ) ;
#2047 = PRESENTATION_LAYER_ASSIGNMENT (  '', '', ( #4154 ) ) ;
#2048 = VECTOR ( 'NONE', #8629, 1000.000000000000000 ) ;
#2049 = DIRECTION ( 'NONE',  ( 0.0000000000000000000, -1.000000000000000000, 0.0000000000000000000 ) ) ;
#2050 = EDGE_LOOP ( 'NONE', ( #7515, #1632, #4093, #8671 ) ) ;
#2051 = LINE ( 'NONE', #2131, #3755 ) ;
#2052 = UNCERTAINTY_MEASURE_WITH_UNIT (LENGTH_MEASURE( 1.000000000000000100E-005 ), #4477, 'distance_accuracy_value', 'NONE');
#2053 = VECTOR ( 'NONE', #9188, 1000.000000000000100 ) ;
#2054 = CARTESIAN_POINT ( 'NONE',  ( -3.401000000000000200, 0.5010000000000000000, 3.786499999999998900 ) ) ;
#2055 = EDGE_CURVE ( 'NONE', #2031, #8155, #1640, .T. ) ;
#2056 = DIRECTION ( 'NONE',  ( 0.0000000000000000000, 0.05233595624294126000, 0.9986295347545739400 ) ) ;
#2057 = AXIS2_PLACEMENT_3D ( 'NONE', #8800, #6109, #5199 ) ;
#2058 = LINE ( 'NONE', #2717, #2857 ) ;
#2059 = STYLED_ITEM ( 'NONE', ( #3605 ), #9267 ) ;
#2060 = ORIENTED_EDGE ( 'NONE', *, *, #6803, .T. ) ;
#2061 = FACE_OUTER_BOUND ( 'NONE', #2107, .T. ) ;
#2062 = DIRECTION ( 'NONE',  ( -0.0000000000000000000, -1.000000000000000000, -0.0000000000000000000 ) ) ;
#2063 = VECTOR ( 'NONE', #5587, 1000.000000000000000 ) ;
#2064 =( NAMED_UNIT ( * ) SI_UNIT ( $, .STERADIAN. ) SOLID_ANGLE_UNIT ( ) );
#2065 = DIRECTION ( 'NONE',  ( 0.0000000000000000000, 0.0000000000000000000, -1.000000000000000000 ) ) ;
#2066 = CARTESIAN_POINT ( 'NONE',  ( -4.601000000000000000, 0.5010000000000000000, 3.786499999999998900 ) ) ;
#2067 = FACE_OUTER_BOUND ( 'NONE', #5946, .T. ) ;
#2068 = EDGE_CURVE ( 'NONE', #7763, #1653, #7179, .T. ) ;
#2069 = CARTESIAN_POINT ( 'NONE',  ( -4.250000000000000000, 0.5000000000000000000, -5.237500000000000700 ) ) ;
#2070 = LINE ( 'NONE', #3982, #5234 ) ;
#2071 = ORIENTED_EDGE ( 'NONE', *, *, #740, .T. ) ;
#2072 = ORIENTED_EDGE ( 'NONE', *, *, #5339, .T. ) ;
#2073 = CARTESIAN_POINT ( 'NONE',  ( -4.760769540619037300, 2.200000000000000200, 7.960114395977986100E-016 ) ) ;
#2074 = CARTESIAN_POINT ( 'NONE',  ( 4.935898757011783800, 0.07000000000000278200, -5.187500000000000900 ) ) ;
#2075 = LINE ( 'NONE', #316, #6368 ) ;
#2076 = STYLED_ITEM ( 'NONE', ( #6928 ), #4818 ) ;
#2077 = CARTESIAN_POINT ( 'NONE',  ( 3.401000000000000200, 0.5010000000000000000, 4.588499999999999800 ) ) ;
#2078 = ORIENTED_EDGE ( 'NONE', *, *, #4161, .F. ) ;
#2079 = VERTEX_POINT ( 'NONE', #8792 ) ;
#2080 = EDGE_CURVE ( 'NONE', #3599, #2106, #372, .T. ) ;
#2081 = CARTESIAN_POINT ( 'NONE',  ( -4.669999999999999900, 2.250000000000000000, 0.8574999999999997100 ) ) ;
#2082 = PRESENTATION_STYLE_ASSIGNMENT (( #128 ) ) ;
#2083 = EDGE_LOOP ( 'NONE', ( #2435, #5858, #4601, #8793 ) ) ;
#2084 = ORIENTED_EDGE ( 'NONE', *, *, #7069, .T. ) ;
#2085 = ADVANCED_FACE ( 'NONE', ( #1513 ), #3322, .T. ) ;
#2086 = LINE ( 'NONE', #7821, #7639 ) ;
#2087 = CARTESIAN_POINT ( 'NONE',  ( 4.250000000000000000, 0.0000000000000000000, -0.0000000000000000000 ) ) ;
#2088 = DIRECTION ( 'NONE',  ( 0.5000000000000027800, -0.8660254037844370400, 0.0000000000000000000 ) ) ;
#2089 = AXIS2_PLACEMENT_3D ( 'NONE', #8752, #2145, #7965 ) ;
#2090 = DIRECTION ( 'NONE',  ( 0.0000000000000000000, 8.131516293641332600E-016, -1.000000000000000000 ) ) ;
#2091 = SURFACE_STYLE_FILL_AREA ( #6835 ) ;
#2092 = EDGE_CURVE ( 'NONE', #6640, #5105, #7867, .T. ) ;
#2093 = EDGE_LOOP ( 'NONE', ( #5155, #7172, #8464, #6961 ) ) ;
#2094 = VERTEX_POINT ( 'NONE', #6578 ) ;
#2095 = LINE ( 'NONE', #3193, #4791 ) ;
#2096 = FILL_AREA_STYLE_COLOUR ( '', #108 ) ;
#2097 = AXIS2_PLACEMENT_3D ( 'NONE', #8312, #3243, #7535 ) ;
#2098 = FACE_OUTER_BOUND ( 'NONE', #8756, .T. ) ;
#2099 = CARTESIAN_POINT ( 'NONE',  ( 4.599999999999999600, 0.5000000000000000000, 5.787499999999999600 ) ) ;
#2100 = DIRECTION ( 'NONE',  ( -0.0000000000000000000, 0.0000000000000000000, -1.000000000000000000 ) ) ;
#2101 = CARTESIAN_POINT ( 'NONE',  ( 4.950000000000001100, 0.4999999999998842000, 5.087499999999998600 ) ) ;
#2102 = ORIENTED_EDGE ( 'NONE', *, *, #5226, .T. ) ;
#2103 = AXIS2_PLACEMENT_3D ( 'NONE', #5434, #1098, #1815 ) ;
#2104 = DIRECTION ( 'NONE',  ( 0.0000000000000000000, 0.0000000000000000000, -1.000000000000000000 ) ) ;
#2105 = AXIS2_PLACEMENT_3D ( 'NONE', #6298, #4733, #2008 ) ;
#2106 = VERTEX_POINT ( 'NONE', #781 ) ;
#2107 = EDGE_LOOP ( 'NONE', ( #7331, #7430, #3771, #5823, #281, #4137, #1065, #778 ) ) ;
#2108 = FACE_OUTER_BOUND ( 'NONE', #4465, .T. ) ;
#2109 = CARTESIAN_POINT ( 'NONE',  ( 4.900000000000000400, 0.0000000000000000000, -5.887500000000002800 ) ) ;
#2110 = PRESENTATION_STYLE_ASSIGNMENT (( #4764 ) ) ;
#2111 = DIRECTION ( 'NONE',  ( 1.000000000000000000, 0.0000000000000000000, 0.0000000000000000000 ) ) ;
#2112 = PLANE ( 'NONE',  #7823 ) ;
#2113 =( NAMED_UNIT ( * ) PLANE_ANGLE_UNIT ( ) SI_UNIT ( $, .RADIAN. ) );
#2114 = VERTEX_POINT ( 'NONE', #5826 ) ;
#2115 = PRESENTATION_STYLE_ASSIGNMENT (( #1554 ) ) ;
#2116 = SURFACE_STYLE_FILL_AREA ( #4052 ) ;
#2117 = PRESENTATION_LAYER_ASSIGNMENT (  '', '', ( #3759 ) ) ;
#2118 = VERTEX_POINT ( 'NONE', #2195 ) ;
#2119 = CARTESIAN_POINT ( 'NONE',  ( -4.945534555736943000, 0.04922085752480369300, -5.180748891361501400 ) ) ;
#2120 = CARTESIAN_POINT ( 'NONE',  ( 3.700000000000001100, 0.5000000000000000000, -5.587500000000003000 ) ) ;
#2121 = DIRECTION ( 'NONE',  ( 0.0000000000000000000, 0.0000000000000000000, -1.000000000000000000 ) ) ;
#2122 = EDGE_LOOP ( 'NONE', ( #2798, #1182, #6725, #5812 ) ) ;
#2123 = SURFACE_STYLE_FILL_AREA ( #4448 ) ;
#2124 = EDGE_CURVE ( 'NONE', #5885, #6479, #1630, .T. ) ;
#2125 = LINE ( 'NONE', #6557, #7221 ) ;
#2126 = AXIS2_PLACEMENT_3D ( 'NONE', #3311, #4761, #479 ) ;
#2127 = SURFACE_SIDE_STYLE ('',( #8493 ) ) ;
#2128 = CARTESIAN_POINT ( 'NONE',  ( 4.873430283330926600, 0.4999999999998954700, -5.187500000000000900 ) ) ;
#2129 = CARTESIAN_POINT ( 'NONE',  ( -4.900000000000000400, 0.02000000000000000000, 8.192910874492872400E-016 ) ) ;
#2130 = CARTESIAN_POINT ( 'NONE',  ( 4.810077291792466300, 2.299999930117181600, 1.196687616133242000 ) ) ;
#2131 = CARTESIAN_POINT ( 'NONE',  ( -4.949999999999999300, 0.4999999999998839800, 5.187499999999999100 ) ) ;
#2132 = EDGE_LOOP ( 'NONE', ( #2661, #1232, #1806, #5415 ) ) ;
#2133 = PRESENTATION_STYLE_ASSIGNMENT (( #4484 ) ) ;
#2134 = DIRECTION ( 'NONE',  ( -1.000000000000000000, 0.0000000000000000000, 0.0000000000000000000 ) ) ;
#2135 = CIRCLE ( 'NONE', #4087, 0.04999999999999969700 ) ;
#2136 = LINE ( 'NONE', #7886, #903 ) ;
#2137 = EDGE_CURVE ( 'NONE', #6441, #5744, #147, .T. ) ;
#2138 = CARTESIAN_POINT ( 'NONE',  ( -4.936461638625416100, 0.06516941566556566600, -5.187500000000000900 ) ) ;
#2139 =( NAMED_UNIT ( * ) SI_UNIT ( $, .STERADIAN. ) SOLID_ANGLE_UNIT ( ) );
#2140 = LINE ( 'NONE', #3911, #8076 ) ;
#2141 =( GEOMETRIC_REPRESENTATION_CONTEXT ( 3 ) GLOBAL_UNCERTAINTY_ASSIGNED_CONTEXT ( ( #3522 ) ) GLOBAL_UNIT_ASSIGNED_CONTEXT ( ( #3664, #4367, #8074 ) ) REPRESENTATION_CONTEXT ( 'NONE', 'WORKASPACE' ) );
#2142 = COLOUR_RGB ( '',0.7529411764705882200, 0.7529411764705882200, 0.7529411764705882200 ) ;
#2143 = ORIENTED_EDGE ( 'NONE', *, *, #5240, .F. ) ;
#2144 = CARTESIAN_POINT ( 'NONE',  ( -4.731000000000000800, 0.5000000000000000000, -2.292500000000000400 ) ) ;
#2145 = DIRECTION ( 'NONE',  ( 0.8660254037844358200, 0.5000000000000048800, -0.0000000000000000000 ) ) ;
#2146 = EDGE_CURVE ( 'NONE', #8704, #6640, #2757, .T. ) ;
#2147 = CARTESIAN_POINT ( 'NONE',  ( 0.0000000000000000000, 0.02000000000000000000, -5.137500000000001100 ) ) ;
#2148 =( NAMED_UNIT ( * ) SI_UNIT ( $, .STERADIAN. ) SOLID_ANGLE_UNIT ( ) );
#2149 = COLOUR_RGB ( '',0.7529411764705882200, 0.7529411764705882200, 0.7529411764705882200 ) ;
#2150 = PLANE ( 'NONE',  #5787 ) ;
#2151 = LINE ( 'NONE', #2921, #7474 ) ;
#2152 = ORIENTED_EDGE ( 'NONE', *, *, #5958, .F. ) ;
#2153 = LINE ( 'NONE', #2842, #7710 ) ;
#2154 = SURFACE_STYLE_USAGE ( .BOTH. , #2127 ) ;
#2155 = PRESENTATION_STYLE_ASSIGNMENT (( #9206 ) ) ;
#2156 = DIRECTION ( 'NONE',  ( 0.0000000000000000000, 0.0000000000000000000, -1.000000000000000000 ) ) ;
#2157 = STYLED_ITEM ( 'NONE', ( #7334 ), #6531 ) ;
#2158 =( NAMED_UNIT ( * ) PLANE_ANGLE_UNIT ( ) SI_UNIT ( $, .RADIAN. ) );
#2159 = CARTESIAN_POINT ( 'NONE',  ( 4.787013338742224500, 2.255226370686283000, 1.191981725409130500 ) ) ;
#2160 = VECTOR ( 'NONE', #2036, 1000.000000000000000 ) ;
#2161 = ORIENTED_EDGE ( 'NONE', *, *, #1398, .F. ) ;
#2162 = CARTESIAN_POINT ( 'NONE',  ( 4.731000000000000800, 0.01999999999999999700, -2.298500000000003300 ) ) ;
#2163 = EDGE_CURVE ( 'NONE', #5797, #6458, #4428, .T. ) ;
#2164 = DIRECTION ( 'NONE',  ( 0.0000000000000000000, 0.0000000000000000000, -1.000000000000000000 ) ) ;
#2165 = CARTESIAN_POINT ( 'NONE',  ( -3.700000000000001100, 0.0000000000000000000, -0.0000000000000000000 ) ) ;
#2166 = ADVANCED_FACE ( 'NONE', ( #5359 ), #2229, .F. ) ;
#2167 = CARTESIAN_POINT ( 'NONE',  ( 4.760769540619038200, 2.200000000000000200, 4.998269540619036300 ) ) ;
#2168 = CARTESIAN_POINT ( 'NONE',  ( 3.197756350946082900, -1.346225490021590900, 5.787499999999999600 ) ) ;
#2169 = VERTEX_POINT ( 'NONE', #8152 ) ;
#2170 = LINE ( 'NONE', #8705, #7972 ) ;
#2171 = PRESENTATION_LAYER_ASSIGNMENT (  '', '', ( #9332 ) ) ;
#2172 = UNCERTAINTY_MEASURE_WITH_UNIT (LENGTH_MEASURE( 1.000000000000000100E-005 ), #5422, 'distance_accuracy_value', 'NONE');
#2173 = AXIS2_PLACEMENT_3D ( 'NONE', #4835, #6977, #3442 ) ;
#2174 = VECTOR ( 'NONE', #457, 1000.000000000000000 ) ;
#2175 = DIRECTION ( 'NONE',  ( 1.000000000000000000, 0.0000000000000000000, 0.0000000000000000000 ) ) ;
#2176 = SURFACE_STYLE_FILL_AREA ( #4494 ) ;
#2177 = CONICAL_SURFACE ( 'NONE', #6136, 0.1499999999999999700, 0.1047197551196600000 ) ;
#2178 = ADVANCED_FACE ( 'NONE', ( #7167 ), #808, .F. ) ;
#2179 = ORIENTED_EDGE ( 'NONE', *, *, #4861, .T. ) ;
#2180 = DIRECTION ( 'NONE',  ( 1.000000000000000000, -0.0000000000000000000, 0.0000000000000000000 ) ) ;
#2181 = ORIENTED_EDGE ( 'NONE', *, *, #2541, .F. ) ;
#2182 = EDGE_CURVE ( 'NONE', #2329, #7779, #833, .T. ) ;
#2183 = DIRECTION ( 'NONE',  ( -1.000000000000000000, 0.0000000000000000000, 0.0000000000000000000 ) ) ;
#2184 = CARTESIAN_POINT ( 'NONE',  ( 1.574999999999999100, 0.0000000000000000000, 5.787499999999999600 ) ) ;
#2185 =( NAMED_UNIT ( * ) SI_UNIT ( $, .STERADIAN. ) SOLID_ANGLE_UNIT ( ) );
#2186 = UNCERTAINTY_MEASURE_WITH_UNIT (LENGTH_MEASURE( 1.000000000000000100E-005 ), #8693, 'distance_accuracy_value', 'NONE');
#2187 = AXIS2_PLACEMENT_3D ( 'NONE', #474, #1212, #8401 ) ;
#2188 = FACE_OUTER_BOUND ( 'NONE', #1202, .T. ) ;
#2189 = ORIENTED_EDGE ( 'NONE', *, *, #7318, .T. ) ;
#2190 = VECTOR ( 'NONE', #2776, 1000.000000000000000 ) ;
#2191 = LINE ( 'NONE', #5666, #2311 ) ;
#2192 = ORIENTED_EDGE ( 'NONE', *, *, #2370, .F. ) ;
#2193 = COLOUR_RGB ( '',0.7529411764705882200, 0.7529411764705882200, 0.7529411764705882200 ) ;
#2194 = DIRECTION ( 'NONE',  ( 0.0000000000000000000, -1.000000000000000000, 0.0000000000000000000 ) ) ;
#2195 = CARTESIAN_POINT ( 'NONE',  ( 4.251000000000000300, 0.01999999999999999700, -2.298500000000003300 ) ) ;
#2196 = EDGE_CURVE ( 'NONE', #6594, #6215, #8650, .T. ) ;
#2197 = VERTEX_POINT ( 'NONE', #5260 ) ;
#2198 = ORIENTED_EDGE ( 'NONE', *, *, #5385, .T. ) ;
#2199 = LINE ( 'NONE', #1952, #1524 ) ;
#2200 = VERTEX_POINT ( 'NONE', #2478 ) ;
#2201 = ORIENTED_EDGE ( 'NONE', *, *, #9377, .T. ) ;
#2202 = CARTESIAN_POINT ( 'NONE',  ( -4.949999999999999300, 0.4999999999998839800, 5.187499999999999100 ) ) ;
#2203 = SURFACE_STYLE_USAGE ( .BOTH. , #2843 ) ;
#2204 = STYLED_ITEM ( 'NONE', ( #6252 ), #5058 ) ;
#2205 = PLANE ( 'NONE',  #7670 ) ;
#2206 = DIRECTION ( 'NONE',  ( 0.0000000000000000000, -0.0000000000000000000, -1.000000000000000000 ) ) ;
#2207 = PRESENTATION_STYLE_ASSIGNMENT (( #5977 ) ) ;
#2208 = ORIENTED_EDGE ( 'NONE', *, *, #6338, .F. ) ;
#2209 = ORIENTED_EDGE ( 'NONE', *, *, #8181, .F. ) ;
#2210 = VECTOR ( 'NONE', #5526, 1000.000000000000200 ) ;
#2211 = EDGE_CURVE ( 'NONE', #2909, #3334, #8321, .T. ) ;
#2212 = ORIENTED_EDGE ( 'NONE', *, *, #3710, .F. ) ;
#2213 = ORIENTED_EDGE ( 'NONE', *, *, #7423, .T. ) ;
#2214 = DIRECTION ( 'NONE',  ( 0.0000000000000000000, -0.0000000000000000000, -1.000000000000000000 ) ) ;
#2215 = CARTESIAN_POINT ( 'NONE',  ( 4.670000000000002600, 0.5000000000000000000, 1.007499999999999600 ) ) ;
#2216 = CARTESIAN_POINT ( 'NONE',  ( -1.001000000000000100, 0.07000000000000018700, 5.137499999999999300 ) ) ;
#2217 = CARTESIAN_POINT ( 'NONE',  ( 4.670000000000002600, 0.5000000000000000000, -2.292500000000000400 ) ) ;
#2218 = ORIENTED_EDGE ( 'NONE', *, *, #6504, .F. ) ;
#2219 = CARTESIAN_POINT ( 'NONE',  ( 3.400000000000000400, 0.5000000000000000000, 0.0000000000000000000 ) ) ;
#2220 = ORIENTED_EDGE ( 'NONE', *, *, #417, .F. ) ;
#2221 = ADVANCED_FACE ( 'NONE', ( #8771 ), #6839, .T. ) ;
#2222 = DIRECTION ( 'NONE',  ( 0.0000000000000000000, -0.0000000000000000000, -1.000000000000000000 ) ) ;
#2223 = PRESENTATION_LAYER_ASSIGNMENT (  '', '', ( #5615 ) ) ;
#2224 = SURFACE_STYLE_FILL_AREA ( #3611 ) ;
#2225 = DIRECTION ( 'NONE',  ( 0.0000000000000000000, 0.0000000000000000000, 1.000000000000000000 ) ) ;
#2226 = EDGE_CURVE ( 'NONE', #158, #2537, #6360, .T. ) ;
#2227 = CARTESIAN_POINT ( 'NONE',  ( -4.424999999999999800, 0.1499999999999999900, 5.557499999999999200 ) ) ;
#2228 = ORIENTED_EDGE ( 'NONE', *, *, #5903, .T. ) ;
#2229 = PLANE ( 'NONE',  #2846 ) ;
#2230 = ADVANCED_FACE ( 'NONE', ( #6918 ), #2504, .T. ) ;
#2231 =( NAMED_UNIT ( * ) PLANE_ANGLE_UNIT ( ) SI_UNIT ( $, .RADIAN. ) );
#2232 = DIRECTION ( 'NONE',  ( -0.1045284632676536900, -0.9945218953682734000, 0.0000000000000000000 ) ) ;
#2233 = ORIENTED_EDGE ( 'NONE', *, *, #6608, .F. ) ;
#2234 = PRESENTATION_LAYER_ASSIGNMENT (  '', '', ( #906 ) ) ;
#2235 = CARTESIAN_POINT ( 'NONE',  ( -4.949999999999999300, 2.299999999999999800, 5.187499999999999100 ) ) ;
#2236 = LINE ( 'NONE', #5347, #2462 ) ;
#2237 = DIRECTION ( 'NONE',  ( 0.5000000000000069900, 0.8660254037844346000, 0.0000000000000000000 ) ) ;
#2238 = DIRECTION ( 'NONE',  ( 0.0000000000000000000, -1.000000000000000000, 0.0000000000000000000 ) ) ;
#2239 = CARTESIAN_POINT ( 'NONE',  ( -4.601000000000000000, 0.02000000000000018100, 5.137499999999999300 ) ) ;
#2240 = ORIENTED_EDGE ( 'NONE', *, *, #1360, .F. ) ;
#2241 = EDGE_CURVE ( 'NONE', #341, #2501, #2865, .T. ) ;
#2242 = UNCERTAINTY_MEASURE_WITH_UNIT (LENGTH_MEASURE( 1.000000000000000100E-005 ), #8914, 'distance_accuracy_value', 'NONE');
#2243 =( NAMED_UNIT ( * ) SI_UNIT ( $, .STERADIAN. ) SOLID_ANGLE_UNIT ( ) );
#2244 = MECHANICAL_DESIGN_GEOMETRIC_PRESENTATION_REPRESENTATION (  '', ( #4472 ), #5935 ) ;
#2245 = ORIENTED_EDGE ( 'NONE', *, *, #8350, .F. ) ;
#2246 = LINE ( 'NONE', #7592, #4488 ) ;
#2247 =( GEOMETRIC_REPRESENTATION_CONTEXT ( 3 ) GLOBAL_UNCERTAINTY_ASSIGNED_CONTEXT ( ( #5424 ) ) GLOBAL_UNIT_ASSIGNED_CONTEXT ( ( #8734, #727, #7950 ) ) REPRESENTATION_CONTEXT ( 'NONE', 'WORKASPACE' ) );
#2248 = CARTESIAN_POINT ( 'NONE',  ( -4.670000000000000800, 0.5000000000000000000, 1.007499999999999600 ) ) ;
#2249 = FACE_OUTER_BOUND ( 'NONE', #4997, .T. ) ;
#2250 = FILL_AREA_STYLE ('',( #6664 ) ) ;
#2251 = FILL_AREA_STYLE ('',( #5045 ) ) ;
#2252 = DIRECTION ( 'NONE',  ( -1.000000000000000000, 0.0000000000000000000, 0.0000000000000000000 ) ) ;
#2253 = SURFACE_SIDE_STYLE ('',( #8128 ) ) ;
#2254 = EDGE_CURVE ( 'NONE', #3756, #6305, #6822, .T. ) ;
#2255 = ORIENTED_EDGE ( 'NONE', *, *, #455, .F. ) ;
#2256 = DIRECTION ( 'NONE',  ( 1.000000000000000000, -0.0000000000000000000, 0.0000000000000000000 ) ) ;
#2257 = LINE ( 'NONE', #6984, #328 ) ;
#2258 = DIRECTION ( 'NONE',  ( -1.672022627447524500E-016, 1.789195443182277800E-033, -1.000000000000000000 ) ) ;
#2259 = ORIENTED_EDGE ( 'NONE', *, *, #4480, .F. ) ;
#2260 = PLANE ( 'NONE',  #1937 ) ;
#2261 = AXIS2_PLACEMENT_3D ( 'NONE', #3237, #9118, #6853 ) ;
#2262 = EDGE_LOOP ( 'NONE', ( #6826, #983, #2476, #8344 ) ) ;
#2263 = EDGE_CURVE ( 'NONE', #2393, #1925, #1054, .T. ) ;
#2264 = CARTESIAN_POINT ( 'NONE',  ( -0.4616025403784435600, 0.1499999999999999900, 5.557499999999999200 ) ) ;
#2265 = LINE ( 'NONE', #7246, #5323 ) ;
#2266 = ORIENTED_EDGE ( 'NONE', *, *, #4948, .F. ) ;
#2267 = FILL_AREA_STYLE_COLOUR ( '', #818 ) ;
#2268 = DIRECTION ( 'NONE',  ( -1.000000000000000000, 0.0000000000000000000, -0.0000000000000000000 ) ) ;
#2269 = DIRECTION ( 'NONE',  ( -1.000000000000000000, 0.0000000000000000000, 0.0000000000000000000 ) ) ;
#2270 = SURFACE_STYLE_FILL_AREA ( #6979 ) ;
#2271 = VERTEX_POINT ( 'NONE', #2597 ) ;
#2272 = VECTOR ( 'NONE', #2303, 1000.000000000000000 ) ;
#2273 = FILL_AREA_STYLE_COLOUR ( '', #4580 ) ;
#2274 = AXIS2_PLACEMENT_3D ( 'NONE', #8684, #9371, #5758 ) ;
#2275 = ORIENTED_EDGE ( 'NONE', *, *, #6867, .F. ) ;
#2276 = VERTEX_POINT ( 'NONE', #3271 ) ;
#2277 = ADVANCED_FACE ( 'NONE', ( #3986 ), #8318, .T. ) ;
#2278 = VECTOR ( 'NONE', #7432, 1000.000000000000000 ) ;
#2279 = CARTESIAN_POINT ( 'NONE',  ( 4.950000000000001100, 0.4999999999998842000, 5.087637046524541500 ) ) ;
#2280 = EDGE_CURVE ( 'NONE', #1686, #7178, #8426, .T. ) ;
#2281 = DIRECTION ( 'NONE',  ( 0.0000000000000000000, 0.0000000000000000000, 1.000000000000000000 ) ) ;
#2282 = CARTESIAN_POINT ( 'NONE',  ( -4.251000000000000300, 0.07000000000000158900, -5.187500000000000900 ) ) ;
#2283 = DIRECTION ( 'NONE',  ( -0.0000000000000000000, -1.000000000000000000, -0.0000000000000000000 ) ) ;
#2284 = MECHANICAL_DESIGN_GEOMETRIC_PRESENTATION_REPRESENTATION (  '', ( #650 ), #7311 ) ;
#2285 = FACE_OUTER_BOUND ( 'NONE', #1863, .T. ) ;
#2286 = ORIENTED_EDGE ( 'NONE', *, *, #2263, .F. ) ;
#2287 = LINE ( 'NONE', #2778, #359 ) ;
#2288 = ORIENTED_EDGE ( 'NONE', *, *, #9286, .F. ) ;
#2289 =( NAMED_UNIT ( * ) PLANE_ANGLE_UNIT ( ) SI_UNIT ( $, .RADIAN. ) );
#2290 = VECTOR ( 'NONE', #832, 1000.000000000000000 ) ;
#2291 = STYLED_ITEM ( 'NONE', ( #1214 ), #1180 ) ;
#2292 = CARTESIAN_POINT ( 'NONE',  ( 4.760769540619037300, 2.299999999999999800, -2.526707825693110400 ) ) ;
#2293 =( GEOMETRIC_REPRESENTATION_CONTEXT ( 3 ) GLOBAL_UNCERTAINTY_ASSIGNED_CONTEXT ( ( #5372 ) ) GLOBAL_UNIT_ASSIGNED_CONTEXT ( ( #8601, #2158, #4236 ) ) REPRESENTATION_CONTEXT ( 'NONE', 'WORKASPACE' ) );
#2294 = DIRECTION ( 'NONE',  ( -0.0000000000000000000, 0.9986295347545740600, -0.05233595624294079500 ) ) ;
#2295 = CARTESIAN_POINT ( 'NONE',  ( 4.670000000000001700, 2.250000000000000000, -2.142500000000000500 ) ) ;
#2296 = DIRECTION ( 'NONE',  ( 0.0000000000000000000, -1.000000000000000000, 0.0000000000000000000 ) ) ;
#2297 = LINE ( 'NONE', #1546, #1824 ) ;
#2298 = EDGE_CURVE ( 'NONE', #8183, #956, #9099, .T. ) ;
#2299 = DIRECTION ( 'NONE',  ( 0.0000000000000000000, -0.1045284632676579400, 0.9945218953682728500 ) ) ;
#2300 = ORIENTED_EDGE ( 'NONE', *, *, #2571, .F. ) ;
#2301 = FACE_OUTER_BOUND ( 'NONE', #4487, .T. ) ;
#2302 = ORIENTED_EDGE ( 'NONE', *, *, #3532, .F. ) ;
#2303 = DIRECTION ( 'NONE',  ( -1.000000000000000000, -0.0000000000000000000, -0.0000000000000000000 ) ) ;
#2304 = FACE_OUTER_BOUND ( 'NONE', #2572, .T. ) ;
#2305 = SURFACE_STYLE_USAGE ( .BOTH. , #3037 ) ;
#2306 = DIRECTION ( 'NONE',  ( 0.0000000000000000000, 0.0000000000000000000, -1.000000000000000000 ) ) ;
#2307 = LINE ( 'NONE', #4825, #370 ) ;
#2308 = DIRECTION ( 'NONE',  ( 0.05205003326639411800, 0.9931737993569248500, -0.1043867726673162000 ) ) ;
#2309 = STYLED_ITEM ( 'NONE', ( #939 ), #2774 ) ;
#2310 = VECTOR ( 'NONE', #2538, 1000.000000000000000 ) ;
#2311 = VECTOR ( 'NONE', #5569, 1000.000000000000000 ) ;
#2312 = CARTESIAN_POINT ( 'NONE',  ( 4.250000000000000000, 0.0000000000000000000, 0.0000000000000000000 ) ) ;
#2313 = MECHANICAL_DESIGN_GEOMETRIC_PRESENTATION_REPRESENTATION (  '', ( #2794 ), #8505 ) ;
#2314 = ORIENTED_EDGE ( 'NONE', *, *, #9273, .T. ) ;
#2315 = EDGE_LOOP ( 'NONE', ( #3565, #6424, #1745, #6754 ) ) ;
#2316 = UNCERTAINTY_MEASURE_WITH_UNIT (LENGTH_MEASURE( 1.000000000000000100E-005 ), #1426, 'distance_accuracy_value', 'NONE');
#2317 = COLOUR_RGB ( '',0.7529411764705882200, 0.7529411764705882200, 0.7529411764705882200 ) ;
#2318 = EDGE_CURVE ( 'NONE', #30, #5706, #2070, .T. ) ;
#2319 = ORIENTED_EDGE ( 'NONE', *, *, #2655, .F. ) ;
#2320 = CARTESIAN_POINT ( 'NONE',  ( -0.3749999999999994400, 0.0000000000000000000, 5.787499999999999600 ) ) ;
#2321 = ORIENTED_EDGE ( 'NONE', *, *, #1951, .T. ) ;
#2322 = ORIENTED_EDGE ( 'NONE', *, *, #7305, .F. ) ;
#2323 = DIRECTION ( 'NONE',  ( 0.0000000000000000000, -1.000000000000000000, 0.0000000000000000000 ) ) ;
#2324 =( NAMED_UNIT ( * ) PLANE_ANGLE_UNIT ( ) SI_UNIT ( $, .RADIAN. ) );
#2325 = CARTESIAN_POINT ( 'NONE',  ( -4.949999999999999300, 0.4999999999998839800, 5.187499999999999100 ) ) ;
#2326 = CARTESIAN_POINT ( 'NONE',  ( 4.601000000000000900, 2.299999999999999800, 5.187499999999999100 ) ) ;
#2327 = DIRECTION ( 'NONE',  ( -1.000000000000000000, -0.0000000000000000000, 0.0000000000000000000 ) ) ;
#2328 = ORIENTED_EDGE ( 'NONE', *, *, #6102, .F. ) ;
#2329 = VERTEX_POINT ( 'NONE', #6159 ) ;
#2330 = FACE_OUTER_BOUND ( 'NONE', #4826, .T. ) ;
#2331 = EDGE_CURVE ( 'NONE', #8248, #9261, #6462, .T. ) ;
#2332 = VERTEX_POINT ( 'NONE', #5451 ) ;
#2333 = ADVANCED_FACE ( 'NONE', ( #5693 ), #2569, .F. ) ;
#2334 = VERTEX_POINT ( 'NONE', #1776 ) ;
#2335 = CARTESIAN_POINT ( 'NONE',  ( -4.250000000000000000, 0.0000000000000000000, -5.237500000000000700 ) ) ;
#2336 = VECTOR ( 'NONE', #440, 1000.000000000000000 ) ;
#2337 = ORIENTED_EDGE ( 'NONE', *, *, #9365, .F. ) ;
#2338 = ORIENTED_EDGE ( 'NONE', *, *, #7917, .T. ) ;
#2339 = FACE_OUTER_BOUND ( 'NONE', #7561, .T. ) ;
#2340 = LINE ( 'NONE', #902, #4461 ) ;
#2341 = PLANE ( 'NONE',  #2649 ) ;
#2342 = EDGE_CURVE ( 'NONE', #2020, #6215, #5808, .T. ) ;
#2343 = ORIENTED_EDGE ( 'NONE', *, *, #6275, .T. ) ;
#2344 = EDGE_LOOP ( 'NONE', ( #283, #4533, #2179, #5950 ) ) ;
#2345 = DIRECTION ( 'NONE',  ( 0.0000000000000000000, -1.000000000000000000, 0.0000000000000000000 ) ) ;
#2346 = VECTOR ( 'NONE', #3373, 1000.000000000000000 ) ;
#2347 = ORIENTED_EDGE ( 'NONE', *, *, #4804, .T. ) ;
#2348 = SURFACE_SIDE_STYLE ('',( #8779 ) ) ;
#2349 =( LENGTH_UNIT ( ) NAMED_UNIT ( * ) SI_UNIT ( .MILLI., .METRE. ) );
#2350 = DIRECTION ( 'NONE',  ( 0.0000000000000000000, -0.0000000000000000000, -1.000000000000000000 ) ) ;
#2351 = MECHANICAL_DESIGN_GEOMETRIC_PRESENTATION_REPRESENTATION (  '', ( #8311 ), #6829 ) ;
#2352 = ORIENTED_EDGE ( 'NONE', *, *, #1437, .T. ) ;
#2353 = FACE_OUTER_BOUND ( 'NONE', #8416, .T. ) ;
#2354 = CARTESIAN_POINT ( 'NONE',  ( 1.661602540378443300, 0.1499999999999999900, 0.0000000000000000000 ) ) ;
#2355 = EDGE_CURVE ( 'NONE', #2423, #8534, #1176, .T. ) ;
#2356 = ORIENTED_EDGE ( 'NONE', *, *, #2894, .T. ) ;
#2357 = CARTESIAN_POINT ( 'NONE',  ( 4.250000000000000000, 0.5000000000000000000, 0.0000000000000000000 ) ) ;
#2358 = DIRECTION ( 'NONE',  ( 0.0000000000000000000, 0.0000000000000000000, 1.000000000000000000 ) ) ;
#2359 = DIRECTION ( 'NONE',  ( 0.8660254037844370400, 0.5000000000000027800, -0.0000000000000000000 ) ) ;
#2360 = DIRECTION ( 'NONE',  ( -1.000000000000000000, 0.0000000000000000000, 0.0000000000000000000 ) ) ;
#2361 = VERTEX_POINT ( 'NONE', #2727 ) ;
#2362 = FILL_AREA_STYLE ('',( #8118 ) ) ;
#2363 = MECHANICAL_DESIGN_GEOMETRIC_PRESENTATION_REPRESENTATION (  '', ( #906 ), #1859 ) ;
#2364 = VECTOR ( 'NONE', #1645, 1000.000000000000000 ) ;
#2365 = CARTESIAN_POINT ( 'NONE',  ( -4.251000000000000300, 0.4999999999998844300, -5.187500000000000900 ) ) ;
#2366 = PRESENTATION_LAYER_ASSIGNMENT (  '', '', ( #1395 ) ) ;
#2367 = CARTESIAN_POINT ( 'NONE',  ( 0.0000000000000000000, 2.250000000000000000, 0.0000000000000000000 ) ) ;
#2368 = LINE ( 'NONE', #8017, #543 ) ;
#2369 = DIRECTION ( 'NONE',  ( 0.0000000000000000000, 0.0000000000000000000, 1.000000000000000000 ) ) ;
#2370 = EDGE_CURVE ( 'NONE', #9241, #2591, #3871, .T. ) ;
#2371 =( NAMED_UNIT ( * ) PLANE_ANGLE_UNIT ( ) SI_UNIT ( $, .RADIAN. ) );
#2372 = ADVANCED_FACE ( 'NONE', ( #4305 ), #5537, .T. ) ;
#2373 = SURFACE_STYLE_FILL_AREA ( #7544 ) ;
#2374 = ORIENTED_EDGE ( 'NONE', *, *, #4399, .F. ) ;
#2375 = CARTESIAN_POINT ( 'NONE',  ( -3.798999999999999500, 0.07000000000000018700, 5.187499999999999100 ) ) ;
#2376 =( NAMED_UNIT ( * ) SI_UNIT ( $, .STERADIAN. ) SOLID_ANGLE_UNIT ( ) );
#2377 = COLOUR_RGB ( '',0.7529411764705882200, 0.7529411764705882200, 0.7529411764705882200 ) ;
#2378 = EDGE_CURVE ( 'NONE', #30, #3577, #5010, .T. ) ;
#2379 =( NAMED_UNIT ( * ) PLANE_ANGLE_UNIT ( ) SI_UNIT ( $, .RADIAN. ) );
#2380 = EDGE_LOOP ( 'NONE', ( #4597, #5656, #2212, #5463 ) ) ;
#2381 = DIRECTION ( 'NONE',  ( -1.000000000000000000, -0.0000000000000000000, 0.0000000000000000000 ) ) ;
#2382 = CARTESIAN_POINT ( 'NONE',  ( -4.849999999999999600, 0.07000000000000018700, 5.087499999999999500 ) ) ;
#2383 = FACE_OUTER_BOUND ( 'NONE', #4450, .T. ) ;
#2384 = VECTOR ( 'NONE', #7806, 1000.000000000000000 ) ;
#2385 = ORIENTED_EDGE ( 'NONE', *, *, #5371, .F. ) ;
#2386 = MECHANICAL_DESIGN_GEOMETRIC_PRESENTATION_REPRESENTATION (  '', ( #5832 ), #139 ) ;
#2387 = VECTOR ( 'NONE', #5391, 1000.000000000000000 ) ;
#2388 = DIRECTION ( 'NONE',  ( -0.0000000000000000000, -0.0000000000000000000, 1.000000000000000000 ) ) ;
#2389 = VECTOR ( 'NONE', #7143, 1000.000000000000000 ) ;
#2390 = EDGE_CURVE ( 'NONE', #987, #5277, #3115, .T. ) ;
#2391 =( NAMED_UNIT ( * ) PLANE_ANGLE_UNIT ( ) SI_UNIT ( $, .RADIAN. ) );
#2392 = CARTESIAN_POINT ( 'NONE',  ( 0.0000000000000000000, 0.5000000000000000000, 0.9624999999999968000 ) ) ;
#2393 = VERTEX_POINT ( 'NONE', #605 ) ;
#2394 = LINE ( 'NONE', #4899, #1817 ) ;
#2395 = ORIENTED_EDGE ( 'NONE', *, *, #3053, .F. ) ;
#2396 =( LENGTH_UNIT ( ) NAMED_UNIT ( * ) SI_UNIT ( .MILLI., .METRE. ) );
#2397 = FACE_OUTER_BOUND ( 'NONE', #5839, .T. ) ;
#2398 = DIRECTION ( 'NONE',  ( 0.0000000000000000000, 0.0000000000000000000, 1.000000000000000000 ) ) ;
#2399 =( GEOMETRIC_REPRESENTATION_CONTEXT ( 3 ) GLOBAL_UNCERTAINTY_ASSIGNED_CONTEXT ( ( #6455 ) ) GLOBAL_UNIT_ASSIGNED_CONTEXT ( ( #6765, #2324, #4598 ) ) REPRESENTATION_CONTEXT ( 'NONE', 'WORKASPACE' ) );
#2400 = VECTOR ( 'NONE', #6625, 1000.000000000000100 ) ;
#2401 = ORIENTED_EDGE ( 'NONE', *, *, #5647, .T. ) ;
#2402 =( NAMED_UNIT ( * ) PLANE_ANGLE_UNIT ( ) SI_UNIT ( $, .RADIAN. ) );
#2403 = EDGE_CURVE ( 'NONE', #4811, #3359, #1502, .T. ) ;
#2404 = DIRECTION ( 'NONE',  ( -0.0000000000000000000, -1.000000000000000000, -0.0000000000000000000 ) ) ;
#2405 = CARTESIAN_POINT ( 'NONE',  ( 0.0000000000000000000, 0.5000000000000000000, 3.787499999999999200 ) ) ;
#2406 = COLOUR_RGB ( '',0.7529411764705882200, 0.7529411764705882200, 0.7529411764705882200 ) ;
#2407 = CARTESIAN_POINT ( 'NONE',  ( 4.520000000000001400, 0.5000000000000000000, 0.8574999999999987100 ) ) ;
#2408 = LINE ( 'NONE', #6564, #735 ) ;
#2409 = VECTOR ( 'NONE', #8591, 1000.000000000000000 ) ;
#2410 = CARTESIAN_POINT ( 'NONE',  ( 4.760769540619038200, 2.200000000000000200, 4.998269540619036300 ) ) ;
#2411 = ORIENTED_EDGE ( 'NONE', *, *, #4549, .F. ) ;
#2412 = FACE_OUTER_BOUND ( 'NONE', #7775, .T. ) ;
#2413 = AXIS2_PLACEMENT_3D ( 'NONE', #1297, #6330, #8489 ) ;
#2414 = DIRECTION ( 'NONE',  ( -0.0000000000000000000, 0.0000000000000000000, -1.000000000000000000 ) ) ;
#2415 = AXIS2_PLACEMENT_3D ( 'NONE', #280, #3200, #1072 ) ;
#2416 = DIRECTION ( 'NONE',  ( -8.721394089239433500E-015, 0.0000000000000000000, 1.000000000000000000 ) ) ;
#2417 = ADVANCED_FACE ( 'NONE', ( #7746 ), #7836, .F. ) ;
#2418 = DIRECTION ( 'NONE',  ( 1.000000000000000000, -0.0000000000000000000, 0.0000000000000000000 ) ) ;
#2419 = VERTEX_POINT ( 'NONE', #3489 ) ;
#2421 = PRESENTATION_STYLE_ASSIGNMENT (( #1409 ) ) ;
#2420 = CARTESIAN_POINT ( 'NONE',  ( -3.138397459621556300, 0.1499999999999999900, 0.0000000000000000000 ) ) ;
#2422 = COLOUR_RGB ( '',0.7529411764705882200, 0.7529411764705882200, 0.7529411764705882200 ) ;
#2423 = VERTEX_POINT ( 'NONE', #4191 ) ;
#2424 = EDGE_LOOP ( 'NONE', ( #8395, #9219, #2071, #4555, #3350, #5247 ) ) ;
#2425 = CARTESIAN_POINT ( 'NONE',  ( -4.949999999999999300, 0.07000000000000018700, 5.187499999999999100 ) ) ;
#2426 =( NAMED_UNIT ( * ) SI_UNIT ( $, .STERADIAN. ) SOLID_ANGLE_UNIT ( ) );
#2427 = LINE ( 'NONE', #1492, #8897 ) ;
#2428 = AXIS2_PLACEMENT_3D ( 'NONE', #5986, #3065, #8830 ) ;
#2429 = ORIENTED_EDGE ( 'NONE', *, *, #7240, .T. ) ;
#2430 = VERTEX_POINT ( 'NONE', #6379 ) ;
#2431 = FACE_OUTER_BOUND ( 'NONE', #5088, .T. ) ;
#2432 = VERTEX_POINT ( 'NONE', #2054 ) ;
#2433 = ORIENTED_EDGE ( 'NONE', *, *, #5102, .F. ) ;
#2434 = CARTESIAN_POINT ( 'NONE',  ( -2.861602540378443700, 0.1499999999999999900, 0.0000000000000000000 ) ) ;
#2435 = ORIENTED_EDGE ( 'NONE', *, *, #5607, .F. ) ;
#2436 = EDGE_CURVE ( 'NONE', #7718, #3238, #476, .T. ) ;
#2437 = CARTESIAN_POINT ( 'NONE',  ( 4.950000000000001100, 0.4999999999998842000, 5.087637046524541500 ) ) ;
#2438 = CARTESIAN_POINT ( 'NONE',  ( -4.731000000000000800, 0.5010000000000000000, 0.9634999999999968000 ) ) ;
#2439 = VECTOR ( 'NONE', #3420, 1000.000000000000000 ) ;
#2440 = ORIENTED_EDGE ( 'NONE', *, *, #883, .T. ) ;
#2441 = CARTESIAN_POINT ( 'NONE',  ( 3.400000000000000400, 0.0000000000000000000, -0.0000000000000000000 ) ) ;
#2442 = EDGE_LOOP ( 'NONE', ( #6854, #1989, #746, #5968 ) ) ;
#2443 = DIRECTION ( 'NONE',  ( -0.0000000000000000000, 0.9986295347545740600, -0.05233595624294079500 ) ) ;
#2444 = CIRCLE ( 'NONE', #9088, 0.04999999999999989900 ) ;
#2445 = EDGE_LOOP ( 'NONE', ( #1793, #7019, #4198, #862 ) ) ;
#2446 = CARTESIAN_POINT ( 'NONE',  ( 2.024999999999999900, 0.0000000000000000000, 5.787499999999999600 ) ) ;
#2447 = PLANE ( 'NONE',  #3432 ) ;
#2448 = ORIENTED_EDGE ( 'NONE', *, *, #6933, .F. ) ;
#2449 = PRESENTATION_STYLE_ASSIGNMENT (( #5307 ) ) ;
#2450 = EDGE_CURVE ( 'NONE', #6911, #6843, #3425, .T. ) ;
#2451 = CARTESIAN_POINT ( 'NONE',  ( 0.0000000000000000000, 0.5010000000000000000, 0.0000000000000000000 ) ) ;
#2452 = CARTESIAN_POINT ( 'NONE',  ( -4.150000000000000400, 0.0000000000000000000, -0.0000000000000000000 ) ) ;
#2453 = COLOUR_RGB ( '',0.7529411764705882200, 0.7529411764705882200, 0.7529411764705882200 ) ;
#2454 = PLANE ( 'NONE',  #4213 ) ;
#2455 = FACE_OUTER_BOUND ( 'NONE', #2683, .T. ) ;
#2456 = CARTESIAN_POINT ( 'NONE',  ( 4.944497758068601800, 0.04719759823592639700, -5.181997758082260900 ) ) ;
#2457 = ORIENTED_EDGE ( 'NONE', *, *, #8471, .F. ) ;
#2458 = CARTESIAN_POINT ( 'NONE',  ( -4.760769540619037300, 2.250000000000000000, -2.526707825693110400 ) ) ;
#2459 = EDGE_CURVE ( 'NONE', #5373, #9122, #4317, .T. ) ;
#2460 = CARTESIAN_POINT ( 'NONE',  ( 0.1989999999999999300, 0.5010000000000000000, 5.187447592220710400 ) ) ;
#2461 = STYLED_ITEM ( 'NONE', ( #5623 ), #1088 ) ;
#2462 = VECTOR ( 'NONE', #6741, 1000.000000000000000 ) ;
#2463 = ADVANCED_FACE ( 'NONE', ( #7733 ), #3657, .T. ) ;
#2464 = LINE ( 'NONE', #3008, #996 ) ;
#2465 = DIRECTION ( 'NONE',  ( 0.0000000000000000000, 0.0000000000000000000, 1.000000000000000000 ) ) ;
#2466 = UNCERTAINTY_MEASURE_WITH_UNIT (LENGTH_MEASURE( 1.000000000000000100E-005 ), #3305, 'distance_accuracy_value', 'NONE');
#2467 = ORIENTED_EDGE ( 'NONE', *, *, #11, .F. ) ;
#2468 =( NAMED_UNIT ( * ) PLANE_ANGLE_UNIT ( ) SI_UNIT ( $, .RADIAN. ) );
#2469 = CARTESIAN_POINT ( 'NONE',  ( -4.669999999999999900, 0.5000000000000000000, 0.9634999999999968000 ) ) ;
#2470 = MECHANICAL_DESIGN_GEOMETRIC_PRESENTATION_REPRESENTATION (  '', ( #9321 ), #8847 ) ;
#2471 = ORIENTED_EDGE ( 'NONE', *, *, #8328, .T. ) ;
#2472 = LINE ( 'NONE', #2803, #783 ) ;
#2473 = CARTESIAN_POINT ( 'NONE',  ( -3.700000000000001100, 0.5000000000000000000, 0.0000000000000000000 ) ) ;
#2474 = EDGE_CURVE ( 'NONE', #643, #6066, #6258, .T. ) ;
#2475 = PLANE ( 'NONE',  #6311 ) ;
#2476 = ORIENTED_EDGE ( 'NONE', *, *, #3877, .T. ) ;
#2477 = ADVANCED_FACE ( 'NONE', ( #1943 ), #5756, .F. ) ;
#2478 = CARTESIAN_POINT ( 'NONE',  ( -4.285792174306890500, 2.299999999999999800, 0.8574999999999988200 ) ) ;
#2479 = UNCERTAINTY_MEASURE_WITH_UNIT (LENGTH_MEASURE( 1.000000000000000100E-005 ), #3537, 'distance_accuracy_value', 'NONE');
#2480 = AXIS2_PLACEMENT_3D ( 'NONE', #9370, #2882, #1490 ) ;
#2481 = VERTEX_POINT ( 'NONE', #2822 ) ;
#2482 = LINE ( 'NONE', #3415, #3505 ) ;
#2483 = DIRECTION ( 'NONE',  ( -0.0000000000000000000, 0.0000000000000000000, -1.000000000000000000 ) ) ;
#2484 = DIRECTION ( 'NONE',  ( 0.0000000000000000000, 0.0000000000000000000, 1.000000000000000000 ) ) ;
#2485 = LINE ( 'NONE', #682, #8185 ) ;
#2486 = DIRECTION ( 'NONE',  ( 1.000000000000000000, 0.0000000000000000000, 0.0000000000000000000 ) ) ;
#2487 = EDGE_CURVE ( 'NONE', #2094, #2596, #1261, .T. ) ;
#2488 = SURFACE_STYLE_FILL_AREA ( #7451 ) ;
#2489 = EDGE_LOOP ( 'NONE', ( #6377, #4891, #227, #795 ) ) ;
#2490 = AXIS2_PLACEMENT_3D ( 'NONE', #6483, #4293, #1474 ) ;
#2491 = CARTESIAN_POINT ( 'NONE',  ( 4.601000000000000900, 0.07000000000000018700, 5.187499999999999100 ) ) ;
#2492 = ORIENTED_EDGE ( 'NONE', *, *, #8056, .F. ) ;
#2493 = CARTESIAN_POINT ( 'NONE',  ( 4.742812232984610100, 2.547879437140440300, 5.080175186460064800 ) ) ;
#2494 = VECTOR ( 'NONE', #3999, 1000.000000000000000 ) ;
#2495 = CARTESIAN_POINT ( 'NONE',  ( 0.0000000000000000000, 0.0000000000000000000, 3.787499999999999200 ) ) ;
#2496 = CARTESIAN_POINT ( 'NONE',  ( 1.399000000000000000, 2.299999999999999800, 5.187499999999999100 ) ) ;
#2497 = FACE_OUTER_BOUND ( 'NONE', #9003, .T. ) ;
#2498 = EDGE_CURVE ( 'NONE', #5611, #3381, #9218, .T. ) ;
#2499 = ORIENTED_EDGE ( 'NONE', *, *, #7715, .F. ) ;
#2500 = LINE ( 'NONE', #2030, #4180 ) ;
#2501 = VERTEX_POINT ( 'NONE', #1461 ) ;
#2502 = CARTESIAN_POINT ( 'NONE',  ( 2.600000000000000100, 0.5000000000000000000, 4.587499999999999500 ) ) ;
#2503 = DIRECTION ( 'NONE',  ( -0.0000000000000000000, -1.000000000000000000, -0.0000000000000000000 ) ) ;
#2504 = PLANE ( 'NONE',  #8211 ) ;
#2505 = ADVANCED_FACE ( 'NONE', ( #7497 ), #2920, .T. ) ;
#2506 =( GEOMETRIC_REPRESENTATION_CONTEXT ( 3 ) GLOBAL_UNCERTAINTY_ASSIGNED_CONTEXT ( ( #969 ) ) GLOBAL_UNIT_ASSIGNED_CONTEXT ( ( #9246, #7755, #8557 ) ) REPRESENTATION_CONTEXT ( 'NONE', 'WORKASPACE' ) );
#2507 = ORIENTED_EDGE ( 'NONE', *, *, #7930, .T. ) ;
#2508 = VERTEX_POINT ( 'NONE', #7903 ) ;
#2509 = LINE ( 'NONE', #7726, #2053 ) ;
#2510 = EDGE_CURVE ( 'NONE', #9226, #6156, #5248, .T. ) ;
#2511 = SURFACE_SIDE_STYLE ('',( #3191 ) ) ;
#2512 = FILL_AREA_STYLE_COLOUR ( '', #7793 ) ;
#2513 = ORIENTED_EDGE ( 'NONE', *, *, #1823, .T. ) ;
#2514 = LINE ( 'NONE', #6367, #592 ) ;
#2515 = ORIENTED_EDGE ( 'NONE', *, *, #6763, .T. ) ;
#2516 = DIRECTION ( 'NONE',  ( 0.0000000000000000000, -1.000000000000000000, 0.0000000000000000000 ) ) ;
#2517 = FACE_OUTER_BOUND ( 'NONE', #4910, .T. ) ;
#2518 = CARTESIAN_POINT ( 'NONE',  ( -4.949999999999999300, 2.250000000000000000, -2.526707825693110400 ) ) ;
#2519 = VECTOR ( 'NONE', #532, 1000.000000000000000 ) ;
#2520 = DIRECTION ( 'NONE',  ( 0.0000000000000000000, -1.000000000000000000, 0.0000000000000000000 ) ) ;
#2521 = EDGE_CURVE ( 'NONE', #7508, #2501, #46, .T. ) ;
#2522 = ORIENTED_EDGE ( 'NONE', *, *, #7293, .T. ) ;
#2523 = LINE ( 'NONE', #4742, #1837 ) ;
#2524 = ORIENTED_EDGE ( 'NONE', *, *, #1410, .F. ) ;
#2525 = CARTESIAN_POINT ( 'NONE',  ( 0.0000000000000000000, 0.5000000000000000000, 5.787499999999999600 ) ) ;
#2526 = FILL_AREA_STYLE_COLOUR ( '', #7006 ) ;
#2527 = UNCERTAINTY_MEASURE_WITH_UNIT (LENGTH_MEASURE( 1.000000000000000100E-005 ), #1145, 'distance_accuracy_value', 'NONE');
#2528 = DIRECTION ( 'NONE',  ( 0.0000000000000000000, 0.0000000000000000000, 1.000000000000000000 ) ) ;
#2529 = LINE ( 'NONE', #1167, #1063 ) ;
#2530 = VERTEX_POINT ( 'NONE', #32 ) ;
#2531 = STYLED_ITEM ( 'NONE', ( #56 ), #1788 ) ;
#2532 = ORIENTED_EDGE ( 'NONE', *, *, #3591, .F. ) ;
#2533 = DIRECTION ( 'NONE',  ( 1.672022627447524700E-016, -0.0000000000000000000, 1.000000000000000000 ) ) ;
#2534 = STYLED_ITEM ( 'NONE', ( #6251 ), #7854 ) ;
#2535 = ORIENTED_EDGE ( 'NONE', *, *, #5151, .F. ) ;
#2536 = DIRECTION ( 'NONE',  ( 0.8660254037844358200, 0.5000000000000050000, -0.0000000000000000000 ) ) ;
#2537 = VERTEX_POINT ( 'NONE', #6502 ) ;
#2538 = DIRECTION ( 'NONE',  ( 1.000000000000000000, 0.0000000000000000000, 0.0000000000000000000 ) ) ;
#2539 = CARTESIAN_POINT ( 'NONE',  ( -3.138397459621556300, 0.1499999999999999900, 5.787499999999999600 ) ) ;
#2540 = LINE ( 'NONE', #5565, #388 ) ;
#2541 = EDGE_CURVE ( 'NONE', #6156, #2423, #5725, .T. ) ;
#2542 = EDGE_LOOP ( 'NONE', ( #9278, #2561 ) ) ;
#2543 = VERTEX_POINT ( 'NONE', #8715 ) ;
#2544 = VECTOR ( 'NONE', #9300, 1000.000000000000000 ) ;
#2545 = EDGE_CURVE ( 'NONE', #513, #7638, #7043, .T. ) ;
#2546 = CARTESIAN_POINT ( 'NONE',  ( -3.700000000000001100, 0.5000000000000000000, -5.887500000000002800 ) ) ;
#2547 = SURFACE_STYLE_USAGE ( .BOTH. , #3219 ) ;
#2548 = AXIS2_PLACEMENT_3D ( 'NONE', #3004, #3192, #116 ) ;
#2549 = AXIS2_PLACEMENT_3D ( 'NONE', #7232, #6425, #8768 ) ;
#2550 = PLANE ( 'NONE',  #1278 ) ;
#2551 = SURFACE_STYLE_USAGE ( .BOTH. , #7415 ) ;
#2552 = VERTEX_POINT ( 'NONE', #5019 ) ;
#2553 = ORIENTED_EDGE ( 'NONE', *, *, #9303, .F. ) ;
#2554 = LINE ( 'NONE', #7458, #1993 ) ;
#2555 = LINE ( 'NONE', #960, #5500 ) ;
#2556 = ADVANCED_FACE ( 'NONE', ( #6018 ), #6436, .T. ) ;
#2557 = EDGE_CURVE ( 'NONE', #2271, #1320, #2408, .T. ) ;
#2558 =( LENGTH_UNIT ( ) NAMED_UNIT ( * ) SI_UNIT ( .MILLI., .METRE. ) );
#2559 = CLOSED_SHELL ( 'NONE', ( #6349, #415, #9267, #2600, #4119, #5209, #7540, #4708, #2039, #1373 ) ) ;
#2560 = CARTESIAN_POINT ( 'NONE',  ( -4.900205287931685300, 0.5000000000000000000, -2.292500000000000400 ) ) ;
#2561 = ORIENTED_EDGE ( 'NONE', *, *, #4948, .T. ) ;
#2562 = ORIENTED_EDGE ( 'NONE', *, *, #2510, .F. ) ;
#2563 = LINE ( 'NONE', #7363, #979 ) ;
#2564 = LINE ( 'NONE', #4170, #2346 ) ;
#2565 =( LENGTH_UNIT ( ) NAMED_UNIT ( * ) SI_UNIT ( .MILLI., .METRE. ) );
#2566 = AXIS2_PLACEMENT_3D ( 'NONE', #2629, #7629, #7565 ) ;
#2567 = LINE ( 'NONE', #7031, #408 ) ;
#2568 = CARTESIAN_POINT ( 'NONE',  ( -1.399000000000000000, 0.07000000000000018700, 5.137499999999999300 ) ) ;
#2569 = PLANE ( 'NONE',  #4220 ) ;
#2570 = FILL_AREA_STYLE_COLOUR ( '', #5360 ) ;
#2571 = EDGE_CURVE ( 'NONE', #6479, #2884, #489, .T. ) ;
#2572 = EDGE_LOOP ( 'NONE', ( #3163, #6038, #5122, #8301, #244, #9354 ) ) ;
#2573 = CYLINDRICAL_SURFACE ( 'NONE', #6769, 0.04999999999999969700 ) ;
#2574 = VERTEX_POINT ( 'NONE', #7433 ) ;
#2575 = DIRECTION ( 'NONE',  ( 0.0000000000000000000, 0.0000000000000000000, 1.000000000000000000 ) ) ;
#2576 = CARTESIAN_POINT ( 'NONE',  ( 0.0000000000000000000, 0.0000000000000000000, 0.0000000000000000000 ) ) ;
#2577 = EDGE_LOOP ( 'NONE', ( #3462, #2535, #8236, #2813, #6361, #7188, #3597, #6092 ) ) ;
#2578 = CYLINDRICAL_SURFACE ( 'NONE', #5675, 0.04999999999999991300 ) ;
#2579 = PLANE ( 'NONE',  #8869 ) ;
#2580 = SURFACE_STYLE_FILL_AREA ( #1702 ) ;
#2581 = EDGE_CURVE ( 'NONE', #4437, #8594, #8295, .T. ) ;
#2582 = UNCERTAINTY_MEASURE_WITH_UNIT (LENGTH_MEASURE( 1.000000000000000100E-005 ), #2804, 'distance_accuracy_value', 'NONE');
#2583 = ORIENTED_EDGE ( 'NONE', *, *, #7423, .F. ) ;
#2584 = DIRECTION ( 'NONE',  ( 1.000000000000000000, 0.0000000000000000000, -0.0000000000000000000 ) ) ;
#2585 = CARTESIAN_POINT ( 'NONE',  ( 2.200000000000000200, 0.5000000000000000000, 0.0000000000000000000 ) ) ;
#2586 =( GEOMETRIC_REPRESENTATION_CONTEXT ( 3 ) GLOBAL_UNCERTAINTY_ASSIGNED_CONTEXT ( ( #7113 ) ) GLOBAL_UNIT_ASSIGNED_CONTEXT ( ( #2565, #1240, #8369 ) ) REPRESENTATION_CONTEXT ( 'NONE', 'WORKASPACE' ) );
#2587 = ORIENTED_EDGE ( 'NONE', *, *, #9039, .T. ) ;
#2588 = VECTOR ( 'NONE', #1405, 1000.000000000000000 ) ;
#2589 = CARTESIAN_POINT ( 'NONE',  ( 2.861602540378443700, 0.1499999999999999900, 5.787499999999999600 ) ) ;
#2590 = CARTESIAN_POINT ( 'NONE',  ( 3.401000000000000200, 2.299999999999999800, 5.093165997290524800 ) ) ;
#2591 = VERTEX_POINT ( 'NONE', #4440 ) ;
#2592 = FACE_OUTER_BOUND ( 'NONE', #4780, .T. ) ;
#2593 =( BOUNDED_CURVE ( )  B_SPLINE_CURVE ( 3, ( #3399, #9262, #520, #3346 ),
 .UNSPECIFIED., .F., .F. ) 
 B_SPLINE_CURVE_WITH_KNOTS ( ( 4, 4 ),
 ( 5.596294430006922800, 6.280446251438789300 ),
 .UNSPECIFIED. ) 
 CURVE ( )  GEOMETRIC_REPRESENTATION_ITEM ( )  RATIONAL_B_SPLINE_CURVE ( ( 1.000000000000000000, 0.9613735634947497800, 0.9613735634947497800, 1.000000000000000000 ) ) 
 REPRESENTATION_ITEM ( '' )  );
#2594 = CARTESIAN_POINT ( 'NONE',  ( 4.943248891355280800, 0.04922085753588098500, -5.183034555741710600 ) ) ;
#2595 = VECTOR ( 'NONE', #1642, 1000.000000000000000 ) ;
#2596 = VERTEX_POINT ( 'NONE', #796 ) ;
#2597 = CARTESIAN_POINT ( 'NONE',  ( 4.285792174306892300, 2.299999999999999800, 0.8574999999999970400 ) ) ;
#2598 = CARTESIAN_POINT ( 'NONE',  ( 0.0000000000000000000, 2.299999999999999800, 0.0000000000000000000 ) ) ;
#2599 = ORIENTED_EDGE ( 'NONE', *, *, #8825, .F. ) ;
#2600 = ADVANCED_FACE ( 'NONE', ( #6478 ), #8813, .F. ) ;
#2601 = PRESENTATION_LAYER_ASSIGNMENT (  '', '', ( #2309 ) ) ;
#2602 = LINE ( 'NONE', #5769, #3614 ) ;
#2603 = PRESENTATION_LAYER_ASSIGNMENT (  '', '', ( #7507 ) ) ;
#2604 = EDGE_LOOP ( 'NONE', ( #1432, #7150, #7373, #4660, #2198 ) ) ;
#2605 = CARTESIAN_POINT ( 'NONE',  ( -3.400000000000000400, 0.5000000000000000000, 3.787499999999999200 ) ) ;
#2606 = COLOUR_RGB ( '',0.2509803921568627400, 0.2509803921568627400, 0.2509803921568627400 ) ;
#2607 = VECTOR ( 'NONE', #2360, 1000.000000000000000 ) ;
#2608 = EDGE_LOOP ( 'NONE', ( #1084, #1603, #1407, #9171, #7182, #966 ) ) ;
#2609 = CARTESIAN_POINT ( 'NONE',  ( -3.799999999999999400, 0.5000000000000000000, 0.0000000000000000000 ) ) ;
#2610 = CARTESIAN_POINT ( 'NONE',  ( 0.1989999999999995100, 0.07000000000000018700, 5.187499999999999100 ) ) ;
#2611 = SURFACE_SIDE_STYLE ('',( #6980 ) ) ;
#2612 = EDGE_CURVE ( 'NONE', #4123, #8067, #603, .T. ) ;
#2613 = CARTESIAN_POINT ( 'NONE',  ( 4.947112487891780000, 0.05293756397893845100, -5.178674943163104900 ) ) ;
#2614 = MECHANICAL_DESIGN_GEOMETRIC_PRESENTATION_REPRESENTATION (  '', ( #485 ), #9289 ) ;
#2615 = VECTOR ( 'NONE', #7548, 1000.000000000000000 ) ;
#2616 = ADVANCED_FACE ( 'NONE', ( #1633 ), #126, .T. ) ;
#2617 = DIRECTION ( 'NONE',  ( -0.0000000000000000000, 0.0000000000000000000, -1.000000000000000000 ) ) ;
#2618 =( NAMED_UNIT ( * ) PLANE_ANGLE_UNIT ( ) SI_UNIT ( $, .RADIAN. ) );
#2619 = FACE_OUTER_BOUND ( 'NONE', #2445, .T. ) ;
#2620 = VERTEX_POINT ( 'NONE', #5971 ) ;
#2621 = PLANE ( 'NONE',  #6017 ) ;
#2622 = FACE_OUTER_BOUND ( 'NONE', #2628, .T. ) ;
#2623 = EDGE_CURVE ( 'NONE', #2419, #4567, #6921, .T. ) ;
#2624 = SURFACE_STYLE_FILL_AREA ( #9116 ) ;
#2625 = CARTESIAN_POINT ( 'NONE',  ( 4.936636359456133300, 0.06564005418160194500, -5.187309545997336200 ) ) ;
#2626 = VERTEX_POINT ( 'NONE', #192 ) ;
#2627 = FACE_OUTER_BOUND ( 'NONE', #1034, .T. ) ;
#2628 = EDGE_LOOP ( 'NONE', ( #6966, #4895, #7610, #1122 ) ) ;
#2629 = CARTESIAN_POINT ( 'NONE',  ( -4.900000000000001200, 0.07000000000000018700, -5.187500000000000900 ) ) ;
#2630 = CARTESIAN_POINT ( 'NONE',  ( -4.949999999999999300, 0.5000000000000000000, -2.292500000000000400 ) ) ;
#2631 = CARTESIAN_POINT ( 'NONE',  ( -3.798999999999999500, 0.02000000000000000000, 0.0000000000000000000 ) ) ;
#2632 = CARTESIAN_POINT ( 'NONE',  ( -4.250000000000000000, 0.5000000000000000000, -4.987500000000003400 ) ) ;
#2633 =( LENGTH_UNIT ( ) NAMED_UNIT ( * ) SI_UNIT ( .MILLI., .METRE. ) );
#2634 = AXIS2_PLACEMENT_3D ( 'NONE', #4359, #8801, #1453 ) ;
#2635 = VECTOR ( 'NONE', #8824, 1000.000000000000000 ) ;
#2636 = COLOUR_RGB ( '',0.7529411764705882200, 0.7529411764705882200, 0.7529411764705882200 ) ;
#2637 = VERTEX_POINT ( 'NONE', #1651 ) ;
#2638 = EDGE_CURVE ( 'NONE', #6569, #9366, #7870, .T. ) ;
#2639 = DIRECTION ( 'NONE',  ( -1.000000000000000000, -0.0000000000000000000, 0.0000000000000000000 ) ) ;
#2640 = LINE ( 'NONE', #2585, #6817 ) ;
#2641 = CARTESIAN_POINT ( 'NONE',  ( 4.899581614392898700, 0.5119004000420990200, 1.008750782445780200 ) ) ;
#2642 =( LENGTH_UNIT ( ) NAMED_UNIT ( * ) SI_UNIT ( .MILLI., .METRE. ) );
#2643 = CARTESIAN_POINT ( 'NONE',  ( -4.599999999999999600, 0.5000000000000000000, 0.0000000000000000000 ) ) ;
#2644 = ORIENTED_EDGE ( 'NONE', *, *, #858, .T. ) ;
#2645 = VERTEX_POINT ( 'NONE', #5212 ) ;
#2646 = DIRECTION ( 'NONE',  ( -0.05226442768871089600, -0.9972646886342377800, 0.05226442768871090300 ) ) ;
#2647 = DIRECTION ( 'NONE',  ( 0.0000000000000000000, 0.0000000000000000000, 1.000000000000000000 ) ) ;
#2648 = UNCERTAINTY_MEASURE_WITH_UNIT (LENGTH_MEASURE( 1.000000000000000100E-005 ), #2886, 'distance_accuracy_value', 'NONE');
#2649 = AXIS2_PLACEMENT_3D ( 'NONE', #6076, #3818, #6718 ) ;
#2650 = ADVANCED_FACE ( 'NONE', ( #724 ), #683, .T. ) ;
#2651 = CARTESIAN_POINT ( 'NONE',  ( 4.670000000000002600, 2.250000000000000000, -2.526707825693110400 ) ) ;
#2652 = DIRECTION ( 'NONE',  ( 0.0000000000000000000, -1.000000000000000000, 0.0000000000000000000 ) ) ;
#2653 =( NAMED_UNIT ( * ) SI_UNIT ( $, .STERADIAN. ) SOLID_ANGLE_UNIT ( ) );
#2654 = FACE_OUTER_BOUND ( 'NONE', #8710, .T. ) ;
#2655 = EDGE_CURVE ( 'NONE', #7185, #1450, #7171, .T. ) ;
#2656 = DIRECTION ( 'NONE',  ( -1.000000000000000000, 0.0000000000000000000, 0.0000000000000000000 ) ) ;
#2657 = VERTEX_POINT ( 'NONE', #6824 ) ;
#2658 = ORIENTED_EDGE ( 'NONE', *, *, #8598, .F. ) ;
#2659 = ORIENTED_EDGE ( 'NONE', *, *, #6997, .F. ) ;
#2660 = FILL_AREA_STYLE ('',( #407 ) ) ;
#2661 = ORIENTED_EDGE ( 'NONE', *, *, #5120, .T. ) ;
#2662 = AXIS2_PLACEMENT_3D ( 'NONE', #4319, #4897, #6481 ) ;
#2663 = LINE ( 'NONE', #1273, #2439 ) ;
#2664 = AXIS2_PLACEMENT_3D ( 'NONE', #8992, #6937, #1982 ) ;
#2665 = ORIENTED_EDGE ( 'NONE', *, *, #3467, .F. ) ;
#2666 = ORIENTED_EDGE ( 'NONE', *, *, #3285, .T. ) ;
#2667 = DIRECTION ( 'NONE',  ( -1.000000000000000000, 0.0000000000000000000, -0.0000000000000000000 ) ) ;
#2668 = FILL_AREA_STYLE ('',( #2570 ) ) ;
#2669 = SURFACE_STYLE_USAGE ( .BOTH. , #511 ) ;
#2670 = PRESENTATION_STYLE_ASSIGNMENT (( #3270 ) ) ;
#2671 = EDGE_LOOP ( 'NONE', ( #4430, #8265, #1871, #9134 ) ) ;
#2672 = EDGE_CURVE ( 'NONE', #4437, #3143, #3989, .T. ) ;
#2673 = DIRECTION ( 'NONE',  ( 1.000000000000000000, 0.0000000000000000000, -0.0000000000000000000 ) ) ;
#2674 = ORIENTED_EDGE ( 'NONE', *, *, #9327, .T. ) ;
#2675 = ORIENTED_EDGE ( 'NONE', *, *, #8723, .T. ) ;
#2676 = CIRCLE ( 'NONE', #5000, 0.1000000000000002600 ) ;
#2677 =( NAMED_UNIT ( * ) SI_UNIT ( $, .STERADIAN. ) SOLID_ANGLE_UNIT ( ) );
#2678 = DIRECTION ( 'NONE',  ( 0.0000000000000000000, 0.0000000000000000000, 1.000000000000000000 ) ) ;
#2679 = PRESENTATION_LAYER_ASSIGNMENT (  '', '', ( #5281 ) ) ;
#2680 = DIRECTION ( 'NONE',  ( 1.000000000000000000, 0.0000000000000000000, 0.0000000000000000000 ) ) ;
#2681 = FILL_AREA_STYLE_COLOUR ( '', #4264 ) ;
#2682 = PLANE ( 'NONE',  #2173 ) ;
#2683 = EDGE_LOOP ( 'NONE', ( #7213, #8186, #6687, #7757 ) ) ;
#2684 = EDGE_CURVE ( 'NONE', #9153, #9261, #4651, .T. ) ;
#2685 = LINE ( 'NONE', #6085, #7662 ) ;
#2686 = CARTESIAN_POINT ( 'NONE',  ( 2.200999999999999600, 0.07000000000000018700, 5.137499999999999300 ) ) ;
#2687 = CARTESIAN_POINT ( 'NONE',  ( 0.4977563509461082600, 0.2126202367904132000, 5.787499999999999600 ) ) ;
#2688 = CARTESIAN_POINT ( 'NONE',  ( -2.598999999999999800, 0.07000000000000018700, 5.187499999999999100 ) ) ;
#2689 = CARTESIAN_POINT ( 'NONE',  ( -1.661602540378443800, 0.1499999999999999900, 5.557499999999999200 ) ) ;
#2690 = VERTEX_POINT ( 'NONE', #859 ) ;
#2691 = LINE ( 'NONE', #7625, #6861 ) ;
#2692 =( NAMED_UNIT ( * ) SI_UNIT ( $, .STERADIAN. ) SOLID_ANGLE_UNIT ( ) );
#2693 = PRESENTATION_LAYER_ASSIGNMENT (  '', '', ( #8239 ) ) ;
#2694 = SURFACE_SIDE_STYLE ('',( #4788 ) ) ;
#2695 = DIRECTION ( 'NONE',  ( -1.672022627447524700E-016, 0.0000000000000000000, -1.000000000000000000 ) ) ;
#2696 = DIRECTION ( 'NONE',  ( -0.05226442768871088200, 0.9972646886342375600, 0.05226442768871088900 ) ) ;
#2697 =( NAMED_UNIT ( * ) SI_UNIT ( $, .STERADIAN. ) SOLID_ANGLE_UNIT ( ) );
#2698 = EDGE_CURVE ( 'NONE', #6363, #3988, #5476, .T. ) ;
#2699 = PLANE ( 'NONE',  #2187 ) ;
#2700 = ORIENTED_EDGE ( 'NONE', *, *, #3971, .T. ) ;
#2701 = VECTOR ( 'NONE', #4269, 1000.000000000000000 ) ;
#2702 = DIRECTION ( 'NONE',  ( -1.000000000000000000, 0.0000000000000000000, 0.0000000000000000000 ) ) ;
#2703 = UNCERTAINTY_MEASURE_WITH_UNIT (LENGTH_MEASURE( 1.000000000000000100E-005 ), #3376, 'distance_accuracy_value', 'NONE');
#2704 = SURFACE_STYLE_USAGE ( .BOTH. , #8482 ) ;
#2705 = AXIS2_PLACEMENT_3D ( 'NONE', #5049, #2923, #2222 ) ;
#2706 = DIRECTION ( 'NONE',  ( 0.0000000000000000000, 0.0000000000000000000, -1.000000000000000000 ) ) ;
#2707 = CARTESIAN_POINT ( 'NONE',  ( 0.5999999999999999800, 0.5000000000000000000, -5.887500000000002800 ) ) ;
#2708 = DIRECTION ( 'NONE',  ( 1.000000000000000000, -0.0000000000000000000, 0.0000000000000000000 ) ) ;
#2709 = DIRECTION ( 'NONE',  ( 0.0000000000000000000, 1.000000000000000000, 0.0000000000000000000 ) ) ;
#2710 = EDGE_CURVE ( 'NONE', #2430, #2543, #8652, .T. ) ;
#2711 = ADVANCED_FACE ( 'NONE', ( #6362 ), #4620, .F. ) ;
#2712 = VECTOR ( 'NONE', #2752, 1000.000000000000000 ) ;
#2713 =( NAMED_UNIT ( * ) SI_UNIT ( $, .STERADIAN. ) SOLID_ANGLE_UNIT ( ) );
#2714 = DIRECTION ( 'NONE',  ( 0.0000000000000000000, 0.0000000000000000000, -1.000000000000000000 ) ) ;
#2715 = SURFACE_STYLE_FILL_AREA ( #8599 ) ;
#2716 = PLANE ( 'NONE',  #5936 ) ;
#2717 = CARTESIAN_POINT ( 'NONE',  ( 4.150999999999999800, 0.5010000000000000000, -2.598500000000003100 ) ) ;
#2718 = FILL_AREA_STYLE_COLOUR ( '', #3985 ) ;
#2719 = VERTEX_POINT ( 'NONE', #2375 ) ;
#2720 = DIRECTION ( 'NONE',  ( -0.5000000000000027800, 0.8660254037844370400, 0.0000000000000000000 ) ) ;
#2721 = STYLED_ITEM ( 'NONE', ( #7727 ), #7949 ) ;
#2722 = ORIENTED_EDGE ( 'NONE', *, *, #5618, .T. ) ;
#2723 =( NAMED_UNIT ( * ) PLANE_ANGLE_UNIT ( ) SI_UNIT ( $, .RADIAN. ) );
#2724 = CARTESIAN_POINT ( 'NONE',  ( 0.4616025403784444500, 0.1499999999999999900, 5.557499999999999200 ) ) ;
#2725 = VECTOR ( 'NONE', #3292, 1000.000000000000000 ) ;
#2726 = DIRECTION ( 'NONE',  ( 0.0000000000000000000, 0.0000000000000000000, 1.000000000000000000 ) ) ;
#2727 = CARTESIAN_POINT ( 'NONE',  ( 4.599999999999999600, 0.0000000000000000000, 3.787499999999999200 ) ) ;
#2728 = EDGE_CURVE ( 'NONE', #6513, #322, #4431, .T. ) ;
#2729 = VECTOR ( 'NONE', #5195, 1000.000000000000000 ) ;
#2730 = ORIENTED_EDGE ( 'NONE', *, *, #1100, .F. ) ;
#2731 = VECTOR ( 'NONE', #4852, 1000.000000000000000 ) ;
#2732 = ORIENTED_EDGE ( 'NONE', *, *, #1988, .T. ) ;
#2733 = AXIS2_PLACEMENT_3D ( 'NONE', #5626, #7794, #5720 ) ;
#2734 = AXIS2_PLACEMENT_3D ( 'NONE', #5301, #6015, #2484 ) ;
#2735 = FACE_OUTER_BOUND ( 'NONE', #8011, .T. ) ;
#2736 = CARTESIAN_POINT ( 'NONE',  ( -1.399999999999999900, 0.5000000000000000000, 5.787499999999999600 ) ) ;
#2737 = VECTOR ( 'NONE', #1004, 1000.000000000000000 ) ;
#2738 = FILL_AREA_STYLE ('',( #2033 ) ) ;
#2739 = PLANE ( 'NONE',  #2105 ) ;
#2740 = EDGE_CURVE ( 'NONE', #1450, #8010, #1516, .T. ) ;
#2741 = ORIENTED_EDGE ( 'NONE', *, *, #6816, .T. ) ;
#2742 = COLOUR_RGB ( '',0.7529411764705882200, 0.7529411764705882200, 0.7529411764705882200 ) ;
#2743 = EDGE_LOOP ( 'NONE', ( #5361, #7932, #7462, #2192 ) ) ;
#2744 = CARTESIAN_POINT ( 'NONE',  ( 4.250999999999999400, 0.07000000000000158900, -5.187500000000000900 ) ) ;
#2745 = PRESENTATION_STYLE_ASSIGNMENT (( #5253 ) ) ;
#2746 = CARTESIAN_POINT ( 'NONE',  ( 3.974999999999999200, 0.0000000000000000000, 5.787499999999999600 ) ) ;
#2747 = SURFACE_SIDE_STYLE ('',( #8646 ) ) ;
#2748 = DIRECTION ( 'NONE',  ( 0.0000000000000000000, -1.000000000000000000, 0.0000000000000000000 ) ) ;
#2749 = AXIS2_PLACEMENT_3D ( 'NONE', #1203, #9150, #4745 ) ;
#2750 = ORIENTED_EDGE ( 'NONE', *, *, #7688, .F. ) ;
#2751 = VECTOR ( 'NONE', #6426, 1000.000000000000000 ) ;
#2752 = DIRECTION ( 'NONE',  ( -0.0000000000000000000, -1.000000000000000000, -0.0000000000000000000 ) ) ;
#2753 = VECTOR ( 'NONE', #8958, 1000.000000000000000 ) ;
#2754 = EDGE_CURVE ( 'NONE', #4811, #478, #2760, .T. ) ;
#2755 = CARTESIAN_POINT ( 'NONE',  ( 4.599999999999999600, 0.5000000000000000000, 0.0000000000000000000 ) ) ;
#2756 = LINE ( 'NONE', #5866, #6471 ) ;
#2757 = LINE ( 'NONE', #5890, #1835 ) ;
#2758 =( BOUNDED_CURVE ( )  B_SPLINE_CURVE ( 3, ( #6904, #4059, #4709, #9051 ),
 .UNSPECIFIED., .F., .F. ) 
 B_SPLINE_CURVE_WITH_KNOTS ( ( 4, 4 ),
 ( 3.144331709330581100, 3.828483530762449800 ),
 .UNSPECIFIED. ) 
 CURVE ( )  GEOMETRIC_REPRESENTATION_ITEM ( )  RATIONAL_B_SPLINE_CURVE ( ( 1.000000000000000000, 0.9613735634947495600, 0.9613735634947495600, 1.000000000000000000 ) ) 
 REPRESENTATION_ITEM ( '' )  );
#2759 = VERTEX_POINT ( 'NONE', #6083 ) ;
#2760 = LINE ( 'NONE', #8903, #3215 ) ;
#2761 = ORIENTED_EDGE ( 'NONE', *, *, #6855, .F. ) ;
#2762 = ADVANCED_FACE ( 'NONE', ( #7394 ), #4649, .T. ) ;
#2763 = DIRECTION ( 'NONE',  ( 2.257532720536562000E-015, 0.0000000000000000000, 1.000000000000000000 ) ) ;
#2764 = CARTESIAN_POINT ( 'NONE',  ( 0.0000000000000000000, 0.0000000000000000000, -5.887500000000002800 ) ) ;
#2765 = CARTESIAN_POINT ( 'NONE',  ( -4.809327463485842300, 2.234051203774247300, 1.189756125684218000 ) ) ;
#2766 = ORIENTED_EDGE ( 'NONE', *, *, #1491, .T. ) ;
#2767 = EDGE_LOOP ( 'NONE', ( #9141, #396, #7899, #6373, #3017, #1001, #6486, #2841, #2321, #4695, #6535, #8051, #6944, #5444, #6346, #8642, #2666, #633, #7004, #6139, #4781, #8686, #6677, #6583, #6621, #8134, #940, #3204, #7282, #4246, #7284, #5965, #8892, #174, #8679, #45, #82, #6070, #8250, #7455, #4232, #9277, #8393, #6711, #1463, #9392 ) ) ;
#2768 = LINE ( 'NONE', #6198, #4782 ) ;
#2769 = DIRECTION ( 'NONE',  ( 0.0000000000000000000, -1.000000000000000000, 0.0000000000000000000 ) ) ;
#2770 = EDGE_CURVE ( 'NONE', #3216, #7650, #5362, .T. ) ;
#2771 = EDGE_LOOP ( 'NONE', ( #4772, #4590, #8503, #2060 ) ) ;
#2772 = ORIENTED_EDGE ( 'NONE', *, *, #3613, .T. ) ;
#2773 = CARTESIAN_POINT ( 'NONE',  ( -0.8250000000000001800, 0.0000000000000000000, 5.557499999999999200 ) ) ;
#2774 = MANIFOLD_SOLID_BREP ( 'Chamfer2', #5140 ) ;
#2775 = DIRECTION ( 'NONE',  ( 0.8660254037844377100, 0.5000000000000016700, -0.0000000000000000000 ) ) ;
#2776 = DIRECTION ( 'NONE',  ( -1.000000000000000000, 0.0000000000000000000, -0.0000000000000000000 ) ) ;
#2777 = SURFACE_STYLE_USAGE ( .BOTH. , #770 ) ;
#2778 = CARTESIAN_POINT ( 'NONE',  ( -3.401000000000000200, 2.299999999999999800, 5.093165997290524800 ) ) ;
#2779 = CARTESIAN_POINT ( 'NONE',  ( 1.000000000000000000, 0.5000000000000000000, 5.787499999999999600 ) ) ;
#2780 = VERTEX_POINT ( 'NONE', #247 ) ;
#2781 = ORIENTED_EDGE ( 'NONE', *, *, #6916, .T. ) ;
#2782 = LINE ( 'NONE', #2165, #1980 ) ;
#2783 = AXIS2_PLACEMENT_3D ( 'NONE', #4115, #7816, #4928 ) ;
#2784 = EDGE_LOOP ( 'NONE', ( #7484, #6986, #6836, #55 ) ) ;
#2785 = CARTESIAN_POINT ( 'NONE',  ( 0.0000000000000000000, 0.5000000000000000000, 3.787499999999999200 ) ) ;
#2786 = EDGE_CURVE ( 'NONE', #8702, #4280, #5238, .T. ) ;
#2787 = FILL_AREA_STYLE_COLOUR ( '', #1571 ) ;
#2788 = ORIENTED_EDGE ( 'NONE', *, *, #2571, .T. ) ;
#2789 = VERTEX_POINT ( 'NONE', #6981 ) ;
#2790 = LINE ( 'NONE', #8116, #65 ) ;
#2791 = FACE_OUTER_BOUND ( 'NONE', #5892, .T. ) ;
#2792 = PRESENTATION_LAYER_ASSIGNMENT (  '', '', ( #1803 ) ) ;
#2793 = ORIENTED_EDGE ( 'NONE', *, *, #6847, .T. ) ;
#2794 = STYLED_ITEM ( 'NONE', ( #919 ), #8403 ) ;
#2795 = DIRECTION ( 'NONE',  ( 0.0000000000000000000, -0.0000000000000000000, -1.000000000000000000 ) ) ;
#2796 = CARTESIAN_POINT ( 'NONE',  ( 4.900000000000000400, 0.5000000000000000000, -5.887500000000002800 ) ) ;
#2797 = DIRECTION ( 'NONE',  ( -1.000000000000000000, 0.0000000000000000000, -0.0000000000000000000 ) ) ;
#2798 = ORIENTED_EDGE ( 'NONE', *, *, #3775, .T. ) ;
#2799 = ORIENTED_EDGE ( 'NONE', *, *, #8109, .F. ) ;
#2800 = ADVANCED_FACE ( 'NONE', ( #5123 ), #4210, .T. ) ;
#2801 = VECTOR ( 'NONE', #4653, 1000.000000000000000 ) ;
#2802 = EDGE_CURVE ( 'NONE', #6760, #4544, #2523, .T. ) ;
#2803 = CARTESIAN_POINT ( 'NONE',  ( 2.774999999999999500, 0.1499999999999999900, 5.787499999999999600 ) ) ;
#2804 =( LENGTH_UNIT ( ) NAMED_UNIT ( * ) SI_UNIT ( .MILLI., .METRE. ) );
#2805 = ORIENTED_EDGE ( 'NONE', *, *, #5458, .F. ) ;
#2806 = FILL_AREA_STYLE ('',( #8602 ) ) ;
#2807 = CARTESIAN_POINT ( 'NONE',  ( 4.670000000000002600, 0.5010000000000000000, -2.292605104235265800 ) ) ;
#2808 = VECTOR ( 'NONE', #3768, 1000.000000000000000 ) ;
#2809 = CARTESIAN_POINT ( 'NONE',  ( -4.599999999999999600, 0.5000000000000000000, 5.787499999999999600 ) ) ;
#2810 = ADVANCED_FACE ( 'NONE', ( #1294 ), #6906, .F. ) ;
#2811 = FILL_AREA_STYLE ('',( #2869 ) ) ;
#2812 = EDGE_CURVE ( 'NONE', #4799, #7763, #8400, .T. ) ;
#2813 = ORIENTED_EDGE ( 'NONE', *, *, #2092, .F. ) ;
#2814 = DIRECTION ( 'NONE',  ( 1.000000000000000000, 0.0000000000000000000, -0.0000000000000000000 ) ) ;
#2815 = CARTESIAN_POINT ( 'NONE',  ( -1.000000000000000000, 0.5000000000000000000, 3.787499999999999200 ) ) ;
#2816 = DIRECTION ( 'NONE',  ( 0.0000000000000000000, 0.1045284632676583800, -0.9945218953682728500 ) ) ;
#2817 = LINE ( 'NONE', #8855, #5752 ) ;
#2818 =( NAMED_UNIT ( * ) PLANE_ANGLE_UNIT ( ) SI_UNIT ( $, .RADIAN. ) );
#2819 = MECHANICAL_DESIGN_GEOMETRIC_PRESENTATION_REPRESENTATION (  '', ( #5096 ), #6072 ) ;
#2820 = COLOUR_RGB ( '',0.7529411764705882200, 0.7529411764705882200, 0.7529411764705882200 ) ;
#2821 = LINE ( 'NONE', #4685, #8949 ) ;
#2822 = CARTESIAN_POINT ( 'NONE',  ( 4.950000000000000200, 0.4999999999998842000, -2.342500377445273100 ) ) ;
#2823 = DIRECTION ( 'NONE',  ( 6.044265971272610200E-016, -0.9945218953682734000, -0.1045284632676536800 ) ) ;
#2824 = EDGE_CURVE ( 'NONE', #8406, #9288, #1827, .T. ) ;
#2825 = UNCERTAINTY_MEASURE_WITH_UNIT (LENGTH_MEASURE( 1.000000000000000100E-005 ), #3560, 'distance_accuracy_value', 'NONE');
#2826 = CARTESIAN_POINT ( 'NONE',  ( -4.731000000000000800, 0.5010000000000000000, -2.298500000000003300 ) ) ;
#2827 = PLANE ( 'NONE',  #1219 ) ;
#2828 = VECTOR ( 'NONE', #1060, 1000.000000000000000 ) ;
#2829 = ORIENTED_EDGE ( 'NONE', *, *, #8289, .F. ) ;
#2830 = FACE_OUTER_BOUND ( 'NONE', #6079, .T. ) ;
#2831 =( GEOMETRIC_REPRESENTATION_CONTEXT ( 3 ) GLOBAL_UNCERTAINTY_ASSIGNED_CONTEXT ( ( #1022 ) ) GLOBAL_UNIT_ASSIGNED_CONTEXT ( ( #7607, #8357, #3994 ) ) REPRESENTATION_CONTEXT ( 'NONE', 'WORKASPACE' ) );
#2832 = SURFACE_STYLE_FILL_AREA ( #6388 ) ;
#2833 = CARTESIAN_POINT ( 'NONE',  ( -2.598999999999999800, 0.02000000000000000000, 0.0000000000000000000 ) ) ;
#2834 = CARTESIAN_POINT ( 'NONE',  ( -4.857692519519754400, 2.261331652343349300, -2.524675722138390600 ) ) ;
#2835 = EDGE_CURVE ( 'NONE', #3038, #7660, #9092, .T. ) ;
#2836 = FACE_OUTER_BOUND ( 'NONE', #2489, .T. ) ;
#2837 = VERTEX_POINT ( 'NONE', #461 ) ;
#2838 = CARTESIAN_POINT ( 'NONE',  ( 2.200000000000000200, 0.0000000000000000000, 4.587499999999999500 ) ) ;
#2839 = ADVANCED_FACE ( 'NONE', ( #2412 ), #6813, .T. ) ;
#2840 = CARTESIAN_POINT ( 'NONE',  ( 0.0000000000000000000, 0.5000000000000000000, -5.237500000000000700 ) ) ;
#2841 = ORIENTED_EDGE ( 'NONE', *, *, #4621, .F. ) ;
#2842 = CARTESIAN_POINT ( 'NONE',  ( -4.730000000000000400, 0.5000000000000000000, 0.0000000000000000000 ) ) ;
#2843 = SURFACE_SIDE_STYLE ('',( #5789 ) ) ;
#2844 = TOROIDAL_SURFACE ( 'NONE', #6962, 0.05000000000000000300, 0.05000000000000000300 ) ;
#2845 = DIRECTION ( 'NONE',  ( -0.5000000000000027800, -0.8660254037844370400, 0.0000000000000000000 ) ) ;
#2846 = AXIS2_PLACEMENT_3D ( 'NONE', #8084, #750, #1565 ) ;
#2847 = CYLINDRICAL_SURFACE ( 'NONE', #5204, 0.04999999999999969700 ) ;
#2848 = STYLED_ITEM ( 'NONE', ( #5231 ), #7902 ) ;
#2849 = CARTESIAN_POINT ( 'NONE',  ( 4.810701017356764800, 2.207843220975529900, -2.472001555694303100 ) ) ;
#2850 = VECTOR ( 'NONE', #6172, 1000.000000000000000 ) ;
#2851 = ORIENTED_EDGE ( 'NONE', *, *, #6675, .F. ) ;
#2852 = LINE ( 'NONE', #2326, #7964 ) ;
#2853 = CARTESIAN_POINT ( 'NONE',  ( -4.949809545997336400, 0.06564005418160105700, -5.174136359456135800 ) ) ;
#2854 = EDGE_CURVE ( 'NONE', #2197, #5724, #7984, .T. ) ;
#2855 = CARTESIAN_POINT ( 'NONE',  ( -4.760769540619036500, 2.200000000000000200, 4.998269540619036300 ) ) ;
#2856 = PRESENTATION_LAYER_ASSIGNMENT (  '', '', ( #4593 ) ) ;
#2857 = VECTOR ( 'NONE', #5772, 1000.000000000000000 ) ;
#2858 = PRODUCT_DEFINITION ( 'UNKNOWN', '', #8820, #8333 ) ;
#2859 = ORIENTED_EDGE ( 'NONE', *, *, #1090, .F. ) ;
#2860 = VECTOR ( 'NONE', #1298, 1000.000000000000000 ) ;
#2861 = CARTESIAN_POINT ( 'NONE',  ( -4.335518269075303800, 2.255226423163382500, 0.8574999999999989300 ) ) ;
#2862 = CARTESIAN_POINT ( 'NONE',  ( 3.600000000000000100, 0.1499999999999999900, 0.0000000000000000000 ) ) ;
#2863 = EDGE_CURVE ( 'NONE', #4223, #3792, #5798, .T. ) ;
#2864 = DIRECTION ( 'NONE',  ( -0.0000000000000000000, 0.0000000000000000000, -1.000000000000000000 ) ) ;
#2865 = LINE ( 'NONE', #7568, #2310 ) ;
#2866 = ORIENTED_EDGE ( 'NONE', *, *, #3285, .F. ) ;
#2867 = VECTOR ( 'NONE', #96, 1000.000000000000000 ) ;
#2868 = VERTEX_POINT ( 'NONE', #494 ) ;
#2869 = FILL_AREA_STYLE_COLOUR ( '', #8340 ) ;
#2870 = DIRECTION ( 'NONE',  ( -0.05226442768871089600, -0.9972646886342375600, -0.05226442768871088900 ) ) ;
#2871 = CARTESIAN_POINT ( 'NONE',  ( -4.937918276414937900, 0.06038817980851155600, -5.186771902072316600 ) ) ;
#2872 = CARTESIAN_POINT ( 'NONE',  ( -2.025000000000000400, 0.1499999999999999900, 5.557499999999999200 ) ) ;
#2873 = ORIENTED_EDGE ( 'NONE', *, *, #4053, .F. ) ;
#2874 = UNCERTAINTY_MEASURE_WITH_UNIT (LENGTH_MEASURE( 1.000000000000000100E-005 ), #6045, 'distance_accuracy_value', 'NONE');
#2875 = ORIENTED_EDGE ( 'NONE', *, *, #222, .F. ) ;
#2876 = VECTOR ( 'NONE', #2026, 1000.000000000000000 ) ;
#2877 = EDGE_LOOP ( 'NONE', ( #3251, #4259, #8377, #3723 ) ) ;
#2878 = EDGE_CURVE ( 'NONE', #8696, #9185, #3205, .T. ) ;
#2879 = CARTESIAN_POINT ( 'NONE',  ( -1.399000000000000000, 0.07000000000000018700, 5.187499999999999100 ) ) ;
#2880 = VERTEX_POINT ( 'NONE', #9177 ) ;
#2881 = LINE ( 'NONE', #6110, #1966 ) ;
#2882 = DIRECTION ( 'NONE',  ( -1.000000000000000000, 0.0000000000000000000, -0.0000000000000000000 ) ) ;
#2883 = EDGE_LOOP ( 'NONE', ( #8789, #8862, #1390, #3469 ) ) ;
#2884 = VERTEX_POINT ( 'NONE', #1819 ) ;
#2885 = CARTESIAN_POINT ( 'NONE',  ( -4.855069641476609900, 2.260785108296681700, 1.192565972274709100 ) ) ;
#2886 =( LENGTH_UNIT ( ) NAMED_UNIT ( * ) SI_UNIT ( .MILLI., .METRE. ) );
#2887 = ADVANCED_FACE ( 'NONE', ( #2061 ), #6179, .T. ) ;
#2888 = DIRECTION ( 'NONE',  ( 0.0000000000000000000, 1.000000000000000000, -0.0000000000000000000 ) ) ;
#2889 = UNCERTAINTY_MEASURE_WITH_UNIT (LENGTH_MEASURE( 1.000000000000000100E-005 ), #3836, 'distance_accuracy_value', 'NONE');
#2890 = AXIS2_PLACEMENT_3D ( 'NONE', #74, #7218, #6568 ) ;
#2891 = VERTEX_POINT ( 'NONE', #8364 ) ;
#2892 = DIRECTION ( 'NONE',  ( 1.000000000000000000, 0.0000000000000000000, 0.0000000000000000000 ) ) ;
#2893 = CIRCLE ( 'NONE', #8119, 1.500000000000000200 ) ;
#2894 = EDGE_CURVE ( 'NONE', #4217, #3680, #8539, .T. ) ;
#2895 = ORIENTED_EDGE ( 'NONE', *, *, #5300, .T. ) ;
#2896 = VERTEX_POINT ( 'NONE', #8392 ) ;
#2897 = LINE ( 'NONE', #2907, #3012 ) ;
#2898 = SURFACE_STYLE_USAGE ( .BOTH. , #1378 ) ;
#2899 = DIRECTION ( 'NONE',  ( 1.354519632321937100E-014, 0.0000000000000000000, 1.000000000000000000 ) ) ;
#2900 = VECTOR ( 'NONE', #4924, 999.9999999999998900 ) ;
#2901 = CARTESIAN_POINT ( 'NONE',  ( -4.670000000000000800, 2.255226423163382500, -2.476981730924696600 ) ) ;
#2902 =( LENGTH_UNIT ( ) NAMED_UNIT ( * ) SI_UNIT ( .MILLI., .METRE. ) );
#2903 = ORIENTED_EDGE ( 'NONE', *, *, #1580, .T. ) ;
#2904 = ORIENTED_EDGE ( 'NONE', *, *, #827, .T. ) ;
#2905 = CARTESIAN_POINT ( 'NONE',  ( 4.150999999999999800, 0.02000000000000000000, 0.0000000000000000000 ) ) ;
#2906 = STYLED_ITEM ( 'NONE', ( #73 ), #1387 ) ;
#2907 = CARTESIAN_POINT ( 'NONE',  ( 4.670000000000001700, 0.5000000000000000000, 1.007499999999999600 ) ) ;
#2908 = ORIENTED_EDGE ( 'NONE', *, *, #3298, .T. ) ;
#2909 = VERTEX_POINT ( 'NONE', #2589 ) ;
#2910 = COLOUR_RGB ( '',0.7529411764705882200, 0.7529411764705882200, 0.7529411764705882200 ) ;
#2911 = CARTESIAN_POINT ( 'NONE',  ( 4.251000000000000300, 0.02000000000000000000, 0.0000000000000000000 ) ) ;
#2912 = FACE_OUTER_BOUND ( 'NONE', #4419, .T. ) ;
#2913 = DIRECTION ( 'NONE',  ( -0.0000000000000000000, -1.000000000000000000, -0.0000000000000000000 ) ) ;
#2914 = FILL_AREA_STYLE_COLOUR ( '', #4768 ) ;
#2915 = CARTESIAN_POINT ( 'NONE',  ( -4.061602540378443000, 0.1499999999999999900, 5.557499999999999200 ) ) ;
#2916 = ORIENTED_EDGE ( 'NONE', *, *, #2459, .T. ) ;
#2917 = VECTOR ( 'NONE', #6117, 1000.000000000000000 ) ;
#2918 = MECHANICAL_DESIGN_GEOMETRIC_PRESENTATION_REPRESENTATION (  '', ( #8448 ), #3392 ) ;
#2919 = ORIENTED_EDGE ( 'NONE', *, *, #3601, .F. ) ;
#2920 = PLANE ( 'NONE',  #2480 ) ;
#2921 = CARTESIAN_POINT ( 'NONE',  ( 1.836970198721030200E-016, 2.250000000000000000, -1.500000000000000200 ) ) ;
#2922 = CARTESIAN_POINT ( 'NONE',  ( -4.950000000000001100, 0.4999999999998842000, -5.187500000000000900 ) ) ;
#2923 = DIRECTION ( 'NONE',  ( 0.0000000000000000000, -1.000000000000000000, 0.0000000000000000000 ) ) ;
#2924 = VERTEX_POINT ( 'NONE', #4938 ) ;
#2925 = EDGE_CURVE ( 'NONE', #7608, #395, #5350, .T. ) ;
#2926 = LINE ( 'NONE', #236, #8934 ) ;
#2927 = PRESENTATION_LAYER_ASSIGNMENT (  '', '', ( #6665 ) ) ;
#2928 = DIRECTION ( 'NONE',  ( 1.000000000000000000, 0.0000000000000000000, 0.0000000000000000000 ) ) ;
#2929 = CARTESIAN_POINT ( 'NONE',  ( -4.730000000000000400, 0.5000000000000000000, 0.9624999999999968000 ) ) ;
#2930 = EDGE_LOOP ( 'NONE', ( #3922, #9192, #5867, #4251 ) ) ;
#2931 = VECTOR ( 'NONE', #3607, 1000.000000000000000 ) ;
#2932 = FILL_AREA_STYLE_COLOUR ( '', #1239 ) ;
#2933 =( GEOMETRIC_REPRESENTATION_CONTEXT ( 3 ) GLOBAL_UNCERTAINTY_ASSIGNED_CONTEXT ( ( #7698 ) ) GLOBAL_UNIT_ASSIGNED_CONTEXT ( ( #6269, #4112, #4863 ) ) REPRESENTATION_CONTEXT ( 'NONE', 'WORKASPACE' ) );
#2934 = VECTOR ( 'NONE', #6460, 1000.000000000000000 ) ;
#2935 = VERTEX_POINT ( 'NONE', #8555 ) ;
#2936 = ADVANCED_FACE ( 'NONE', ( #5462 ), #4182, .T. ) ;
#2937 = EDGE_CURVE ( 'NONE', #4280, #987, #1822, .T. ) ;
#2938 = DIRECTION ( 'NONE',  ( -1.000000000000000000, 0.0000000000000000000, 0.0000000000000000000 ) ) ;
#2939 = DIRECTION ( 'NONE',  ( 0.0000000000000000000, 0.0000000000000000000, -1.000000000000000000 ) ) ;
#2940 = DIRECTION ( 'NONE',  ( 1.000000000000000000, 0.0000000000000000000, 0.0000000000000000000 ) ) ;
#2941 = DIRECTION ( 'NONE',  ( 0.0000000000000000000, -1.000000000000000000, 0.0000000000000000000 ) ) ;
#2942 = DIRECTION ( 'NONE',  ( 0.0000000000000000000, 0.0000000000000000000, 1.000000000000000000 ) ) ;
#2943 = B_SPLINE_CURVE_WITH_KNOTS ( 'NONE', 3,
 ( #4462, #5403, #5464, #6929, #2613, #7679, #9075 ),
 .UNSPECIFIED., .F., .F.,
 ( 4, 3, 4 ),
 ( 3.388131789017201400E-019, 1.458980556784103300E-005, 2.519394850422864500E-005 ),
 .UNSPECIFIED. ) ;
#2944 = CARTESIAN_POINT ( 'NONE',  ( 0.0000000000000000000, 0.02000000000000000000, 3.786499999999998900 ) ) ;
#2945 = AXIS2_PLACEMENT_3D ( 'NONE', #141, #4516, #2100 ) ;
#2946 = ADVANCED_FACE ( 'NONE', ( #2301 ), #8614, .T. ) ;
#2947 = VECTOR ( 'NONE', #7424, 1000.000000000000000 ) ;
#2948 = DIRECTION ( 'NONE',  ( 0.0000000000000000000, 0.0000000000000000000, 1.000000000000000000 ) ) ;
#2949 = SURFACE_STYLE_USAGE ( .BOTH. , #4275 ) ;
#2950 = EDGE_CURVE ( 'NONE', #8574, #7070, #825, .T. ) ;
#2951 =( LENGTH_UNIT ( ) NAMED_UNIT ( * ) SI_UNIT ( .MILLI., .METRE. ) );
#2952 = SURFACE_STYLE_FILL_AREA ( #3081 ) ;
#2953 = DIRECTION ( 'NONE',  ( -0.0000000000000000000, -1.000000000000000000, -0.0000000000000000000 ) ) ;
#2954 = AXIS2_PLACEMENT_3D ( 'NONE', #6476, #2892, #2225 ) ;
#2955 = ORIENTED_EDGE ( 'NONE', *, *, #9076, .T. ) ;
#2956 = LINE ( 'NONE', #445, #3735 ) ;
#2957 = CARTESIAN_POINT ( 'NONE',  ( -4.250000000000000000, 0.0000000000000000000, -2.297500000000003000 ) ) ;
#2958 = DIRECTION ( 'NONE',  ( 0.5000000000000027800, -0.8660254037844370400, 0.0000000000000000000 ) ) ;
#2959 = AXIS2_PLACEMENT_3D ( 'NONE', #8985, #1737, #2369 ) ;
#2960 = VECTOR ( 'NONE', #8921, 1000.000000000000000 ) ;
#2961 = ORIENTED_EDGE ( 'NONE', *, *, #6353, .F. ) ;
#2962 = FACE_OUTER_BOUND ( 'NONE', #2883, .T. ) ;
#2963 = VERTEX_POINT ( 'NONE', #1986 ) ;
#2964 = CARTESIAN_POINT ( 'NONE',  ( 4.061602540378443900, 0.1499999999999999900, 5.557499999999999200 ) ) ;
#2965 = EDGE_CURVE ( 'NONE', #7291, #2868, #6355, .T. ) ;
#2966 = PRESENTATION_STYLE_ASSIGNMENT (( #2777 ) ) ;
#2967 = PLANE ( 'NONE',  #7910 ) ;
#2968 = LINE ( 'NONE', #1151, #5094 ) ;
#2969 = DIRECTION ( 'NONE',  ( 0.0000000000000000000, -0.0000000000000000000, -1.000000000000000000 ) ) ;
#2970 = VERTEX_POINT ( 'NONE', #7044 ) ;
#2971 = ORIENTED_EDGE ( 'NONE', *, *, #7856, .T. ) ;
#2972 = MECHANICAL_DESIGN_GEOMETRIC_PRESENTATION_REPRESENTATION (  '', ( #5989 ), #4584 ) ;
#2973 = CARTESIAN_POINT ( 'NONE',  ( -3.400000000000000400, 0.5000000000000000000, 5.787499999999999600 ) ) ;
#2974 = PRESENTATION_LAYER_ASSIGNMENT (  '', '', ( #360 ) ) ;
#2975 = FACE_OUTER_BOUND ( 'NONE', #7869, .T. ) ;
#2976 =( NAMED_UNIT ( * ) PLANE_ANGLE_UNIT ( ) SI_UNIT ( $, .RADIAN. ) );
#2977 = EDGE_CURVE ( 'NONE', #3715, #6490, #2514, .T. ) ;
#2978 = ORIENTED_EDGE ( 'NONE', *, *, #7989, .F. ) ;
#2979 = CARTESIAN_POINT ( 'NONE',  ( 3.138397459621557100, 0.1499999999999999900, 5.557499999999999200 ) ) ;
#2980 = DIRECTION ( 'NONE',  ( 1.000000000000000000, 0.0000000000000000000, 0.0000000000000000000 ) ) ;
#2981 = STYLED_ITEM ( 'NONE', ( #7569 ), #190 ) ;
#2982 = DIRECTION ( 'NONE',  ( 0.0000000000000000000, 0.0000000000000000000, -1.000000000000000000 ) ) ;
#2983 = FACE_OUTER_BOUND ( 'NONE', #5431, .T. ) ;
#2984 = FILL_AREA_STYLE ('',( #7368 ) ) ;
#2985 = ADVANCED_FACE ( 'NONE', ( #3542 ), #6123, .F. ) ;
#2986 = DIRECTION ( 'NONE',  ( -1.000000000000000000, 0.0000000000000000000, 0.0000000000000000000 ) ) ;
#2987 = FILL_AREA_STYLE ('',( #8720 ) ) ;
#2988 = VECTOR ( 'NONE', #7147, 1000.000000000000000 ) ;
#2989 = FILL_AREA_STYLE_COLOUR ( '', #6184 ) ;
#2990 = ORIENTED_EDGE ( 'NONE', *, *, #1276, .F. ) ;
#2991 = EDGE_LOOP ( 'NONE', ( #3882, #8829, #2587, #3247 ) ) ;
#2992 = CARTESIAN_POINT ( 'NONE',  ( -4.338397459621555500, 0.1499999999999999900, 5.557499999999999200 ) ) ;
#2993 = DIRECTION ( 'NONE',  ( -1.000000000000000000, 0.0000000000000000000, 0.0000000000000000000 ) ) ;
#2994 = EDGE_CURVE ( 'NONE', #8574, #3772, #8103, .T. ) ;
#2995 = DIRECTION ( 'NONE',  ( 0.0000000000000000000, -1.000000000000000000, 0.0000000000000000000 ) ) ;
#2996 = ADVANCED_FACE ( 'NONE', ( #7609 ), #590, .F. ) ;
#2997 = CYLINDRICAL_SURFACE ( 'NONE', #6253, 0.04999999999999969700 ) ;
#2998 =( NAMED_UNIT ( * ) PLANE_ANGLE_UNIT ( ) SI_UNIT ( $, .RADIAN. ) );
#2999 = EDGE_LOOP ( 'NONE', ( #6383, #4495, #1316, #2866, #8930, #205 ) ) ;
#3000 = EDGE_LOOP ( 'NONE', ( #3109, #6695, #5943, #621 ) ) ;
#3001 =( BOUNDED_CURVE ( )  B_SPLINE_CURVE ( 3, ( #423, #1877, #6845, #4672 ),
 .UNSPECIFIED., .F., .F. ) 
 B_SPLINE_CURVE_WITH_KNOTS ( ( 4, 4 ),
 ( 1.623156204354724100, 3.141592653589793100 ),
 .UNSPECIFIED. ) 
 CURVE ( )  GEOMETRIC_REPRESENTATION_ITEM ( )  RATIONAL_B_SPLINE_CURVE ( ( 1.000000000000000000, 0.8169162473415245700, 0.8169162473415245700, 1.000000000000000000 ) ) 
 REPRESENTATION_ITEM ( '' )  );
#3002 = ORIENTED_EDGE ( 'NONE', *, *, #7473, .T. ) ;
#3003 =( NAMED_UNIT ( * ) SI_UNIT ( $, .STERADIAN. ) SOLID_ANGLE_UNIT ( ) );
#3004 = CARTESIAN_POINT ( 'NONE',  ( 4.760769540619037300, 2.250000000000000000, -2.526707825693110400 ) ) ;
#3005 = CARTESIAN_POINT ( 'NONE',  ( -4.251000000000000300, 0.5010000000000000000, 0.9634999999999968000 ) ) ;
#3006 = AXIS2_PLACEMENT_3D ( 'NONE', #2872, #7955, #9391 ) ;
#3007 = DIRECTION ( 'NONE',  ( 0.0000000000000000000, 0.0000000000000000000, 1.000000000000000000 ) ) ;
#3008 = CARTESIAN_POINT ( 'NONE',  ( 4.731000000000000800, 0.5010000000000000000, 0.9634999999999968000 ) ) ;
#3009 = VECTOR ( 'NONE', #8107, 999.9999999999998900 ) ;
#3010 = EDGE_LOOP ( 'NONE', ( #5931, #1020, #889, #42 ) ) ;
#3011 = ORIENTED_EDGE ( 'NONE', *, *, #707, .T. ) ;
#3012 = VECTOR ( 'NONE', #4903, 999.9999999999998900 ) ;
#3013 = EDGE_CURVE ( 'NONE', #4110, #7071, #2170, .T. ) ;
#3014 = CARTESIAN_POINT ( 'NONE',  ( 0.0000000000000000000, 0.5000000000000000000, -4.987500000000002500 ) ) ;
#3015 = VERTEX_POINT ( 'NONE', #1545 ) ;
#3016 = DIRECTION ( 'NONE',  ( -0.0000000000000000000, 1.000000000000000000, -0.0000000000000000000 ) ) ;
#3017 = ORIENTED_EDGE ( 'NONE', *, *, #7688, .T. ) ;
#3018 = ORIENTED_EDGE ( 'NONE', *, *, #8767, .T. ) ;
#3019 = SURFACE_STYLE_FILL_AREA ( #6278 ) ;
#3020 = DIRECTION ( 'NONE',  ( 0.0000000000000000000, 0.0000000000000000000, 1.000000000000000000 ) ) ;
#3021 = MECHANICAL_DESIGN_GEOMETRIC_PRESENTATION_REPRESENTATION (  '', ( #1069 ), #1434 ) ;
#3022 = FACE_OUTER_BOUND ( 'NONE', #1779, .T. ) ;
#3023 = CARTESIAN_POINT ( 'NONE',  ( -2.600000000000000100, 0.5000000000000000000, 0.0000000000000000000 ) ) ;
#3024 = DIRECTION ( 'NONE',  ( 0.0000000000000000000, -1.000000000000000000, 0.0000000000000000000 ) ) ;
#3025 = EDGE_CURVE ( 'NONE', #3792, #7509, #6696, .T. ) ;
#3026 = ORIENTED_EDGE ( 'NONE', *, *, #2342, .F. ) ;
#3027 = CARTESIAN_POINT ( 'NONE',  ( -4.860632494094494900, 2.205233595624294100, 1.236727650462716700 ) ) ;
#3028 = ORIENTED_EDGE ( 'NONE', *, *, #264, .F. ) ;
#3029 = VECTOR ( 'NONE', #2175, 1000.000000000000000 ) ;
#3030 = CARTESIAN_POINT ( 'NONE',  ( -3.138397459621556300, 0.1499999999999999900, 0.0000000000000000000 ) ) ;
#3031 = LINE ( 'NONE', #2325, #7783 ) ;
#3032 = CARTESIAN_POINT ( 'NONE',  ( -0.7383974596215561200, 0.1499999999999999900, 5.787499999999999600 ) ) ;
#3033 = ORIENTED_EDGE ( 'NONE', *, *, #4122, .F. ) ;
#3034 =( GEOMETRIC_REPRESENTATION_CONTEXT ( 3 ) GLOBAL_UNCERTAINTY_ASSIGNED_CONTEXT ( ( #9330 ) ) GLOBAL_UNIT_ASSIGNED_CONTEXT ( ( #7404, #921, #2376 ) ) REPRESENTATION_CONTEXT ( 'NONE', 'WORKASPACE' ) );
#3035 = SURFACE_SIDE_STYLE ('',( #5086 ) ) ;
#3036 = MECHANICAL_DESIGN_GEOMETRIC_PRESENTATION_REPRESENTATION (  '', ( #2721 ), #4629 ) ;
#3037 = SURFACE_SIDE_STYLE ('',( #2488 ) ) ;
#3038 = VERTEX_POINT ( 'NONE', #8064 ) ;
#3039 = SURFACE_STYLE_FILL_AREA ( #2660 ) ;
#3040 = CARTESIAN_POINT ( 'NONE',  ( 4.599999999999999600, 0.5000000000000000000, 3.787499999999999200 ) ) ;
#3041 = VECTOR ( 'NONE', #7785, 1000.000000000000000 ) ;
#3042 = EDGE_CURVE ( 'NONE', #6843, #2620, #4532, .T. ) ;
#3043 = EDGE_CURVE ( 'NONE', #6187, #5797, #3197, .T. ) ;
#3044 = DIRECTION ( 'NONE',  ( 0.0000000000000000000, 0.0000000000000000000, -1.000000000000000000 ) ) ;
#3045 = ORIENTED_EDGE ( 'NONE', *, *, #740, .F. ) ;
#3046 = VECTOR ( 'NONE', #3976, 1000.000000000000000 ) ;
#3047 = ADVANCED_FACE ( 'NONE', ( #4409 ), #8737, .F. ) ;
#3048 = AXIS2_PLACEMENT_3D ( 'NONE', #7204, #4328, #6715 ) ;
#3049 = PRESENTATION_STYLE_ASSIGNMENT (( #6691 ) ) ;
#3050 = CARTESIAN_POINT ( 'NONE',  ( 4.760769540619037300, 2.300000000000000300, -2.481687623478218400 ) ) ;
#3051 = FILL_AREA_STYLE_COLOUR ( '', #1253 ) ;
#3052 = CARTESIAN_POINT ( 'NONE',  ( 1.000999999999999900, 0.5010000000000000000, 4.588499999999999800 ) ) ;
#3053 = EDGE_CURVE ( 'NONE', #7508, #4048, #6236, .T. ) ;
#3054 = FILL_AREA_STYLE_COLOUR ( '', #1782 ) ;
#3055 = LINE ( 'NONE', #7017, #900 ) ;
#3056 = ORIENTED_EDGE ( 'NONE', *, *, #2581, .F. ) ;
#3057 = CARTESIAN_POINT ( 'NONE',  ( -1.000000000000000000, 0.0000000000000000000, 0.0000000000000000000 ) ) ;
#3058 = DIRECTION ( 'NONE',  ( 1.000000000000000000, -0.0000000000000000000, 0.0000000000000000000 ) ) ;
#3059 = COLOUR_RGB ( '',0.7529411764705882200, 0.7529411764705882200, 0.7529411764705882200 ) ;
#3060 = DIRECTION ( 'NONE',  ( -0.05205003326639459600, 0.9931737993569246200, 0.1043867726673200200 ) ) ;
#3061 =( GEOMETRIC_REPRESENTATION_CONTEXT ( 3 ) GLOBAL_UNCERTAINTY_ASSIGNED_CONTEXT ( ( #8143 ) ) GLOBAL_UNIT_ASSIGNED_CONTEXT ( ( #8431, #1236, #4061 ) ) REPRESENTATION_CONTEXT ( 'NONE', 'WORKASPACE' ) );
#3062 = ORIENTED_EDGE ( 'NONE', *, *, #2370, .T. ) ;
#3063 = EDGE_CURVE ( 'NONE', #3465, #201, #8976, .T. ) ;
#3064 =( BOUNDED_CURVE ( )  B_SPLINE_CURVE ( 3, ( #7880, #2128, #3498, #9379 ),
 .UNSPECIFIED., .F., .F. ) 
 B_SPLINE_CURVE_WITH_KNOTS ( ( 4, 4 ),
 ( 0.002739055740788028400, 0.6868908771726695000 ),
 .UNSPECIFIED. ) 
 CURVE ( )  GEOMETRIC_REPRESENTATION_ITEM ( )  RATIONAL_B_SPLINE_CURVE ( ( 1.000000000000000000, 0.9613735634947480100, 0.9613735634947480100, 1.000000000000000000 ) ) 
 REPRESENTATION_ITEM ( '' )  );
#3065 = DIRECTION ( 'NONE',  ( 0.0000000000000000000, 0.0000000000000000000, -1.000000000000000000 ) ) ;
#3066 = VECTOR ( 'NONE', #3731, 1000.000000000000000 ) ;
#3067 = CARTESIAN_POINT ( 'NONE',  ( -4.949999999999999300, 0.07000000000000018700, 5.137499999999999300 ) ) ;
#3068 = CARTESIAN_POINT ( 'NONE',  ( 1.661602540378443300, 0.1499999999999999900, 5.557499999999999200 ) ) ;
#3069 = CARTESIAN_POINT ( 'NONE',  ( -0.1989999999999995100, 0.07000000000000018700, 5.137499999999999300 ) ) ;
#3070 = ORIENTED_EDGE ( 'NONE', *, *, #6973, .T. ) ;
#3071 = CARTESIAN_POINT ( 'NONE',  ( 2.600000000000000100, 0.0000000000000000000, 4.587499999999999500 ) ) ;
#3072 = LINE ( 'NONE', #5344, #8288 ) ;
#3073 = CARTESIAN_POINT ( 'NONE',  ( 4.855665997290525800, 2.299999999999999800, -8.118783418797309900E-016 ) ) ;
#3074 = PRESENTATION_LAYER_ASSIGNMENT (  '', '', ( #9022 ) ) ;
#3075 = LINE ( 'NONE', #3834, #1374 ) ;
#3076 = ORIENTED_EDGE ( 'NONE', *, *, #4053, .T. ) ;
#3077 = VECTOR ( 'NONE', #2948, 1000.000000000000000 ) ;
#3078 = EDGE_CURVE ( 'NONE', #3628, #3647, #468, .T. ) ;
#3079 = LINE ( 'NONE', #8275, #1142 ) ;
#3080 = SURFACE_STYLE_USAGE ( .BOTH. , #248 ) ;
#3081 = FILL_AREA_STYLE ('',( #250 ) ) ;
#3082 =( NAMED_UNIT ( * ) PLANE_ANGLE_UNIT ( ) SI_UNIT ( $, .RADIAN. ) );
#3083 = MECHANICAL_DESIGN_GEOMETRIC_PRESENTATION_REPRESENTATION (  '', ( #4991 ), #3733 ) ;
#3084 = LINE ( 'NONE', #1500, #449 ) ;
#3085 = ORIENTED_EDGE ( 'NONE', *, *, #5660, .T. ) ;
#3086 = CARTESIAN_POINT ( 'NONE',  ( 4.150000000000000400, 0.5000000000000000000, -4.987500000000002500 ) ) ;
#3087 = DIRECTION ( 'NONE',  ( -0.5000000000000027800, 0.8660254037844370400, 0.0000000000000000000 ) ) ;
#3088 = VECTOR ( 'NONE', #1274, 1000.000000000000000 ) ;
#3089 = MECHANICAL_DESIGN_GEOMETRIC_PRESENTATION_REPRESENTATION (  '', ( #4684 ), #346 ) ;
#3090 = CARTESIAN_POINT ( 'NONE',  ( -4.251000000000000300, 0.5010000000000000000, -2.598500000000003100 ) ) ;
#3091 = AXIS2_PLACEMENT_3D ( 'NONE', #8965, #5379, #1043 ) ;
#3092 = DIRECTION ( 'NONE',  ( 1.000000000000000000, 0.0000000000000000000, 0.0000000000000000000 ) ) ;
#3093 = CYLINDRICAL_SURFACE ( 'NONE', #2634, 0.04999999999999985000 ) ;
#3094 = ADVANCED_FACE ( 'NONE', ( #2627 ), #9359, .F. ) ;
#3095 = ORIENTED_EDGE ( 'NONE', *, *, #1609, .F. ) ;
#3096 = ORIENTED_EDGE ( 'NONE', *, *, #6021, .T. ) ;
#3097 = DIRECTION ( 'NONE',  ( 1.000000000000000000, -0.0000000000000000000, -0.0000000000000000000 ) ) ;
#3098 = LINE ( 'NONE', #934, #8648 ) ;
#3099 =( LENGTH_UNIT ( ) NAMED_UNIT ( * ) SI_UNIT ( .MILLI., .METRE. ) );
#3100 = VECTOR ( 'NONE', #6544, 1000.000000000000000 ) ;
#3101 = LINE ( 'NONE', #1987, #6704 ) ;
#3102 = DIRECTION ( 'NONE',  ( 0.0000000000000000000, -0.0000000000000000000, 1.000000000000000000 ) ) ;
#3103 = AXIS2_PLACEMENT_3D ( 'NONE', #7511, #5738, #4926 ) ;
#3104 = ORIENTED_EDGE ( 'NONE', *, *, #7744, .F. ) ;
#3105 = VECTOR ( 'NONE', #5906, 1000.000000000000000 ) ;
#3106 = FACE_OUTER_BOUND ( 'NONE', #1723, .T. ) ;
#3107 = EDGE_CURVE ( 'NONE', #4699, #2094, #5887, .T. ) ;
#3108 = CARTESIAN_POINT ( 'NONE',  ( -0.1999999999999999300, 0.0000000000000000000, 0.0000000000000000000 ) ) ;
#3109 = ORIENTED_EDGE ( 'NONE', *, *, #707, .F. ) ;
#3110 = VECTOR ( 'NONE', #6390, 1000.000000000000000 ) ;
#3111 = LINE ( 'NONE', #6626, #9111 ) ;
#3112 =( LENGTH_UNIT ( ) NAMED_UNIT ( * ) SI_UNIT ( .MILLI., .METRE. ) );
#3113 = MECHANICAL_DESIGN_GEOMETRIC_PRESENTATION_REPRESENTATION (  '', ( #4403 ), #6975 ) ;
#3114 = ORIENTED_EDGE ( 'NONE', *, *, #9050, .T. ) ;
#3115 = LINE ( 'NONE', #6317, #7999 ) ;
#3116 = DIRECTION ( 'NONE',  ( 0.0000000000000000000, 0.0000000000000000000, -1.000000000000000000 ) ) ;
#3117 =( LENGTH_UNIT ( ) NAMED_UNIT ( * ) SI_UNIT ( .MILLI., .METRE. ) );
#3118 = SURFACE_STYLE_USAGE ( .BOTH. , #5224 ) ;
#3119 = AXIS2_PLACEMENT_3D ( 'NONE', #6604, #8815, #2281 ) ;
#3120 = ORIENTED_EDGE ( 'NONE', *, *, #8390, .T. ) ;
#3121 = VERTEX_POINT ( 'NONE', #1064 ) ;
#3122 = VECTOR ( 'NONE', #7709, 1000.000000000000000 ) ;
#3123 = ORIENTED_EDGE ( 'NONE', *, *, #2863, .T. ) ;
#3124 = VERTEX_POINT ( 'NONE', #1481 ) ;
#3125 = EDGE_CURVE ( 'NONE', #5634, #3172, #1935, .T. ) ;
#3126 = VERTEX_POINT ( 'NONE', #8273 ) ;
#3127 = ORIENTED_EDGE ( 'NONE', *, *, #4144, .T. ) ;
#3128 = CARTESIAN_POINT ( 'NONE',  ( 4.338397459621556400, 0.1499999999999999900, 0.0000000000000000000 ) ) ;
#3129 = DIRECTION ( 'NONE',  ( 0.0000000000000000000, 0.0000000000000000000, -1.000000000000000000 ) ) ;
#3130 = VERTEX_POINT ( 'NONE', #7266 ) ;
#3131 = ORIENTED_EDGE ( 'NONE', *, *, #5522, .T. ) ;
#3132 = FACE_OUTER_BOUND ( 'NONE', #8812, .T. ) ;
#3133 = LINE ( 'NONE', #411, #6737 ) ;
#3134 = DIRECTION ( 'NONE',  ( -0.0000000000000000000, -1.000000000000000000, -0.0000000000000000000 ) ) ;
#3135 = AXIS2_PLACEMENT_3D ( 'NONE', #4640, #4698, #9014 ) ;
#3136 = DIRECTION ( 'NONE',  ( 0.0000000000000000000, 0.0000000000000000000, 1.000000000000000000 ) ) ;
#3137 = EDGE_CURVE ( 'NONE', #3126, #7552, #25, .T. ) ;
#3138 = VERTEX_POINT ( 'NONE', #8093 ) ;
#3139 = ORIENTED_EDGE ( 'NONE', *, *, #6997, .T. ) ;
#3140 = LINE ( 'NONE', #5810, #4922 ) ;
#3141 = SURFACE_SIDE_STYLE ('',( #6287 ) ) ;
#3142 = ADVANCED_FACE ( 'NONE', ( #7268 ), #3717, .F. ) ;
#3143 = VERTEX_POINT ( 'NONE', #5366 ) ;
#3144 = FACE_OUTER_BOUND ( 'NONE', #3778, .T. ) ;
#3145 = CARTESIAN_POINT ( 'NONE',  ( 4.860632494094494900, 2.205233595624294100, -2.521727650462716900 ) ) ;
#3146 = CARTESIAN_POINT ( 'NONE',  ( -4.731000000000000800, 0.5010000000000000000, -2.298500000000003300 ) ) ;
#3147 = SURFACE_STYLE_USAGE ( .BOTH. , #5314 ) ;
#3148 = MECHANICAL_DESIGN_GEOMETRIC_PRESENTATION_REPRESENTATION (  '', ( #5252 ), #716 ) ;
#3149 = ORIENTED_EDGE ( 'NONE', *, *, #3324, .F. ) ;
#3150 = FACE_OUTER_BOUND ( 'NONE', #4062, .T. ) ;
#3151 =( NAMED_UNIT ( * ) PLANE_ANGLE_UNIT ( ) SI_UNIT ( $, .RADIAN. ) );
#3152 = CARTESIAN_POINT ( 'NONE',  ( -0.7383974596215561200, 0.1499999999999999900, 0.0000000000000000000 ) ) ;
#3153 = EDGE_CURVE ( 'NONE', #7220, #8556, #8096, .T. ) ;
#3154 = ORIENTED_EDGE ( 'NONE', *, *, #2802, .F. ) ;
#3155 = CARTESIAN_POINT ( 'NONE',  ( 0.0000000000000000000, 0.5000000000000000000, 5.787499999999999600 ) ) ;
#3156 = ORIENTED_EDGE ( 'NONE', *, *, #5329, .T. ) ;
#3157 = FACE_OUTER_BOUND ( 'NONE', #3436, .T. ) ;
#3158 = FILL_AREA_STYLE ('',( #1216 ) ) ;
#3159 = MECHANICAL_DESIGN_GEOMETRIC_PRESENTATION_REPRESENTATION (  '', ( #6586 ), #7079 ) ;
#3160 = EDGE_LOOP ( 'NONE', ( #931, #9333, #6040, #1599 ) ) ;
#3161 = SURFACE_SIDE_STYLE ('',( #5865 ) ) ;
#3162 = CARTESIAN_POINT ( 'NONE',  ( 0.0000000000000000000, 0.5000000000000000000, 3.787499999999999200 ) ) ;
#3163 = ORIENTED_EDGE ( 'NONE', *, *, #2055, .T. ) ;
#3164 = LINE ( 'NONE', #5292, #5529 ) ;
#3165 = SURFACE_SIDE_STYLE ('',( #2580 ) ) ;
#3166 = SURFACE_STYLE_FILL_AREA ( #5901 ) ;
#3167 = EDGE_CURVE ( 'NONE', #6663, #6372, #6114, .T. ) ;
#3168 = CONICAL_SURFACE ( 'NONE', #8459, 0.1499999999999999700, 0.1047197551196600000 ) ;
#3169 = DIRECTION ( 'NONE',  ( 0.0000000000000000000, 0.0000000000000000000, -1.000000000000000000 ) ) ;
#3170 = ORIENTED_EDGE ( 'NONE', *, *, #8946, .T. ) ;
#3171 = ADVANCED_BREP_SHAPE_REPRESENTATION ( 'BTH500301LUAAUMA1', ( #7523, #7949, #2774, #4827, #6231, #4550, #625, #5761 ), #4341 ) ;
#3172 = VERTEX_POINT ( 'NONE', #5166 ) ;
#3173 = EDGE_CURVE ( 'NONE', #2200, #4110, #3317, .T. ) ;
#3174 = DIRECTION ( 'NONE',  ( -0.05226442768871135400, 0.9972646886342375600, -0.05226442768871135400 ) ) ;
#3175 = SPHERICAL_SURFACE ( 'NONE', #3048, 0.1000000000000000100 ) ;
#3176 = ORIENTED_EDGE ( 'NONE', *, *, #751, .T. ) ;
#3177 = VECTOR ( 'NONE', #5111, 1000.000000000000000 ) ;
#3178 = ORIENTED_EDGE ( 'NONE', *, *, #2196, .F. ) ;
#3179 = DIRECTION ( 'NONE',  ( 0.0000000000000000000, -1.000000000000000000, 0.0000000000000000000 ) ) ;
#3180 = ADVANCED_FACE ( 'NONE', ( #245 ), #306, .F. ) ;
#3181 = AXIS2_PLACEMENT_3D ( 'NONE', #3784, #4523, #210 ) ;
#3182 = LINE ( 'NONE', #4777, #7479 ) ;
#3183 = EDGE_CURVE ( 'NONE', #2481, #2423, #5899, .T. ) ;
#3184 = CARTESIAN_POINT ( 'NONE',  ( 0.1989999999999999300, 0.5010000000000000000, 3.786499999999998900 ) ) ;
#3185 = VECTOR ( 'NONE', #2388, 1000.000000000000000 ) ;
#3186 =( NAMED_UNIT ( * ) PLANE_ANGLE_UNIT ( ) SI_UNIT ( $, .RADIAN. ) );
#3187 = ORIENTED_EDGE ( 'NONE', *, *, #4890, .F. ) ;
#3188 = EDGE_LOOP ( 'NONE', ( #7320, #5027, #1897, #7198 ) ) ;
#3189 = FILL_AREA_STYLE ('',( #2512 ) ) ;
#3190 = CARTESIAN_POINT ( 'NONE',  ( 0.0000000000000000000, 0.5000000000000000000, 4.587499999999999500 ) ) ;
#3191 = SURFACE_STYLE_FILL_AREA ( #8382 ) ;
#3192 = DIRECTION ( 'NONE',  ( 1.000000000000000000, 0.0000000000000000000, 0.0000000000000000000 ) ) ;
#3193 = CARTESIAN_POINT ( 'NONE',  ( -1.000999999999999900, 2.299999999999999800, 5.093165997290524800 ) ) ;
#3194 = MECHANICAL_DESIGN_GEOMETRIC_PRESENTATION_REPRESENTATION (  '', ( #1739 ), #3670 ) ;
#3195 = VECTOR ( 'NONE', #6716, 1000.000000000000000 ) ;
#3196 = VERTEX_POINT ( 'NONE', #847 ) ;
#3197 = LINE ( 'NONE', #6552, #7725 ) ;
#3198 = ORIENTED_EDGE ( 'NONE', *, *, #8256, .F. ) ;
#3199 = EDGE_CURVE ( 'NONE', #3822, #5495, #8634, .T. ) ;
#3200 = DIRECTION ( 'NONE',  ( -0.0000000000000000000, -1.000000000000000000, -0.0000000000000000000 ) ) ;
#3201 = CARTESIAN_POINT ( 'NONE',  ( -3.798999999999999500, 0.01999999999999999700, 3.786499999999998900 ) ) ;
#3202 = DIRECTION ( 'NONE',  ( 0.0000000000000000000, 0.0000000000000000000, -1.000000000000000000 ) ) ;
#3203 = VECTOR ( 'NONE', #2823, 999.9999999999998900 ) ;
#3204 = ORIENTED_EDGE ( 'NONE', *, *, #7174, .T. ) ;
#3205 = LINE ( 'NONE', #6281, #6584 ) ;
#3206 = AXIS2_PLACEMENT_3D ( 'NONE', #4828, #4114, #9201 ) ;
#3207 = AXIS2_PLACEMENT_3D ( 'NONE', #5849, #893, #5218 ) ;
#3208 =( NAMED_UNIT ( * ) PLANE_ANGLE_UNIT ( ) SI_UNIT ( $, .RADIAN. ) );
#3210 = VECTOR ( 'NONE', #7095, 1000.000000000000000 ) ;
#3209 = CARTESIAN_POINT ( 'NONE',  ( 3.700000000000001100, 0.5000000000000000000, -5.887500000000002800 ) ) ;
#3211 = LINE ( 'NONE', #698, #145 ) ;
#3212 = ORIENTED_EDGE ( 'NONE', *, *, #635, .F. ) ;
#3213 = PRESENTATION_STYLE_ASSIGNMENT (( #5056 ) ) ;
#3214 = ORIENTED_EDGE ( 'NONE', *, *, #2005, .F. ) ;
#3215 = VECTOR ( 'NONE', #313, 1000.000000000000000 ) ;
#3216 = VERTEX_POINT ( 'NONE', #6077 ) ;
#3217 = EDGE_CURVE ( 'NONE', #5528, #3772, #6688, .T. ) ;
#3218 = CARTESIAN_POINT ( 'NONE',  ( 3.401000000000001100, 0.07000000000000018700, 5.137499999999999300 ) ) ;
#3219 = SURFACE_SIDE_STYLE ('',( #2373 ) ) ;
#3220 = AXIS2_PLACEMENT_3D ( 'NONE', #3377, #6200, #4026 ) ;
#3221 =( NAMED_UNIT ( * ) SI_UNIT ( $, .STERADIAN. ) SOLID_ANGLE_UNIT ( ) );
#3222 = FACE_OUTER_BOUND ( 'NONE', #7840, .T. ) ;
#3223 = AXIS2_PLACEMENT_3D ( 'NONE', #2167, #5003, #3689 ) ;
#3224 = DIRECTION ( 'NONE',  ( 0.0000000000000000000, 0.0000000000000000000, -1.000000000000000000 ) ) ;
#3226 = ORIENTED_EDGE ( 'NONE', *, *, #2331, .T. ) ;
#3225 = DIRECTION ( 'NONE',  ( 0.0000000000000000000, 1.000000000000000000, 0.0000000000000000000 ) ) ;
#3227 = ORIENTED_EDGE ( 'NONE', *, *, #5469, .F. ) ;
#3228 = COLOUR_RGB ( '',0.7529411764705882200, 0.7529411764705882200, 0.7529411764705882200 ) ;
#3229 = ORIENTED_EDGE ( 'NONE', *, *, #7059, .T. ) ;
#3230 = ORIENTED_EDGE ( 'NONE', *, *, #6196, .F. ) ;
#3231 = CARTESIAN_POINT ( 'NONE',  ( -4.599999999999999600, 0.0000000000000000000, 3.787499999999999200 ) ) ;
#3232 = ADVANCED_FACE ( 'NONE', ( #3857 ), #4424, .F. ) ;
#3233 = EDGE_CURVE ( 'NONE', #9310, #5341, #5221, .T. ) ;
#3234 = CARTESIAN_POINT ( 'NONE',  ( -4.599999999999999600, 0.0000000000000000000, 0.0000000000000000000 ) ) ;
#3235 = LINE ( 'NONE', #7664, #7649 ) ;
#3236 = EDGE_LOOP ( 'NONE', ( #10, #8668, #1535, #63 ) ) ;
#3237 = CARTESIAN_POINT ( 'NONE',  ( -4.950000000000001100, 0.07000000000000018700, -5.137500000000001100 ) ) ;
#3238 = VERTEX_POINT ( 'NONE', #4770 ) ;
#3239 = CYLINDRICAL_SURFACE ( 'NONE', #5799, 0.1000000000000000900 ) ;
#3240 = UNCERTAINTY_MEASURE_WITH_UNIT (LENGTH_MEASURE( 1.000000000000000100E-005 ), #6699, 'distance_accuracy_value', 'NONE');
#3241 = EDGE_LOOP ( 'NONE', ( #5009, #5268, #3887, #4410 ) ) ;
#3242 = PLANE ( 'NONE',  #3514 ) ;
#3243 = DIRECTION ( 'NONE',  ( 0.0000000000000000000, 0.0000000000000000000, -1.000000000000000000 ) ) ;
#3244 = PRESENTATION_LAYER_ASSIGNMENT (  '', '', ( #5832 ) ) ;
#3245 = CARTESIAN_POINT ( 'NONE',  ( 4.250000000000000000, 0.5000000000000000000, 0.9624999999999968000 ) ) ;
#3246 = ORIENTED_EDGE ( 'NONE', *, *, #8932, .F. ) ;
#3247 = ORIENTED_EDGE ( 'NONE', *, *, #5777, .T. ) ;
#3248 = DIRECTION ( 'NONE',  ( -0.0000000000000000000, -0.0000000000000000000, 1.000000000000000000 ) ) ;
#3249 = EDGE_CURVE ( 'NONE', #1311, #246, #2943, .T. ) ;
#3250 = VECTOR ( 'NONE', #6969, 1000.000000000000000 ) ;
#3251 = ORIENTED_EDGE ( 'NONE', *, *, #2612, .T. ) ;
#3252 = CARTESIAN_POINT ( 'NONE',  ( 0.4616025403784444500, 0.1499999999999999900, 0.0000000000000000000 ) ) ;
#3253 = ORIENTED_EDGE ( 'NONE', *, *, #1155, .F. ) ;
#3254 = AXIS2_PLACEMENT_3D ( 'NONE', #3412, #1848, #6907 ) ;
#3255 = FILL_AREA_STYLE ('',( #7579 ) ) ;
#3256 = EDGE_CURVE ( 'NONE', #1581, #8563, #9193, .T. ) ;
#3257 = CARTESIAN_POINT ( 'NONE',  ( -4.900000000000001200, 0.02000000000000000000, -5.137500000000001100 ) ) ;
#3258 = CARTESIAN_POINT ( 'NONE',  ( -4.150999999999999800, 0.02000000000000000000, 0.0000000000000000000 ) ) ;
#3259 = MECHANICAL_DESIGN_GEOMETRIC_PRESENTATION_REPRESENTATION (  '', ( #162 ), #1787 ) ;
#3260 = ORIENTED_EDGE ( 'NONE', *, *, #8231, .T. ) ;
#3261 =( NAMED_UNIT ( * ) PLANE_ANGLE_UNIT ( ) SI_UNIT ( $, .RADIAN. ) );
#3262 = DIRECTION ( 'NONE',  ( 0.0000000000000000000, -0.0000000000000000000, 1.000000000000000000 ) ) ;
#3263 = AXIS2_PLACEMENT_3D ( 'NONE', #792, #3699, #1457 ) ;
#3264 = LINE ( 'NONE', #6548, #1342 ) ;
#3265 = ORIENTED_EDGE ( 'NONE', *, *, #3866, .F. ) ;
#3266 = LINE ( 'NONE', #5417, #4937 ) ;
#3267 = CARTESIAN_POINT ( 'NONE',  ( 4.250999999999999400, 2.299999999999999800, -5.187500000000000900 ) ) ;
#3268 = EDGE_CURVE ( 'NONE', #8658, #3124, #4741, .T. ) ;
#3269 = VERTEX_POINT ( 'NONE', #5523 ) ;
#3270 = SURFACE_STYLE_USAGE ( .BOTH. , #9127 ) ;
#3271 = CARTESIAN_POINT ( 'NONE',  ( 4.670000000000001700, 2.255226423163382500, 1.191981730924695800 ) ) ;
#3272 = LINE ( 'NONE', #4456, #1350 ) ;
#3273 = CARTESIAN_POINT ( 'NONE',  ( 4.519894895764736000, 0.5010000000000000000, -2.142499999999999600 ) ) ;
#3274 = PLANE ( 'NONE',  #7273 ) ;
#3275 = ADVANCED_FACE ( 'NONE', ( #1147 ), #5781, .T. ) ;
#3276 = VERTEX_POINT ( 'NONE', #1121 ) ;
#3277 = LINE ( 'NONE', #7736, #1692 ) ;
#3278 = AXIS2_PLACEMENT_3D ( 'NONE', #8267, #297, #8351 ) ;
#3279 = VECTOR ( 'NONE', #1990, 1000.000000000000000 ) ;
#3280 =( NAMED_UNIT ( * ) SI_UNIT ( $, .STERADIAN. ) SOLID_ANGLE_UNIT ( ) );
#3281 = CARTESIAN_POINT ( 'NONE',  ( -4.935710163616400700, 0.03004904274419686500, -5.173210163616401400 ) ) ;
#3282 = FACE_OUTER_BOUND ( 'NONE', #6757, .T. ) ;
#3283 = ORIENTED_EDGE ( 'NONE', *, *, #7798, .F. ) ;
#3284 = LINE ( 'NONE', #4964, #1359 ) ;
#3285 = EDGE_CURVE ( 'NONE', #8172, #4469, #3310, .T. ) ;
#3286 = CARTESIAN_POINT ( 'NONE',  ( 4.810701017356764800, 2.202616797812147400, -2.521727650462717300 ) ) ;
#3287 = ORIENTED_EDGE ( 'NONE', *, *, #4172, .F. ) ;
#3288 = AXIS2_PLACEMENT_3D ( 'NONE', #2032, #2006, #8540 ) ;
#3289 =( BOUNDED_CURVE ( )  B_SPLINE_CURVE ( 3, ( #2456, #9170, #452, #9045 ),
 .UNSPECIFIED., .F., .F. ) 
 B_SPLINE_CURVE_WITH_KNOTS ( ( 4, 4 ),
 ( 3.615142139947624200, 4.712388980384680800 ),
 .UNSPECIFIED. ) 
 CURVE ( )  GEOMETRIC_REPRESENTATION_ITEM ( )  RATIONAL_B_SPLINE_CURVE ( ( 1.000000000000000000, 0.9021621564991753100, 0.9021621564991753100, 1.000000000000000000 ) ) 
 REPRESENTATION_ITEM ( '' )  );
#3290 = DIRECTION ( 'NONE',  ( -0.0000000000000000000, 0.9986295347545740600, -0.05233595624294079500 ) ) ;
#3291 = VECTOR ( 'NONE', #2121, 1000.000000000000000 ) ;
#3292 = DIRECTION ( 'NONE',  ( 1.000000000000000000, 0.0000000000000000000, -0.0000000000000000000 ) ) ;
#3293 = FACE_OUTER_BOUND ( 'NONE', #4441, .T. ) ;
#3294 =( NAMED_UNIT ( * ) SI_UNIT ( $, .STERADIAN. ) SOLID_ANGLE_UNIT ( ) );
#3295 = CARTESIAN_POINT ( 'NONE',  ( -0.1999999999999999300, 0.5000000000000000000, 5.787499999999999600 ) ) ;
#3296 = EDGE_LOOP ( 'NONE', ( #6947, #3548, #8967, #8782 ) ) ;
#3297 = FILL_AREA_STYLE ('',( #6181 ) ) ;
#3298 = EDGE_CURVE ( 'NONE', #1512, #72, #7258, .T. ) ;
#3299 = UNCERTAINTY_MEASURE_WITH_UNIT (LENGTH_MEASURE( 1.000000000000000100E-005 ), #5745, 'distance_accuracy_value', 'NONE');
#3300 = LINE ( 'NONE', #7286, #4731 ) ;
#3301 = VERTEX_POINT ( 'NONE', #8458 ) ;
#3302 = CARTESIAN_POINT ( 'NONE',  ( -4.900205287931685300, 0.5000000000000000000, 1.007499999999999600 ) ) ;
#3303 = VECTOR ( 'NONE', #3092, 1000.000000000000000 ) ;
#3304 = COLOUR_RGB ( '',0.7529411764705882200, 0.7529411764705882200, 0.7529411764705882200 ) ;
#3305 =( LENGTH_UNIT ( ) NAMED_UNIT ( * ) SI_UNIT ( .MILLI., .METRE. ) );
#3306 = PLANE ( 'NONE',  #4943 ) ;
#3307 = CARTESIAN_POINT ( 'NONE',  ( 0.0000000000000000000, 0.5000000000000000000, 0.0000000000000000000 ) ) ;
#3308 =( GEOMETRIC_REPRESENTATION_CONTEXT ( 3 ) GLOBAL_UNCERTAINTY_ASSIGNED_CONTEXT ( ( #5315 ) ) GLOBAL_UNIT_ASSIGNED_CONTEXT ( ( #2396, #4558, #6655 ) ) REPRESENTATION_CONTEXT ( 'NONE', 'WORKASPACE' ) );
#3309 = ORIENTED_EDGE ( 'NONE', *, *, #1005, .F. ) ;
#3310 = LINE ( 'NONE', #6974, #7027 ) ;
#3311 = CARTESIAN_POINT ( 'NONE',  ( 2.598999999999999800, 0.07000000000000018700, 5.137499999999999300 ) ) ;
#3312 = EDGE_CURVE ( 'NONE', #2620, #1110, #8405, .T. ) ;
#3313 = DIRECTION ( 'NONE',  ( 0.0000000000000000000, 0.0000000000000000000, 1.000000000000000000 ) ) ;
#3314 = VECTOR ( 'NONE', #3692, 1000.000000000000000 ) ;
#3315 = CARTESIAN_POINT ( 'NONE',  ( -2.861602540378443700, 0.1499999999999999900, 5.787499999999999600 ) ) ;
#3316 = ORIENTED_EDGE ( 'NONE', *, *, #4861, .F. ) ;
#3317 = CIRCLE ( 'NONE', #2057, 0.04999999999999969700 ) ;
#3318 = FILL_AREA_STYLE_COLOUR ( '', #453 ) ;
#3319 = ADVANCED_FACE ( 'NONE', ( #924 ), #2579, .T. ) ;
#3320 = LINE ( 'NONE', #5930, #4304 ) ;
#3321 = PLANE ( 'NONE',  #303 ) ;
#3322 = TOROIDAL_SURFACE ( 'NONE', #110, 0.3842078256931099100, 0.05000000000000000300 ) ;
#3323 = CARTESIAN_POINT ( 'NONE',  ( 4.150000000000000400, 0.5000000000000000000, 0.0000000000000000000 ) ) ;
#3324 = EDGE_CURVE ( 'NONE', #4116, #3038, #6449, .T. ) ;
#3325 = EDGE_LOOP ( 'NONE', ( #845, #57, #4334, #6650, #5475, #6410, #2374, #5544 ) ) ;
#3326 = VERTEX_POINT ( 'NONE', #1258 ) ;
#3327 = CARTESIAN_POINT ( 'NONE',  ( 0.5999999999999999800, 0.0000000000000000000, -5.887500000000002800 ) ) ;
#3328 = DIRECTION ( 'NONE',  ( 0.0000000000000000000, 0.0000000000000000000, 1.000000000000000000 ) ) ;
#3329 = COLOUR_RGB ( '',0.7529411764705882200, 0.7529411764705882200, 0.7529411764705882200 ) ;
#3330 = AXIS2_PLACEMENT_3D ( 'NONE', #9381, #7848, #3501 ) ;
#3331 = EDGE_LOOP ( 'NONE', ( #9238, #2553, #4901, #1138 ) ) ;
#3332 = DIRECTION ( 'NONE',  ( -0.9986295347545740600, 0.05233595624294079500, 1.669731178547042200E-016 ) ) ;
#3333 =( GEOMETRIC_REPRESENTATION_CONTEXT ( 3 ) GLOBAL_UNCERTAINTY_ASSIGNED_CONTEXT ( ( #99 ) ) GLOBAL_UNIT_ASSIGNED_CONTEXT ( ( #5223, #3151, #3830 ) ) REPRESENTATION_CONTEXT ( 'NONE', 'WORKASPACE' ) );
#3334 = VERTEX_POINT ( 'NONE', #4084 ) ;
#3335 = ORIENTED_EDGE ( 'NONE', *, *, #7253, .F. ) ;
#3336 = ADVANCED_FACE ( 'NONE', ( #1924 ), #2550, .T. ) ;
#3337 = DIRECTION ( 'NONE',  ( 0.0000000000000000000, 0.0000000000000000000, 1.000000000000000000 ) ) ;
#3338 = CLOSED_SHELL ( 'NONE', ( #5278, #6678, #8749, #1143, #1180, #6260, #1507, #1128, #3094, #1682, #4070, #5783, #37, #4854, #7492, #7683, #8795, #6773, #137, #5829, #1984, #1007, #767, #6820, #6240, #8974, #6520, #3180, #800, #4058, #3336, #9023, #8002, #6146 ) ) ;
#3339 = ORIENTED_EDGE ( 'NONE', *, *, #2950, .F. ) ;
#3340 = VECTOR ( 'NONE', #8743, 1000.000000000000000 ) ;
#3341 = EDGE_CURVE ( 'NONE', #1241, #3301, #3629, .T. ) ;
#3342 = CARTESIAN_POINT ( 'NONE',  ( -4.601000000000000000, 0.5010000000000000000, 3.786499999999998900 ) ) ;
#3343 = EDGE_LOOP ( 'NONE', ( #3439, #1664, #6101, #3553 ) ) ;
#3344 = ORIENTED_EDGE ( 'NONE', *, *, #3324, .T. ) ;
#3345 = AXIS2_PLACEMENT_3D ( 'NONE', #6414, #5736, #5054 ) ;
#3346 = CARTESIAN_POINT ( 'NONE',  ( 4.949999999999999300, 0.4999999999998842000, -5.087637046524545100 ) ) ;
#3347 = CARTESIAN_POINT ( 'NONE',  ( 0.0000000000000000000, 0.5000000000000000000, 4.587499999999999500 ) ) ;
#3348 = EDGE_LOOP ( 'NONE', ( #5275, #5487, #7724, #6770 ) ) ;
#3349 = VERTEX_POINT ( 'NONE', #7037 ) ;
#3350 = ORIENTED_EDGE ( 'NONE', *, *, #6573, .T. ) ;
#3351 = CARTESIAN_POINT ( 'NONE',  ( -4.251000000000000300, 0.5010000000000000000, -2.298500000000003300 ) ) ;
#3352 = FILL_AREA_STYLE ('',( #7040 ) ) ;
#3353 = UNCERTAINTY_MEASURE_WITH_UNIT (LENGTH_MEASURE( 1.000000000000000100E-005 ), #517, 'distance_accuracy_value', 'NONE');
#3354 = EDGE_CURVE ( 'NONE', #1266, #5105, #7717, .T. ) ;
#3355 = CARTESIAN_POINT ( 'NONE',  ( -4.949999999999999300, 0.4999999999998842000, 5.087637046524541500 ) ) ;
#3356 = CARTESIAN_POINT ( 'NONE',  ( -4.929407305613746200, 0.5000000000000000000, -2.292500000000000400 ) ) ;
#3357 = CARTESIAN_POINT ( 'NONE',  ( 2.861602540378443700, 0.1499999999999999900, 0.0000000000000000000 ) ) ;
#3358 = CARTESIAN_POINT ( 'NONE',  ( -4.150000000000000400, 0.5000000000000000000, -2.597500000000002800 ) ) ;
#3359 = VERTEX_POINT ( 'NONE', #8636 ) ;
#3360 = VERTEX_POINT ( 'NONE', #4929 ) ;
#3361 = VECTOR ( 'NONE', #7490, 1000.000000000000000 ) ;
#3362 = PRESENTATION_STYLE_ASSIGNMENT (( #7225 ) ) ;
#3363 = CARTESIAN_POINT ( 'NONE',  ( 0.0000000000000000000, 0.5000000000000000000, -5.887500000000002800 ) ) ;
#3364 = MECHANICAL_DESIGN_GEOMETRIC_PRESENTATION_REPRESENTATION (  '', ( #5760 ), #5348 ) ;
#3365 = EDGE_CURVE ( 'NONE', #6066, #3719, #2394, .T. ) ;
#3366 = ORIENTED_EDGE ( 'NONE', *, *, #7271, .F. ) ;
#3367 = VECTOR ( 'NONE', #8617, 1000.000000000000000 ) ;
#3368 = ADVANCED_FACE ( 'NONE', ( #4073 ), #4239, .F. ) ;
#3369 = FACE_OUTER_BOUND ( 'NONE', #8587, .T. ) ;
#3370 = ORIENTED_EDGE ( 'NONE', *, *, #1681, .T. ) ;
#3371 = SURFACE_STYLE_USAGE ( .BOTH. , #8409 ) ;
#3372 =( GEOMETRIC_REPRESENTATION_CONTEXT ( 3 ) GLOBAL_UNCERTAINTY_ASSIGNED_CONTEXT ( ( #3804 ) ) GLOBAL_UNIT_ASSIGNED_CONTEXT ( ( #1466, #6508, #2185 ) ) REPRESENTATION_CONTEXT ( 'NONE', 'WORKASPACE' ) );
#3373 = DIRECTION ( 'NONE',  ( -1.000000000000000000, 0.0000000000000000000, 0.0000000000000000000 ) ) ;
#3374 = ORIENTED_EDGE ( 'NONE', *, *, #5934, .T. ) ;
#3375 = CARTESIAN_POINT ( 'NONE',  ( 4.855069641476609900, 2.260785108296682600, 1.192565972274709300 ) ) ;
#3376 =( LENGTH_UNIT ( ) NAMED_UNIT ( * ) SI_UNIT ( .MILLI., .METRE. ) );
#3377 = CARTESIAN_POINT ( 'NONE',  ( -4.760769540619037300, 2.200000000000000200, -4.998269540619038900 ) ) ;
#3378 = EDGE_CURVE ( 'NONE', #4116, #8589, #1722, .T. ) ;
#3379 = DIRECTION ( 'NONE',  ( 0.0000000000000000000, -0.0000000000000000000, 1.000000000000000000 ) ) ;
#3380 = SURFACE_SIDE_STYLE ('',( #3544 ) ) ;
#3381 = VERTEX_POINT ( 'NONE', #9353 ) ;
#3382 = PRESENTATION_STYLE_ASSIGNMENT (( #3118 ) ) ;
#3383 = DIRECTION ( 'NONE',  ( 0.0000000000000000000, 0.0000000000000000000, -1.000000000000000000 ) ) ;
#3384 = DIRECTION ( 'NONE',  ( -1.000000000000000000, 0.0000000000000000000, -0.0000000000000000000 ) ) ;
#3385 = PLANE ( 'NONE',  #2749 ) ;
#3386 = PRESENTATION_LAYER_ASSIGNMENT (  '', '', ( #7442 ) ) ;
#3387 = MECHANICAL_DESIGN_GEOMETRIC_PRESENTATION_REPRESENTATION (  '', ( #8434 ), #464 ) ;
#3388 = DIRECTION ( 'NONE',  ( 1.000000000000000000, 0.0000000000000000000, -0.0000000000000000000 ) ) ;
#3389 = DIRECTION ( 'NONE',  ( -0.0000000000000000000, 0.9986295347545740600, -0.05233595624294079500 ) ) ;
#3390 = CARTESIAN_POINT ( 'NONE',  ( -4.150000000000000400, 0.5000000000000000000, -4.987500000000003400 ) ) ;
#3391 =( LENGTH_UNIT ( ) NAMED_UNIT ( * ) SI_UNIT ( .MILLI., .METRE. ) );
#3392 =( GEOMETRIC_REPRESENTATION_CONTEXT ( 3 ) GLOBAL_UNCERTAINTY_ASSIGNED_CONTEXT ( ( #8129 ) ) GLOBAL_UNIT_ASSIGNED_CONTEXT ( ( #6049, #1733, #3899 ) ) REPRESENTATION_CONTEXT ( 'NONE', 'WORKASPACE' ) );
#3393 = ORIENTED_EDGE ( 'NONE', *, *, #8279, .T. ) ;
#3394 = UNCERTAINTY_MEASURE_WITH_UNIT (LENGTH_MEASURE( 1.000000000000000100E-005 ), #874, 'distance_accuracy_value', 'NONE');
#3395 = TOROIDAL_SURFACE ( 'NONE', #943, 0.05000000000000000300, 0.05000000000000000300 ) ;
#3396 = PLANE ( 'NONE',  #75 ) ;
#3397 = FACE_OUTER_BOUND ( 'NONE', #5144, .T. ) ;
#3398 = VERTEX_POINT ( 'NONE', #2807 ) ;
#3399 = CARTESIAN_POINT ( 'NONE',  ( 4.949999999999999300, 0.07000000000000056200, -5.173398757011786300 ) ) ;
#3400 = CARTESIAN_POINT ( 'NONE',  ( -3.799999999999999400, 0.5000000000000000000, 3.787499999999999200 ) ) ;
#3401 = EDGE_CURVE ( 'NONE', #5035, #3512, #1488, .T. ) ;
#3402 = VECTOR ( 'NONE', #2483, 1000.000000000000000 ) ;
#3403 = CARTESIAN_POINT ( 'NONE',  ( 0.0000000000000000000, 2.250000000000000000, 0.0000000000000000000 ) ) ;
#3404 = AXIS2_PLACEMENT_3D ( 'NONE', #4832, #523, #5060 ) ;
#3405 = PLANE ( 'NONE',  #3404 ) ;
#3406 =( NAMED_UNIT ( * ) PLANE_ANGLE_UNIT ( ) SI_UNIT ( $, .RADIAN. ) );
#3407 = FACE_OUTER_BOUND ( 'NONE', #8019, .T. ) ;
#3408 = ORIENTED_EDGE ( 'NONE', *, *, #1478, .F. ) ;
#3409 = FILL_AREA_STYLE ('',( #4935 ) ) ;
#3410 = ORIENTED_EDGE ( 'NONE', *, *, #2638, .F. ) ;
#3411 = CARTESIAN_POINT ( 'NONE',  ( -3.400000000000000400, 0.5000000000000000000, 0.0000000000000000000 ) ) ;
#3412 = CARTESIAN_POINT ( 'NONE',  ( 3.799999999999999400, 0.5000000000000000000, 0.0000000000000000000 ) ) ;
#3413 = MECHANICAL_DESIGN_GEOMETRIC_PRESENTATION_REPRESENTATION (  '', ( #7982 ), #5081 ) ;
#3414 = PLANE ( 'NONE',  #7541 ) ;
#3415 = CARTESIAN_POINT ( 'NONE',  ( 0.0000000000000000000, 0.02000000000000000000, 5.137499999999999300 ) ) ;
#3416 = EDGE_CURVE ( 'NONE', #7536, #2329, #8968, .T. ) ;
#3417 = SURFACE_SIDE_STYLE ('',( #6071 ) ) ;
#3418 = ORIENTED_EDGE ( 'NONE', *, *, #7810, .T. ) ;
#3419 = ORIENTED_EDGE ( 'NONE', *, *, #5289, .T. ) ;
#3420 = DIRECTION ( 'NONE',  ( 1.000000000000000000, -0.0000000000000000000, -0.0000000000000000000 ) ) ;
#3421 = CARTESIAN_POINT ( 'NONE',  ( 0.0000000000000000000, 0.5000000000000000000, 4.587499999999999500 ) ) ;
#3422 = ADVANCED_FACE ( 'NONE', ( #5089 ), #5711, .F. ) ;
#3423 = SURFACE_SIDE_STYLE ('',( #5914 ) ) ;
#3424 = CARTESIAN_POINT ( 'NONE',  ( 4.788857061950379200, 2.255226423163383000, -2.476981730924697100 ) ) ;
#3425 = LINE ( 'NONE', #7872, #1959 ) ;
#3426 = EDGE_LOOP ( 'NONE', ( #2266, #6166, #3419, #7907 ) ) ;
#3427 = PRESENTATION_STYLE_ASSIGNMENT (( #7990 ) ) ;
#3428 = VERTEX_POINT ( 'NONE', #9234 ) ;
#3429 = DIRECTION ( 'NONE',  ( -1.000000000000000000, 0.0000000000000000000, 0.0000000000000000000 ) ) ;
#3430 = EDGE_CURVE ( 'NONE', #5296, #7291, #6001, .T. ) ;
#3431 = CARTESIAN_POINT ( 'NONE',  ( -4.760769540619037300, 2.299999999999999800, 1.241707825693110000 ) ) ;
#3432 = AXIS2_PLACEMENT_3D ( 'NONE', #1858, #9186, #7764 ) ;
#3433 = CARTESIAN_POINT ( 'NONE',  ( -3.974999999999999200, 0.0000000000000000000, 5.557499999999999200 ) ) ;
#3434 = CARTESIAN_POINT ( 'NONE',  ( 4.949999999999999300, 0.4999999999998842000, -5.087637046524545100 ) ) ;
#3435 = VECTOR ( 'NONE', #5655, 1000.000000000000200 ) ;
#3436 = EDGE_LOOP ( 'NONE', ( #4514, #6273, #8773, #8225 ) ) ;
#3437 = COLOUR_RGB ( '',0.7529411764705882200, 0.7529411764705882200, 0.7529411764705882200 ) ;
#3438 = FACE_OUTER_BOUND ( 'NONE', #2132, .T. ) ;
#3439 = ORIENTED_EDGE ( 'NONE', *, *, #6720, .F. ) ;
#3440 = VECTOR ( 'NONE', #4377, 1000.000000000000000 ) ;
#3441 = PLANE ( 'NONE',  #3562 ) ;
#3442 = DIRECTION ( 'NONE',  ( 0.0000000000000000000, -0.0000000000000000000, -1.000000000000000000 ) ) ;
#3443 = AXIS2_PLACEMENT_3D ( 'NONE', #6526, #2942, #3655 ) ;
#3444 = SURFACE_STYLE_USAGE ( .BOTH. , #8582 ) ;
#3445 = LINE ( 'NONE', #5909, #5128 ) ;
#3446 = EDGE_CURVE ( 'NONE', #4128, #1622, #2287, .T. ) ;
#3447 = VERTEX_POINT ( 'NONE', #8605 ) ;
#3448 = CARTESIAN_POINT ( 'NONE',  ( 4.900000000000000400, 0.02000000000000000000, -5.137500000000001100 ) ) ;
#3449 = VERTEX_POINT ( 'NONE', #2744 ) ;
#3450 = LINE ( 'NONE', #2707, #5018 ) ;
#3451 = CARTESIAN_POINT ( 'NONE',  ( 2.201000000000000100, 0.5010000000000000000, 5.187447592220710400 ) ) ;
#3452 = ORIENTED_EDGE ( 'NONE', *, *, #6545, .F. ) ;
#3453 = ORIENTED_EDGE ( 'NONE', *, *, #1624, .T. ) ;
#3454 =( NAMED_UNIT ( * ) SI_UNIT ( $, .STERADIAN. ) SOLID_ANGLE_UNIT ( ) );
#3455 = DIRECTION ( 'NONE',  ( 0.0000000000000000000, -1.000000000000000000, 0.0000000000000000000 ) ) ;
#3456 = STYLED_ITEM ( 'NONE', ( #4103 ), #2556 ) ;
#3457 = DIRECTION ( 'NONE',  ( 1.000000000000000000, -0.0000000000000000000, 0.0000000000000000000 ) ) ;
#3458 = FACE_OUTER_BOUND ( 'NONE', #3652, .T. ) ;
#3459 = UNCERTAINTY_MEASURE_WITH_UNIT (LENGTH_MEASURE( 1.000000000000000100E-005 ), #3992, 'distance_accuracy_value', 'NONE');
#3460 = AXIS2_PLACEMENT_3D ( 'NONE', #8775, #4530, #7461 ) ;
#3461 = VERTEX_POINT ( 'NONE', #2101 ) ;
#3462 = ORIENTED_EDGE ( 'NONE', *, *, #8970, .F. ) ;
#3463 = CARTESIAN_POINT ( 'NONE',  ( 4.251000000000000300, 0.5010000000000000000, -2.598500000000003100 ) ) ;
#3464 = CARTESIAN_POINT ( 'NONE',  ( -3.798999999999999500, 0.02000000000000018100, 5.137499999999999300 ) ) ;
#3465 = VERTEX_POINT ( 'NONE', #2069 ) ;
#3466 = ORIENTED_EDGE ( 'NONE', *, *, #200, .F. ) ;
#3467 = EDGE_CURVE ( 'NONE', #4498, #2334, #5679, .T. ) ;
#3468 = AXIS2_PLACEMENT_3D ( 'NONE', #873, #8888, #7416 ) ;
#3469 = ORIENTED_EDGE ( 'NONE', *, *, #8865, .F. ) ;
#3470 = CYLINDRICAL_SURFACE ( 'NONE', #4323, 0.04999999999999969700 ) ;
#3471 = FILL_AREA_STYLE ('',( #8410 ) ) ;
#3472 = DIRECTION ( 'NONE',  ( 1.000000000000000000, 0.0000000000000000000, -0.0000000000000000000 ) ) ;
#3473 = CARTESIAN_POINT ( 'NONE',  ( 1.399000000000000000, 0.02000000000000000000, 0.0000000000000000000 ) ) ;
#3474 = ADVANCED_FACE ( 'NONE', ( #4189 ), #6164, .T. ) ;
#3475 = CARTESIAN_POINT ( 'NONE',  ( 4.899581614392898700, 0.5119004000420990200, -2.293750782445780800 ) ) ;
#3476 = PLANE ( 'NONE',  #3624 ) ;
#3477 = EDGE_LOOP ( 'NONE', ( #5299, #7329, #1032, #6745 ) ) ;
#3478 = COLOUR_RGB ( '',0.7529411764705882200, 0.7529411764705882200, 0.7529411764705882200 ) ;
#3479 = EDGE_CURVE ( 'NONE', #3959, #7660, #2051, .T. ) ;
#3480 = CIRCLE ( 'NONE', #2415, 0.04999999999999969700 ) ;
#3481 = DIRECTION ( 'NONE',  ( -0.0000000000000000000, 0.0000000000000000000, -1.000000000000000000 ) ) ;
#3482 = CARTESIAN_POINT ( 'NONE',  ( 0.0000000000000000000, 0.02000000000000000000, -2.298500000000003300 ) ) ;
#3483 = SURFACE_STYLE_USAGE ( .BOTH. , #4003 ) ;
#3484 = LINE ( 'NONE', #1825, #535 ) ;
#3485 = CARTESIAN_POINT ( 'NONE',  ( 4.936318708545085700, 0.06707529679915508200, -5.187435176133558200 ) ) ;
#3486 = MECHANICAL_DESIGN_GEOMETRIC_PRESENTATION_REPRESENTATION (  '', ( #7866 ), #6374 ) ;
#3487 = VECTOR ( 'NONE', #8603, 1000.000000000000000 ) ;
#3488 = ORIENTED_EDGE ( 'NONE', *, *, #993, .T. ) ;
#3489 = CARTESIAN_POINT ( 'NONE',  ( -0.3749999999999994400, 0.0000000000000000000, 5.557499999999999200 ) ) ;
#3490 = CARTESIAN_POINT ( 'NONE',  ( 0.0000000000000000000, 0.0000000000000000000, -5.887500000000002800 ) ) ;
#3491 = EDGE_CURVE ( 'NONE', #5885, #7718, #3534, .T. ) ;
#3492 = DIRECTION ( 'NONE',  ( -1.000000000000000000, 0.0000000000000000000, 0.0000000000000000000 ) ) ;
#3493 = CARTESIAN_POINT ( 'NONE',  ( -4.810077291792465500, 2.299999930117181600, 1.196687616133242000 ) ) ;
#3494 = VECTOR ( 'NONE', #954, 1000.000000000000000 ) ;
#3495 = VECTOR ( 'NONE', #4244, 1000.000000000000000 ) ;
#3496 = CARTESIAN_POINT ( 'NONE',  ( -3.798999999999999500, 0.5010000000000000000, 3.786499999999998900 ) ) ;
#3497 = ORIENTED_EDGE ( 'NONE', *, *, #6141, .F. ) ;
#3498 = CARTESIAN_POINT ( 'NONE',  ( 4.903166109147856700, 0.3509077649146534200, -5.187500000000000900 ) ) ;
#3499 = STYLED_ITEM ( 'NONE', ( #8744 ), #6057 ) ;
#3500 = CARTESIAN_POINT ( 'NONE',  ( -4.900000000000000400, 0.0000000000000000000, -5.887500000000002800 ) ) ;
#3501 = DIRECTION ( 'NONE',  ( 0.0000000000000000000, 0.0000000000000000000, -1.000000000000000000 ) ) ;
#3502 = CARTESIAN_POINT ( 'NONE',  ( 2.297756350946100300, -0.8266102477509152900, 5.787499999999999600 ) ) ;
#3503 = EDGE_CURVE ( 'NONE', #7745, #5900, #5455, .T. ) ;
#3504 = FILL_AREA_STYLE ('',( #2681 ) ) ;
#3505 = VECTOR ( 'NONE', #6341, 1000.000000000000000 ) ;
#3506 = DIRECTION ( 'NONE',  ( -1.000000000000000000, 0.0000000000000000000, 0.0000000000000000000 ) ) ;
#3507 = VERTEX_POINT ( 'NONE', #9383 ) ;
#3508 = DIRECTION ( 'NONE',  ( 0.0000000000000000000, -0.9945218953682734000, 0.1045284632676536900 ) ) ;
#3509 = LINE ( 'NONE', #4423, #8841 ) ;
#3510 =( LENGTH_UNIT ( ) NAMED_UNIT ( * ) SI_UNIT ( .MILLI., .METRE. ) );
#3511 = AXIS2_PLACEMENT_3D ( 'NONE', #4015, #7114, #7361 ) ;
#3512 = VERTEX_POINT ( 'NONE', #5828 ) ;
#3513 = CARTESIAN_POINT ( 'NONE',  ( -4.810701017356765700, 2.202616797812147400, 1.236727650462716700 ) ) ;
#3514 = AXIS2_PLACEMENT_3D ( 'NONE', #670, #7431, #4568 ) ;
#3515 = VERTEX_POINT ( 'NONE', #5033 ) ;
#3516 = VECTOR ( 'NONE', #8452, 1000.000000000000000 ) ;
#3517 = EDGE_CURVE ( 'NONE', #5925, #1026, #5207, .T. ) ;
#3518 = LINE ( 'NONE', #6147, #806 ) ;
#3519 = VERTEX_POINT ( 'NONE', #2929 ) ;
#3520 = DIRECTION ( 'NONE',  ( -0.0000000000000000000, -1.000000000000000000, -0.0000000000000000000 ) ) ;
#3521 = EDGE_CURVE ( 'NONE', #3461, #8594, #5669, .T. ) ;
#3522 = UNCERTAINTY_MEASURE_WITH_UNIT (LENGTH_MEASURE( 1.000000000000000100E-005 ), #3664, 'distance_accuracy_value', 'NONE');
#3523 = CARTESIAN_POINT ( 'NONE',  ( -4.813257048013644700, 2.299999999999999800, 1.241707820177558200 ) ) ;
#3524 = LINE ( 'NONE', #1730, #1921 ) ;
#3525 = ORIENTED_EDGE ( 'NONE', *, *, #1885, .F. ) ;
#3526 = PRESENTATION_LAYER_ASSIGNMENT (  '', '', ( #2059 ) ) ;
#3527 = LINE ( 'NONE', #2546, #8856 ) ;
#3528 = CARTESIAN_POINT ( 'NONE',  ( -2.598999999999999800, 0.4999999999998839800, 5.187499999999999100 ) ) ;
#3529 = CARTESIAN_POINT ( 'NONE',  ( -0.1989999999999999300, 0.5010000000000000000, 5.187447592220710400 ) ) ;
#3530 =( NAMED_UNIT ( * ) SI_UNIT ( $, .STERADIAN. ) SOLID_ANGLE_UNIT ( ) );
#3531 = DIRECTION ( 'NONE',  ( -0.0000000000000000000, 0.0000000000000000000, -1.000000000000000000 ) ) ;
#3532 = EDGE_CURVE ( 'NONE', #8149, #4886, #8086, .T. ) ;
#3533 = ORIENTED_EDGE ( 'NONE', *, *, #2812, .F. ) ;
#3534 = LINE ( 'NONE', #6546, #9082 ) ;
#3535 = VERTEX_POINT ( 'NONE', #5090 ) ;
#3536 = DIRECTION ( 'NONE',  ( 0.0000000000000000000, 0.0000000000000000000, -1.000000000000000000 ) ) ;
#3537 =( LENGTH_UNIT ( ) NAMED_UNIT ( * ) SI_UNIT ( .MILLI., .METRE. ) );
#3538 = FACE_OUTER_BOUND ( 'NONE', #3802, .T. ) ;
#3539 = DIRECTION ( 'NONE',  ( -0.0000000000000000000, 0.9986295347545740600, -0.05233595624294079500 ) ) ;
#3540 = VECTOR ( 'NONE', #1611, 999.9999999999998900 ) ;
#3541 = ORIENTED_EDGE ( 'NONE', *, *, #4368, .F. ) ;
#3542 = FACE_OUTER_BOUND ( 'NONE', #3426, .T. ) ;
#3543 = VERTEX_POINT ( 'NONE', #2162 ) ;
#3544 = SURFACE_STYLE_FILL_AREA ( #7789 ) ;
#3545 = EDGE_CURVE ( 'NONE', #5098, #4374, #3300, .T. ) ;
#3546 = CARTESIAN_POINT ( 'NONE',  ( 4.251000000000000300, 0.5010000000000000000, -2.598500000000003100 ) ) ;
#3547 = VECTOR ( 'NONE', #7633, 1000.000000000000000 ) ;
#3548 = ORIENTED_EDGE ( 'NONE', *, *, #3730, .F. ) ;
#3549 = VERTEX_POINT ( 'NONE', #3612 ) ;
#3550 = DIRECTION ( 'NONE',  ( 1.000000000000000000, 0.0000000000000000000, 0.0000000000000000000 ) ) ;
#3551 = SURFACE_STYLE_USAGE ( .BOTH. , #9318 ) ;
#3552 = AXIS2_PLACEMENT_3D ( 'NONE', #4063, #8559, #7797 ) ;
#3553 = ORIENTED_EDGE ( 'NONE', *, *, #6418, .T. ) ;
#3554 = EDGE_CURVE ( 'NONE', #2970, #2780, #1602, .T. ) ;
#3555 = ORIENTED_EDGE ( 'NONE', *, *, #8399, .F. ) ;
#3556 = ORIENTED_EDGE ( 'NONE', *, *, #121, .F. ) ;
#3557 = PRESENTATION_LAYER_ASSIGNMENT (  '', '', ( #7161 ) ) ;
#3558 = PLANE ( 'NONE',  #2662 ) ;
#3559 = CARTESIAN_POINT ( 'NONE',  ( 2.861602540378443700, 0.1499999999999999900, 5.557499999999999200 ) ) ;
#3560 =( LENGTH_UNIT ( ) NAMED_UNIT ( * ) SI_UNIT ( .MILLI., .METRE. ) );
#3561 = DIRECTION ( 'NONE',  ( 0.0000000000000000000, 0.0000000000000000000, 1.000000000000000000 ) ) ;
#3562 = AXIS2_PLACEMENT_3D ( 'NONE', #1909, #5586, #3379 ) ;
#3563 = ORIENTED_EDGE ( 'NONE', *, *, #5821, .F. ) ;
#3564 = DIRECTION ( 'NONE',  ( -1.000000000000000000, 0.0000000000000000000, -0.0000000000000000000 ) ) ;
#3565 = ORIENTED_EDGE ( 'NONE', *, *, #2474, .F. ) ;
#3566 = DIRECTION ( 'NONE',  ( 0.0000000000000000000, -1.000000000000000000, 0.0000000000000000000 ) ) ;
#3567 = EDGE_LOOP ( 'NONE', ( #8955, #5446, #9119, #5610 ) ) ;
#3568 = FACE_OUTER_BOUND ( 'NONE', #5574, .T. ) ;
#3569 = ORIENTED_EDGE ( 'NONE', *, *, #1478, .T. ) ;
#3570 = ORIENTED_EDGE ( 'NONE', *, *, #2342, .T. ) ;
#3571 = ORIENTED_EDGE ( 'NONE', *, *, #3167, .T. ) ;
#3572 = PRESENTATION_LAYER_ASSIGNMENT (  '', '', ( #3456 ) ) ;
#3573 = PRESENTATION_LAYER_ASSIGNMENT (  '', '', ( #2794 ) ) ;
#3574 = DIRECTION ( 'NONE',  ( -1.000000000000000000, 0.0000000000000000000, 0.0000000000000000000 ) ) ;
#3575 = FILL_AREA_STYLE_COLOUR ( '', #3643 ) ;
#3576 = CARTESIAN_POINT ( 'NONE',  ( -4.760769540619038200, 2.300000000000000700, 1.196687623478217800 ) ) ;
#3577 = VERTEX_POINT ( 'NONE', #17 ) ;
#3578 = ORIENTED_EDGE ( 'NONE', *, *, #7459, .T. ) ;
#3579 = VECTOR ( 'NONE', #5841, 1000.000000000000000 ) ;
#3580 = COLOUR_RGB ( '',0.7529411764705882200, 0.7529411764705882200, 0.7529411764705882200 ) ;
#3581 = EDGE_CURVE ( 'NONE', #2626, #5611, #4397, .T. ) ;
#3582 = AXIS2_PLACEMENT_3D ( 'NONE', #5831, #7262, #7981 ) ;
#3583 = CARTESIAN_POINT ( 'NONE',  ( -3.974999999999999200, 0.0000000000000000000, 5.787499999999999600 ) ) ;
#3584 = DIRECTION ( 'NONE',  ( -1.672022627447524700E-016, 0.0000000000000000000, -1.000000000000000000 ) ) ;
#3585 = EDGE_LOOP ( 'NONE', ( #4102, #3366, #6283, #7351 ) ) ;
#3586 = CARTESIAN_POINT ( 'NONE',  ( 4.760769540619037300, 2.255226423163383000, 1.191981730924695800 ) ) ;
#3587 = DIRECTION ( 'NONE',  ( -0.5000000000000034400, -0.8660254037844367100, 0.0000000000000000000 ) ) ;
#3588 = CARTESIAN_POINT ( 'NONE',  ( -4.760769540619037300, 2.300000000000000300, -2.481687623478218400 ) ) ;
#3589 = STYLED_ITEM ( 'NONE', ( #1 ), #4070 ) ;
#3590 = ADVANCED_FACE ( 'NONE', ( #2962 ), #79, .T. ) ;
#3591 = EDGE_CURVE ( 'NONE', #478, #782, #1033, .T. ) ;
#3592 = DIRECTION ( 'NONE',  ( 0.0000000000000000000, -0.0000000000000000000, 1.000000000000000000 ) ) ;
#3593 = EDGE_LOOP ( 'NONE', ( #1612, #8030, #2722, #4289 ) ) ;
#3594 = LINE ( 'NONE', #3152, #8595 ) ;
#3595 =( NAMED_UNIT ( * ) PLANE_ANGLE_UNIT ( ) SI_UNIT ( $, .RADIAN. ) );
#3596 = CARTESIAN_POINT ( 'NONE',  ( 2.774999999999999500, 0.0000000000000000000, 5.557499999999999200 ) ) ;
#3597 = ORIENTED_EDGE ( 'NONE', *, *, #7513, .T. ) ;
#3598 = AXIS2_PLACEMENT_3D ( 'NONE', #8247, #6685, #180 ) ;
#3599 = VERTEX_POINT ( 'NONE', #257 ) ;
#3600 = COLOUR_RGB ( '',0.2509803921568627400, 0.2509803921568627400, 0.2509803921568627400 ) ;
#3601 = EDGE_CURVE ( 'NONE', #680, #6501, #351, .T. ) ;
#3602 = SURFACE_SIDE_STYLE ('',( #5197 ) ) ;
#3603 = DIRECTION ( 'NONE',  ( -1.000000000000000000, 0.0000000000000000000, 0.0000000000000000000 ) ) ;
#3604 = SURFACE_STYLE_FILL_AREA ( #3504 ) ;
#3605 = PRESENTATION_STYLE_ASSIGNMENT (( #3751 ) ) ;
#3606 = EDGE_LOOP ( 'NONE', ( #7879, #5397, #7053, #6797, #1040 ) ) ;
#3607 = DIRECTION ( 'NONE',  ( 0.0000000000000000000, -1.000000000000000000, 0.0000000000000000000 ) ) ;
#3608 = VECTOR ( 'NONE', #4502, 1000.000000000000000 ) ;
#3609 = AXIS2_PLACEMENT_3D ( 'NONE', #8953, #3102, #8327 ) ;
#3610 = COLOUR_RGB ( '',0.7529411764705882200, 0.7529411764705882200, 0.7529411764705882200 ) ;
#3611 = FILL_AREA_STYLE ('',( #1439 ) ) ;
#3612 = CARTESIAN_POINT ( 'NONE',  ( 1.836970198721030200E-016, 2.250000000000000000, -1.500000000000000200 ) ) ;
#3613 = EDGE_CURVE ( 'NONE', #3772, #1960, #5608, .T. ) ;
#3614 = VECTOR ( 'NONE', #1508, 1000.000000000000000 ) ;
#3615 = DIRECTION ( 'NONE',  ( 0.0000000000000000000, 0.0000000000000000000, 1.000000000000000000 ) ) ;
#3616 = VERTEX_POINT ( 'NONE', #5262 ) ;
#3617 = LINE ( 'NONE', #5848, #1601 ) ;
#3618 = CARTESIAN_POINT ( 'NONE',  ( -4.519894895764734200, 0.5010000000000000000, 0.8574999999999989300 ) ) ;
#3619 = LINE ( 'NONE', #7088, #3291 ) ;
#3620 = VERTEX_POINT ( 'NONE', #6748 ) ;
#3621 = DIRECTION ( 'NONE',  ( 1.000000000000000000, 0.0000000000000000000, 0.0000000000000000000 ) ) ;
#3622 = CIRCLE ( 'NONE', #5516, 0.04999999999999969700 ) ;
#3623 = LINE ( 'NONE', #7615, #2725 ) ;
#3624 = AXIS2_PLACEMENT_3D ( 'NONE', #4176, #4904, #588 ) ;
#3625 =( NAMED_UNIT ( * ) SI_UNIT ( $, .STERADIAN. ) SOLID_ANGLE_UNIT ( ) );
#3626 = UNCERTAINTY_MEASURE_WITH_UNIT (LENGTH_MEASURE( 1.000000000000000100E-005 ), #3099, 'distance_accuracy_value', 'NONE');
#3627 = CARTESIAN_POINT ( 'NONE',  ( 3.799999999999999400, 0.5000000000000000000, 4.587499999999999500 ) ) ;
#3628 = VERTEX_POINT ( 'NONE', #7347 ) ;
#3629 = CIRCLE ( 'NONE', #6409, 0.04999999999999969700 ) ;
#3630 = ORIENTED_EDGE ( 'NONE', *, *, #3479, .F. ) ;
#3631 = LINE ( 'NONE', #3086, #9084 ) ;
#3632 = EDGE_CURVE ( 'NONE', #8199, #4469, #3075, .T. ) ;
#3633 = FILL_AREA_STYLE_COLOUR ( '', #8003 ) ;
#3634 = ADVANCED_FACE ( 'NONE', ( #6896 ), #4632, .T. ) ;
#3635 = PRESENTATION_LAYER_ASSIGNMENT (  '', '', ( #3589 ) ) ;
#3636 = VECTOR ( 'NONE', #1117, 1000.000000000000000 ) ;
#3637 = ORIENTED_EDGE ( 'NONE', *, *, #326, .F. ) ;
#3638 = ORIENTED_EDGE ( 'NONE', *, *, #2740, .F. ) ;
#3639 = CARTESIAN_POINT ( 'NONE',  ( 4.816944583281721900, 2.299999999999999800, -2.526707825693109900 ) ) ;
#3640 =( NAMED_UNIT ( * ) SI_UNIT ( $, .STERADIAN. ) SOLID_ANGLE_UNIT ( ) );
#3641 = EDGE_CURVE ( 'NONE', #1757, #1171, #4969, .T. ) ;
#3642 = CARTESIAN_POINT ( 'NONE',  ( -4.810701017356765700, 2.207843220975529900, -2.472001555694303100 ) ) ;
#3643 = COLOUR_RGB ( '',0.7529411764705882200, 0.7529411764705882200, 0.7529411764705882200 ) ;
#3644 = PRESENTATION_STYLE_ASSIGNMENT (( #6940 ) ) ;
#3645 = ADVANCED_FACE ( 'NONE', ( #8193 ), #3958, .T. ) ;
#3646 = CARTESIAN_POINT ( 'NONE',  ( -4.150999999999999800, 0.5010000000000000000, -2.598500000000003100 ) ) ;
#3647 = VERTEX_POINT ( 'NONE', #8347 ) ;
#3648 = LINE ( 'NONE', #4656, #7050 ) ;
#3649 = DIRECTION ( 'NONE',  ( 0.0000000000000000000, 0.0000000000000000000, 1.000000000000000000 ) ) ;
#3650 = LINE ( 'NONE', #2077, #2988 ) ;
#3651 = PRESENTATION_LAYER_ASSIGNMENT (  '', '', ( #5096 ) ) ;
#3652 = EDGE_LOOP ( 'NONE', ( #2161, #6724, #6037, #111 ) ) ;
#3653 = LINE ( 'NONE', #1286, #7628 ) ;
#3654 = VECTOR ( 'NONE', #4192, 1000.000000000000000 ) ;
#3655 = DIRECTION ( 'NONE',  ( 1.000000000000000000, 0.0000000000000000000, -0.0000000000000000000 ) ) ;
#3656 = ORIENTED_EDGE ( 'NONE', *, *, #3673, .T. ) ;
#3657 = CYLINDRICAL_SURFACE ( 'NONE', #6524, 0.1000000000000002600 ) ;
#3658 = ORIENTED_EDGE ( 'NONE', *, *, #1706, .T. ) ;
#3659 = EDGE_CURVE ( 'NONE', #8616, #5900, #8625, .T. ) ;
#3660 = CARTESIAN_POINT ( 'NONE',  ( -4.251000000000000300, 0.5010000000000000000, -2.298500000000003300 ) ) ;
#3661 = SURFACE_SIDE_STYLE ('',( #6967 ) ) ;
#3662 = PRESENTATION_STYLE_ASSIGNMENT (( #1225 ) ) ;
#3663 = ORIENTED_EDGE ( 'NONE', *, *, #5916, .F. ) ;
#3664 =( LENGTH_UNIT ( ) NAMED_UNIT ( * ) SI_UNIT ( .MILLI., .METRE. ) );
#3665 = ORIENTED_EDGE ( 'NONE', *, *, #585, .T. ) ;
#3666 = ORIENTED_EDGE ( 'NONE', *, *, #4743, .T. ) ;
#3667 = SURFACE_SIDE_STYLE ('',( #9184 ) ) ;
#3668 = CARTESIAN_POINT ( 'NONE',  ( 0.0000000000000000000, 0.0000000000000000000, -5.887500000000002800 ) ) ;
#3669 = CARTESIAN_POINT ( 'NONE',  ( -4.949999999999999300, 0.5000000000000000000, 1.007499999999999600 ) ) ;
#3670 =( GEOMETRIC_REPRESENTATION_CONTEXT ( 3 ) GLOBAL_UNCERTAINTY_ASSIGNED_CONTEXT ( ( #6053 ) ) GLOBAL_UNIT_ASSIGNED_CONTEXT ( ( #596, #561, #2019 ) ) REPRESENTATION_CONTEXT ( 'NONE', 'WORKASPACE' ) );
#3671 = CARTESIAN_POINT ( 'NONE',  ( -4.935898757011786500, 0.07000000000000040900, -5.187500000000000900 ) ) ;
#3672 = LINE ( 'NONE', #3859, #1756 ) ;
#3673 = EDGE_CURVE ( 'NONE', #1710, #6891, #3744, .T. ) ;
#3674 = EDGE_LOOP ( 'NONE', ( #1166, #2228, #4188, #1056 ) ) ;
#3675 = DIRECTION ( 'NONE',  ( 1.000000000000000000, 0.0000000000000000000, -0.0000000000000000000 ) ) ;
#3676 = DIRECTION ( 'NONE',  ( 1.000000000000000000, 0.0000000000000000000, 0.0000000000000000000 ) ) ;
#3677 = DIRECTION ( 'NONE',  ( -0.8660254037844367100, 0.5000000000000034400, 0.0000000000000000000 ) ) ;
#3678 = ORIENTED_EDGE ( 'NONE', *, *, #8767, .F. ) ;
#3679 = CARTESIAN_POINT ( 'NONE',  ( -4.810077291792467200, 2.299999930117181600, -2.481687616133237300 ) ) ;
#3680 = VERTEX_POINT ( 'NONE', #7668 ) ;
#3681 = CARTESIAN_POINT ( 'NONE',  ( 4.944497758068601800, 0.04719759823592639700, -5.181997758082260900 ) ) ;
#3682 = MECHANICAL_DESIGN_GEOMETRIC_PRESENTATION_REPRESENTATION (  '', ( #9332 ), #1209 ) ;
#3683 = UNCERTAINTY_MEASURE_WITH_UNIT (LENGTH_MEASURE( 1.000000000000000100E-005 ), #7687, 'distance_accuracy_value', 'NONE');
#3684 = AXIS2_PLACEMENT_3D ( 'NONE', #8388, #6239, #4737 ) ;
#3685 = ORIENTED_EDGE ( 'NONE', *, *, #4793, .F. ) ;
#3686 = ORIENTED_EDGE ( 'NONE', *, *, #2863, .F. ) ;
#3687 = LINE ( 'NONE', #4029, #5148 ) ;
#3688 = ADVANCED_FACE ( 'NONE', ( #1808 ), #3274, .F. ) ;
#3689 = DIRECTION ( 'NONE',  ( 0.0000000000000000000, -1.000000000000000000, -8.673617379884051200E-015 ) ) ;
#3690 = VECTOR ( 'NONE', #9168, 1000.000000000000000 ) ;
#3691 = DIRECTION ( 'NONE',  ( 1.000000000000000000, 0.0000000000000000000, 0.0000000000000000000 ) ) ;
#3692 = DIRECTION ( 'NONE',  ( -0.0000000000000000000, 0.0000000000000000000, -1.000000000000000000 ) ) ;
#3693 = ORIENTED_EDGE ( 'NONE', *, *, #5575, .F. ) ;
#3694 = CARTESIAN_POINT ( 'NONE',  ( -4.731000000000000800, 0.5010000000000000000, 0.9634999999999968000 ) ) ;
#3695 = SURFACE_SIDE_STYLE ('',( #3166 ) ) ;
#3696 = EDGE_CURVE ( 'NONE', #7200, #9104, #9072, .T. ) ;
#3697 = ORIENTED_EDGE ( 'NONE', *, *, #3554, .T. ) ;
#3698 = LINE ( 'NONE', #6314, #1442 ) ;
#3699 = DIRECTION ( 'NONE',  ( 0.0000000000000000000, -0.0000000000000000000, 1.000000000000000000 ) ) ;
#3700 = VECTOR ( 'NONE', #5442, 1000.000000000000000 ) ;
#3701 = ADVANCED_FACE ( 'NONE', ( #6796 ), #2699, .T. ) ;
#3702 = MECHANICAL_DESIGN_GEOMETRIC_PRESENTATION_REPRESENTATION (  '', ( #6162 ), #8572 ) ;
#3703 = VERTEX_POINT ( 'NONE', #1920 ) ;
#3704 = DIRECTION ( 'NONE',  ( -0.0000000000000000000, -0.0000000000000000000, 1.000000000000000000 ) ) ;
#3705 = FILL_AREA_STYLE ('',( #3051 ) ) ;
#3706 = DIRECTION ( 'NONE',  ( 1.000000000000000000, -0.0000000000000000000, 0.0000000000000000000 ) ) ;
#3707 =( NAMED_UNIT ( * ) PLANE_ANGLE_UNIT ( ) SI_UNIT ( $, .RADIAN. ) );
#3708 = DIRECTION ( 'NONE',  ( 1.000000000000000000, 0.0000000000000000000, 0.0000000000000000000 ) ) ;
#3709 = ORIENTED_EDGE ( 'NONE', *, *, #1769, .F. ) ;
#3710 = EDGE_CURVE ( 'NONE', #2759, #7384, #694, .T. ) ;
#3711 = ORIENTED_EDGE ( 'NONE', *, *, #5903, .F. ) ;
#3712 = CARTESIAN_POINT ( 'NONE',  ( -2.201000000000000100, 2.299999999999999800, 5.093165997290524800 ) ) ;
#3713 = LINE ( 'NONE', #7375, #5969 ) ;
#3714 = CARTESIAN_POINT ( 'NONE',  ( -4.150999999999999800, 0.5010000000000000000, -2.598500000000003100 ) ) ;
#3715 = VERTEX_POINT ( 'NONE', #9161 ) ;
#3716 = EDGE_CURVE ( 'NONE', #6911, #2481, #6561, .T. ) ;
#3717 = PLANE ( 'NONE',  #1094 ) ;
#3718 = DIRECTION ( 'NONE',  ( 0.0000000000000000000, -1.000000000000000000, 0.0000000000000000000 ) ) ;
#3719 = VERTEX_POINT ( 'NONE', #9190 ) ;
#3720 = PLANE ( 'NONE',  #3443 ) ;
#3721 = SURFACE_STYLE_FILL_AREA ( #3158 ) ;
#3722 = FACE_OUTER_BOUND ( 'NONE', #7355, .T. ) ;
#3723 = ORIENTED_EDGE ( 'NONE', *, *, #6323, .F. ) ;
#3724 = DIRECTION ( 'NONE',  ( -1.000000000000000000, 0.0000000000000000000, 0.0000000000000000000 ) ) ;
#3725 = PRESENTATION_LAYER_ASSIGNMENT (  '', '', ( #6630 ) ) ;
#3726 = LINE ( 'NONE', #2452, #9287 ) ;
#3727 = CARTESIAN_POINT ( 'NONE',  ( -2.598999999999999800, 0.5010000000000000000, 3.786499999999998900 ) ) ;
#3728 = ORIENTED_EDGE ( 'NONE', *, *, #6880, .T. ) ;
#3729 = DIRECTION ( 'NONE',  ( -1.000000000000000000, 0.0000000000000000000, -0.0000000000000000000 ) ) ;
#3730 = EDGE_CURVE ( 'NONE', #7545, #7745, #7591, .T. ) ;
#3731 = DIRECTION ( 'NONE',  ( 1.000000000000000000, 0.0000000000000000000, 0.0000000000000000000 ) ) ;
#3732 = CARTESIAN_POINT ( 'NONE',  ( -4.250000000000000000, 0.5000000000000000000, 0.9624999999999968000 ) ) ;
#3733 =( GEOMETRIC_REPRESENTATION_CONTEXT ( 3 ) GLOBAL_UNCERTAINTY_ASSIGNED_CONTEXT ( ( #3861 ) ) GLOBAL_UNIT_ASSIGNED_CONTEXT ( ( #4412, #4506, #3737 ) ) REPRESENTATION_CONTEXT ( 'NONE', 'WORKASPACE' ) );
#3734 = ORIENTED_EDGE ( 'NONE', *, *, #5102, .T. ) ;
#3735 = VECTOR ( 'NONE', #7674, 1000.000000000000000 ) ;
#3736 = DIRECTION ( 'NONE',  ( 0.0000000000000000000, 0.0000000000000000000, 1.000000000000000000 ) ) ;
#3737 =( NAMED_UNIT ( * ) SI_UNIT ( $, .STERADIAN. ) SOLID_ANGLE_UNIT ( ) );
#3738 = FACE_OUTER_BOUND ( 'NONE', #3188, .T. ) ;
#3739 =( BOUNDED_CURVE ( )  B_SPLINE_CURVE ( 3, ( #6135, #3281, #3927, #7575 ),
 .UNSPECIFIED., .F., .F. ) 
 B_SPLINE_CURVE_WITH_KNOTS ( ( 4, 4 ),
 ( 0.4735494866991477000, 1.570796326794896600 ),
 .UNSPECIFIED. ) 
 CURVE ( )  GEOMETRIC_REPRESENTATION_ITEM ( )  RATIONAL_B_SPLINE_CURVE ( ( 1.000000000000000000, 0.9021621565585074000, 0.9021621565585074000, 1.000000000000000000 ) ) 
 REPRESENTATION_ITEM ( '' )  );
#3740 =( GEOMETRIC_REPRESENTATION_CONTEXT ( 3 ) GLOBAL_UNCERTAINTY_ASSIGNED_CONTEXT ( ( #3974 ) ) GLOBAL_UNIT_ASSIGNED_CONTEXT ( ( #28, #4395, #92 ) ) REPRESENTATION_CONTEXT ( 'NONE', 'WORKASPACE' ) );
#3741 = EDGE_LOOP ( 'NONE', ( #3156, #5036, #5598, #64 ) ) ;
#3742 = AXIS2_PLACEMENT_3D ( 'NONE', #1537, #6577, #7379 ) ;
#3743 = CARTESIAN_POINT ( 'NONE',  ( 0.0000000000000000000, 0.5010000000000001100, 5.187447592220710400 ) ) ;
#3744 = LINE ( 'NONE', #5639, #5445 ) ;
#3745 = ORIENTED_EDGE ( 'NONE', *, *, #4276, .F. ) ;
#3746 = ADVANCED_FACE ( 'NONE', ( #7951 ), #6289, .T. ) ;
#3747 = PLANE ( 'NONE',  #3468 ) ;
#3748 = LINE ( 'NONE', #5948, #8302 ) ;
#3749 =( LENGTH_UNIT ( ) NAMED_UNIT ( * ) SI_UNIT ( .MILLI., .METRE. ) );
#3750 = CARTESIAN_POINT ( 'NONE',  ( -4.950000000000001100, 0.07000000000000018700, -5.187500000000000900 ) ) ;
#3751 = SURFACE_STYLE_USAGE ( .BOTH. , #6683 ) ;
#3752 = CARTESIAN_POINT ( 'NONE',  ( 1.661602540378443300, 0.1499999999999999900, 0.0000000000000000000 ) ) ;
#3753 = CARTESIAN_POINT ( 'NONE',  ( 4.251000000000000300, 0.01999999999999999700, 1.103499999999997500 ) ) ;
#3754 = ORIENTED_EDGE ( 'NONE', *, *, #6418, .F. ) ;
#3755 = VECTOR ( 'NONE', #5764, 1000.000000000000000 ) ;
#3756 = VERTEX_POINT ( 'NONE', #3464 ) ;
#3757 = AXIS2_PLACEMENT_3D ( 'NONE', #5530, #3262, #374 ) ;
#3758 = FILL_AREA_STYLE ('',( #6593 ) ) ;
#3759 = STYLED_ITEM ( 'NONE', ( #4389 ), #8565 ) ;
#3760 = COLOUR_RGB ( '',0.7529411764705882200, 0.7529411764705882200, 0.7529411764705882200 ) ;
#3761 = DIRECTION ( 'NONE',  ( 1.000000000000000000, 0.0000000000000000000, 0.0000000000000000000 ) ) ;
#3762 = LINE ( 'NONE', #761, #3314 ) ;
#3763 = EDGE_CURVE ( 'NONE', #1110, #3172, #9097, .T. ) ;
#3764 = ORIENTED_EDGE ( 'NONE', *, *, #8567, .T. ) ;
#3765 =( NAMED_UNIT ( * ) SI_UNIT ( $, .STERADIAN. ) SOLID_ANGLE_UNIT ( ) );
#3766 = CARTESIAN_POINT ( 'NONE',  ( -4.949999999999999300, 0.07000000000000018700, 5.187499999999999100 ) ) ;
#3767 = DIRECTION ( 'NONE',  ( 0.0000000000000000000, 0.0000000000000000000, -1.000000000000000000 ) ) ;
#3768 = DIRECTION ( 'NONE',  ( -1.000000000000000000, 0.0000000000000000000, 0.0000000000000000000 ) ) ;
#3769 = LINE ( 'NONE', #4860, #600 ) ;
#3770 = PRESENTATION_STYLE_ASSIGNMENT (( #6914 ) ) ;
#3771 = ORIENTED_EDGE ( 'NONE', *, *, #1562, .F. ) ;
#3772 = VERTEX_POINT ( 'NONE', #7190 ) ;
#3773 = CARTESIAN_POINT ( 'NONE',  ( -1.399000000000000000, 0.4999999999998839800, 5.187499999999999100 ) ) ;
#3774 = DIRECTION ( 'NONE',  ( 0.0000000000000000000, -1.000000000000000000, 0.0000000000000000000 ) ) ;
#3775 = EDGE_CURVE ( 'NONE', #6458, #1818, #1265, .T. ) ;
#3776 = SURFACE_STYLE_FILL_AREA ( #8197 ) ;
#3777 = SURFACE_SIDE_STYLE ('',( #548 ) ) ;
#3778 = EDGE_LOOP ( 'NONE', ( #6485, #6296, #6165, #5222 ) ) ;
#3779 = LINE ( 'NONE', #5919, #9214 ) ;
#3780 = ORIENTED_EDGE ( 'NONE', *, *, #7572, .T. ) ;
#3781 = FILL_AREA_STYLE_COLOUR ( '', #5071 ) ;
#3782 = DIRECTION ( 'NONE',  ( -1.000000000000000000, 0.0000000000000000000, 0.0000000000000000000 ) ) ;
#3783 = AXIS2_PLACEMENT_3D ( 'NONE', #4071, #473, #3337 ) ;
#3784 = CARTESIAN_POINT ( 'NONE',  ( 0.0000000000000000000, 0.0000000000000000000, 0.0000000000000000000 ) ) ;
#3785 = VECTOR ( 'NONE', #6605, 1000.000000000000100 ) ;
#3786 = ORIENTED_EDGE ( 'NONE', *, *, #3341, .F. ) ;
#3787 = EDGE_LOOP ( 'NONE', ( #5755, #1066, #7906, #7080, #9335, #7570, #3283, #2029, #8201, #6489, #8157, #3936, #2102, #773, #2143, #8852 ) ) ;
#3788 = LINE ( 'NONE', #4056, #5825 ) ;
#3789 = EDGE_CURVE ( 'NONE', #4578, #6513, #810, .T. ) ;
#3790 = ORIENTED_EDGE ( 'NONE', *, *, #9204, .F. ) ;
#3791 = DIRECTION ( 'NONE',  ( -0.5000000000000055500, 0.8660254037844353800, 0.0000000000000000000 ) ) ;
#3792 = VERTEX_POINT ( 'NONE', #7935 ) ;
#3793 = ADVANCED_FACE ( 'NONE', ( #6105 ), #8694, .T. ) ;
#3794 = LINE ( 'NONE', #5351, #6496 ) ;
#3795 =( NAMED_UNIT ( * ) SI_UNIT ( $, .STERADIAN. ) SOLID_ANGLE_UNIT ( ) );
#3796 = ORIENTED_EDGE ( 'NONE', *, *, #2436, .F. ) ;
#3797 = ORIENTED_EDGE ( 'NONE', *, *, #4288, .T. ) ;
#3798 = COLOUR_RGB ( '',0.7529411764705882200, 0.7529411764705882200, 0.7529411764705882200 ) ;
#3799 = CARTESIAN_POINT ( 'NONE',  ( 1.399000000000000000, 0.02000000000000018100, 5.137499999999998400 ) ) ;
#3800 = DIRECTION ( 'NONE',  ( -1.000000000000000000, 0.0000000000000000000, 0.0000000000000000000 ) ) ;
#3801 = EDGE_CURVE ( 'NONE', #2591, #4567, #2500, .T. ) ;
#3802 = EDGE_LOOP ( 'NONE', ( #7093, #3780, #1816, #6905 ) ) ;
#3803 = DIRECTION ( 'NONE',  ( -0.0000000000000000000, 0.0000000000000000000, 1.000000000000000000 ) ) ;
#3804 = UNCERTAINTY_MEASURE_WITH_UNIT (LENGTH_MEASURE( 1.000000000000000100E-005 ), #1466, 'distance_accuracy_value', 'NONE');
#3805 = DIRECTION ( 'NONE',  ( 0.0000000000000000000, 0.0000000000000000000, -1.000000000000000000 ) ) ;
#3806 = VERTEX_POINT ( 'NONE', #9343 ) ;
#3807 = EDGE_LOOP ( 'NONE', ( #677, #4970, #9194, #3858 ) ) ;
#3808 = VECTOR ( 'NONE', #3761, 1000.000000000000000 ) ;
#3809 = CARTESIAN_POINT ( 'NONE',  ( -4.810701017356765700, 2.207843220975530300, -2.472001555694303100 ) ) ;
#3810 = SURFACE_STYLE_FILL_AREA ( #5029 ) ;
#3811 = CARTESIAN_POINT ( 'NONE',  ( -2.201000000000000100, 0.5010000000000000000, 3.786499999999998900 ) ) ;
#3812 = PRESENTATION_LAYER_ASSIGNMENT (  '', '', ( #6586 ) ) ;
#3813 = DIRECTION ( 'NONE',  ( 0.0000000000000000000, -1.000000000000000000, 0.0000000000000000000 ) ) ;
#3814 = AXIS2_PLACEMENT_3D ( 'NONE', #705, #1429, #7214 ) ;
#3815 =( LENGTH_UNIT ( ) NAMED_UNIT ( * ) SI_UNIT ( .MILLI., .METRE. ) );
#3816 = ORIENTED_EDGE ( 'NONE', *, *, #679, .T. ) ;
#3817 = LINE ( 'NONE', #8415, #8363 ) ;
#3818 = DIRECTION ( 'NONE',  ( 0.0000000000000000000, -0.0000000000000000000, 1.000000000000000000 ) ) ;
#3819 = EDGE_CURVE ( 'NONE', #1487, #8172, #8848, .T. ) ;
#3820 = ORIENTED_EDGE ( 'NONE', *, *, #6472, .F. ) ;
#3821 = EDGE_CURVE ( 'NONE', #6569, #6334, #5543, .T. ) ;
#3822 = VERTEX_POINT ( 'NONE', #7905 ) ;
#3823 = VECTOR ( 'NONE', #1658, 1000.000000000000000 ) ;
#3824 = DIRECTION ( 'NONE',  ( 0.0000000000000000000, 0.0000000000000000000, 1.000000000000000000 ) ) ;
#3825 = ORIENTED_EDGE ( 'NONE', *, *, #3298, .F. ) ;
#3826 = DIRECTION ( 'NONE',  ( 0.0000000000000000000, -1.000000000000000000, 0.0000000000000000000 ) ) ;
#3827 = FILL_AREA_STYLE ('',( #194 ) ) ;
#3828 = CARTESIAN_POINT ( 'NONE',  ( -2.600000000000000100, 0.5000000000000000000, 3.787499999999999200 ) ) ;
#3829 = EDGE_CURVE ( 'NONE', #2432, #1622, #7250, .T. ) ;
#3830 =( NAMED_UNIT ( * ) SI_UNIT ( $, .STERADIAN. ) SOLID_ANGLE_UNIT ( ) );
#3831 = CARTESIAN_POINT ( 'NONE',  ( 0.0000000000000000000, 2.299999999999999800, 1.241707825693110000 ) ) ;
#3832 =( LENGTH_UNIT ( ) NAMED_UNIT ( * ) SI_UNIT ( .MILLI., .METRE. ) );
#3833 = VECTOR ( 'NONE', #3615, 1000.000000000000000 ) ;
#3834 = CARTESIAN_POINT ( 'NONE',  ( -4.251000000000000300, 0.5010000000000000000, -4.986500000000003000 ) ) ;
#3835 = ADVANCED_FACE ( 'NONE', ( #5770 ), #2827, .F. ) ;
#3836 =( LENGTH_UNIT ( ) NAMED_UNIT ( * ) SI_UNIT ( .MILLI., .METRE. ) );
#3837 = AXIS2_PLACEMENT_3D ( 'NONE', #2227, #7285, #8054 ) ;
#3838 = PLANE ( 'NONE',  #7249 ) ;
#3839 = EDGE_CURVE ( 'NONE', #8589, #3038, #114, .T. ) ;
#3840 = CARTESIAN_POINT ( 'NONE',  ( 3.799000000000000400, 0.02000000000000018100, 5.137499999999998400 ) ) ;
#3841 = SURFACE_STYLE_USAGE ( .BOTH. , #7427 ) ;
#3842 =( NAMED_UNIT ( * ) PLANE_ANGLE_UNIT ( ) SI_UNIT ( $, .RADIAN. ) );
#3843 = VECTOR ( 'NONE', #3566, 1000.000000000000000 ) ;
#3844 = ORIENTED_EDGE ( 'NONE', *, *, #7271, .T. ) ;
#3845 = ADVANCED_FACE ( 'NONE', ( #3397 ), #6789, .T. ) ;
#3846 = LINE ( 'NONE', #3052, #8624 ) ;
#3847 = VECTOR ( 'NONE', #828, 1000.000000000000000 ) ;
#3848 = ORIENTED_EDGE ( 'NONE', *, *, #3710, .T. ) ;
#3849 = DIRECTION ( 'NONE',  ( 0.0000000000000000000, 1.000000000000000000, 0.0000000000000000000 ) ) ;
#3850 = EDGE_CURVE ( 'NONE', #7228, #8560, #3619, .T. ) ;
#3851 = UNCERTAINTY_MEASURE_WITH_UNIT (LENGTH_MEASURE( 1.000000000000000100E-005 ), #3117, 'distance_accuracy_value', 'NONE');
#3852 = DIRECTION ( 'NONE',  ( -0.0000000000000000000, -1.000000000000000000, -0.0000000000000000000 ) ) ;
#3853 = DIRECTION ( 'NONE',  ( 1.000000000000000000, 0.0000000000000000000, 0.0000000000000000000 ) ) ;
#3854 = DIRECTION ( 'NONE',  ( -1.000000000000000000, 0.0000000000000000000, 0.0000000000000000000 ) ) ;
#3855 = VECTOR ( 'NONE', #2953, 1000.000000000000000 ) ;
#3856 = ORIENTED_EDGE ( 'NONE', *, *, #4760, .F. ) ;
#3857 = FACE_OUTER_BOUND ( 'NONE', #4916, .T. ) ;
#3858 = ORIENTED_EDGE ( 'NONE', *, *, #6288, .T. ) ;
#3859 = CARTESIAN_POINT ( 'NONE',  ( 0.0000000000000000000, 0.5010000000000001100, 5.187447592220710400 ) ) ;
#3860 = DIRECTION ( 'NONE',  ( 1.000000000000000000, 0.0000000000000000000, 8.673617379884087500E-015 ) ) ;
#3861 = UNCERTAINTY_MEASURE_WITH_UNIT (LENGTH_MEASURE( 1.000000000000000100E-005 ), #4412, 'distance_accuracy_value', 'NONE');
#3862 = FACE_OUTER_BOUND ( 'NONE', #2262, .T. ) ;
#3863 = SURFACE_SIDE_STYLE ('',( #3721 ) ) ;
#3864 = ORIENTED_EDGE ( 'NONE', *, *, #1319, .F. ) ;
#3865 = FILL_AREA_STYLE_COLOUR ( '', #700 ) ;
#3866 = EDGE_CURVE ( 'NONE', #4718, #9241, #7354, .T. ) ;
#3867 = CARTESIAN_POINT ( 'NONE',  ( 3.401000000000000200, 0.02000000000000000000, 0.0000000000000000000 ) ) ;
#3868 = SURFACE_STYLE_USAGE ( .BOTH. , #3161 ) ;
#3869 = LINE ( 'NONE', #8127, #7496 ) ;
#3870 = AXIS2_PLACEMENT_3D ( 'NONE', #2451, #3179, #4608 ) ;
#3871 = LINE ( 'NONE', #4134, #6935 ) ;
#3872 = COLOUR_RGB ( '',0.7529411764705882200, 0.7529411764705882200, 0.7529411764705882200 ) ;
#3873 = ORIENTED_EDGE ( 'NONE', *, *, #3042, .F. ) ;
#3874 = CARTESIAN_POINT ( 'NONE',  ( 0.0000000000000000000, 0.02000000000000000000, 3.786499999999998900 ) ) ;
#3875 =( NAMED_UNIT ( * ) PLANE_ANGLE_UNIT ( ) SI_UNIT ( $, .RADIAN. ) );
#3876 = ADVANCED_FACE ( 'NONE', ( #1800 ), #9291, .T. ) ;
#3877 = EDGE_CURVE ( 'NONE', #5495, #2079, #8290, .T. ) ;
#3878 = ORIENTED_EDGE ( 'NONE', *, *, #5934, .F. ) ;
#3879 = LINE ( 'NONE', #5521, #2190 ) ;
#3880 = DIRECTION ( 'NONE',  ( -0.05226442768871089600, 0.9972646886342375600, -0.05226442768871088900 ) ) ;
#3881 = AXIS2_PLACEMENT_3D ( 'NONE', #3128, #4552, #2575 ) ;
#3882 = ORIENTED_EDGE ( 'NONE', *, *, #6021, .F. ) ;
#3883 = DIRECTION ( 'NONE',  ( -0.0000000000000000000, 1.000000000000000000, -0.0000000000000000000 ) ) ;
#3884 = DIRECTION ( 'NONE',  ( 0.0000000000000000000, 1.000000000000000000, 0.0000000000000000000 ) ) ;
#3885 = DIRECTION ( 'NONE',  ( 0.0000000000000000000, -1.000000000000000000, 0.0000000000000000000 ) ) ;
#3886 = CIRCLE ( 'NONE', #8171, 0.3344817309246963000 ) ;
#3887 = ORIENTED_EDGE ( 'NONE', *, *, #5226, .F. ) ;
#3888 = SURFACE_STYLE_FILL_AREA ( #986 ) ;
#3889 = CARTESIAN_POINT ( 'NONE',  ( -2.025000000000000400, 0.0000000000000000000, 5.787499999999999600 ) ) ;
#3890 = ORIENTED_EDGE ( 'NONE', *, *, #6052, .T. ) ;
#3891 = ORIENTED_EDGE ( 'NONE', *, *, #7730, .F. ) ;
#3892 = CARTESIAN_POINT ( 'NONE',  ( 0.0000000000000000000, 0.0000000000000000000, 5.787499999999999600 ) ) ;
#3893 = EDGE_CURVE ( 'NONE', #4280, #7763, #4618, .T. ) ;
#3894 = DIRECTION ( 'NONE',  ( -0.8660254037844370400, 0.5000000000000027800, 0.0000000000000000000 ) ) ;
#3895 = LINE ( 'NONE', #5256, #8904 ) ;
#3896 = ORIENTED_EDGE ( 'NONE', *, *, #6596, .T. ) ;
#3897 = ORIENTED_EDGE ( 'NONE', *, *, #9037, .T. ) ;
#3898 = FACE_OUTER_BOUND ( 'NONE', #4652, .T. ) ;
#3899 =( NAMED_UNIT ( * ) SI_UNIT ( $, .STERADIAN. ) SOLID_ANGLE_UNIT ( ) );
#3900 = PRESENTATION_LAYER_ASSIGNMENT (  '', '', ( #8298 ) ) ;
#3901 = ORIENTED_EDGE ( 'NONE', *, *, #3554, .F. ) ;
#3902 = DIRECTION ( 'NONE',  ( -0.0000000000000000000, 0.0000000000000000000, -1.000000000000000000 ) ) ;
#3903 = CARTESIAN_POINT ( 'NONE',  ( 0.0000000000000000000, 0.02000000000000000000, 0.0000000000000000000 ) ) ;
#3904 = EDGE_CURVE ( 'NONE', #5917, #1828, #7132, .T. ) ;
#3905 = ORIENTED_EDGE ( 'NONE', *, *, #4727, .T. ) ;
#3906 = VERTEX_POINT ( 'NONE', #8075 ) ;
#3907 = DIRECTION ( 'NONE',  ( 0.0000000000000000000, 0.0000000000000000000, 1.000000000000000000 ) ) ;
#3908 = AXIS2_PLACEMENT_3D ( 'NONE', #2410, #3174, #9001 ) ;
#3909 = ORIENTED_EDGE ( 'NONE', *, *, #5254, .F. ) ;
#3910 = CARTESIAN_POINT ( 'NONE',  ( 4.860360825294212500, 2.210417345136265400, -2.472272107045696600 ) ) ;
#3911 = CARTESIAN_POINT ( 'NONE',  ( -1.399999999999999900, 0.5000000000000000000, 3.787499999999999200 ) ) ;
#3912 = PLANE ( 'NONE',  #8262 ) ;
#3913 = UNCERTAINTY_MEASURE_WITH_UNIT (LENGTH_MEASURE( 1.000000000000000100E-005 ), #2633, 'distance_accuracy_value', 'NONE');
#3914 = AXIS2_PLACEMENT_3D ( 'NONE', #4909, #5657, #4153 ) ;
#3915 = ORIENTED_EDGE ( 'NONE', *, *, #4336, .F. ) ;
#3916 = VECTOR ( 'NONE', #9336, 1000.000000000000000 ) ;
#3917 = FILL_AREA_STYLE_COLOUR ( '', #8541 ) ;
#3918 = VECTOR ( 'NONE', #4204, 999.9999999999998900 ) ;
#3919 = DIRECTION ( 'NONE',  ( 0.0000000000000000000, 0.0000000000000000000, -1.000000000000000000 ) ) ;
#3920 = EDGE_CURVE ( 'NONE', #3549, #3269, #2151, .T. ) ;
#3921 = CARTESIAN_POINT ( 'NONE',  ( 2.861602540378443700, 0.1499999999999999900, 0.0000000000000000000 ) ) ;
#3922 = ORIENTED_EDGE ( 'NONE', *, *, #6902, .T. ) ;
#3923 = ADVANCED_FACE ( 'NONE', ( #1709 ), #5908, .F. ) ;
#3924 =( GEOMETRIC_REPRESENTATION_CONTEXT ( 3 ) GLOBAL_UNCERTAINTY_ASSIGNED_CONTEXT ( ( #7521 ) ) GLOBAL_UNIT_ASSIGNED_CONTEXT ( ( #6202, #305, #8196 ) ) REPRESENTATION_CONTEXT ( 'NONE', 'WORKASPACE' ) );
#3925 = ORIENTED_EDGE ( 'NONE', *, *, #6867, .T. ) ;
#3926 = DIRECTION ( 'NONE',  ( 1.000000000000000000, 0.0000000000000000000, 0.0000000000000000000 ) ) ;
#3927 = CARTESIAN_POINT ( 'NONE',  ( -4.919269010643132500, 0.02000000000000017700, -5.156769010643132300 ) ) ;
#3928 = ORIENTED_EDGE ( 'NONE', *, *, #2280, .T. ) ;
#3929 = TOROIDAL_SURFACE ( 'NONE', #6639, 0.3842078256931099100, 0.05000000000000000300 ) ;
#3930 = CARTESIAN_POINT ( 'NONE',  ( 0.0000000000000000000, 0.0000000000000000000, 5.787499999999999600 ) ) ;
#3931 = EDGE_CURVE ( 'NONE', #2896, #1512, #226, .T. ) ;
#3932 = DIRECTION ( 'NONE',  ( 0.0000000000000000000, 0.0000000000000000000, -1.000000000000000000 ) ) ;
#3933 = LINE ( 'NONE', #2973, #1785 ) ;
#3934 = PRESENTATION_LAYER_ASSIGNMENT (  '', '', ( #985 ) ) ;
#3935 = PLANE ( 'NONE',  #6347 ) ;
#3936 = ORIENTED_EDGE ( 'NONE', *, *, #8221, .T. ) ;
#3937 = FACE_OUTER_BOUND ( 'NONE', #1542, .T. ) ;
#3938 = CARTESIAN_POINT ( 'NONE',  ( 1.399999999999999900, 0.0000000000000000000, 4.587499999999999500 ) ) ;
#3939 = ORIENTED_EDGE ( 'NONE', *, *, #3821, .T. ) ;
#3940 = DIRECTION ( 'NONE',  ( -1.000000000000000000, 0.0000000000000000000, 0.0000000000000000000 ) ) ;
#3941 = FACE_OUTER_BOUND ( 'NONE', #5161, .T. ) ;
#3942 = DIRECTION ( 'NONE',  ( 0.0000000000000000000, 0.0000000000000000000, -1.000000000000000000 ) ) ;
#3943 = VECTOR ( 'NONE', #4049, 1000.000000000000000 ) ;
#3944 = ORIENTED_EDGE ( 'NONE', *, *, #4919, .T. ) ;
#3945 = EDGE_CURVE ( 'NONE', #3715, #1190, #2265, .T. ) ;
#3946 = CARTESIAN_POINT ( 'NONE',  ( -4.949999999999999300, 2.250000000000000000, 1.241707825693110000 ) ) ;
#3947 = DIRECTION ( 'NONE',  ( 0.0000000000000000000, -1.000000000000000000, 0.0000000000000000000 ) ) ;
#3948 = ORIENTED_EDGE ( 'NONE', *, *, #7798, .T. ) ;
#3949 = CARTESIAN_POINT ( 'NONE',  ( -3.225000000000000500, 0.0000000000000000000, 5.787499999999999600 ) ) ;
#3950 = VECTOR ( 'NONE', #7216, 1000.000000000000000 ) ;
#3951 = ORIENTED_EDGE ( 'NONE', *, *, #2226, .F. ) ;
#3952 = DIRECTION ( 'NONE',  ( 0.0000000000000000000, 0.0000000000000000000, -1.000000000000000000 ) ) ;
#3953 = LINE ( 'NONE', #4047, #117 ) ;
#3954 = ORIENTED_EDGE ( 'NONE', *, *, #2894, .F. ) ;
#3955 = EDGE_CURVE ( 'NONE', #5341, #5528, #7018, .T. ) ;
#3956 = PLANE ( 'NONE',  #538 ) ;
#3957 = PLANE ( 'NONE',  #4824 ) ;
#3958 = CYLINDRICAL_SURFACE ( 'NONE', #4164, 0.04999999999999969700 ) ;
#3959 = VERTEX_POINT ( 'NONE', #7367 ) ;
#3960 =( NAMED_UNIT ( * ) SI_UNIT ( $, .STERADIAN. ) SOLID_ANGLE_UNIT ( ) );
#3961 = VECTOR ( 'NONE', #3824, 1000.000000000000000 ) ;
#3962 =( NAMED_UNIT ( * ) PLANE_ANGLE_UNIT ( ) SI_UNIT ( $, .RADIAN. ) );
#3963 = DIRECTION ( 'NONE',  ( -1.000000000000000000, 0.0000000000000000000, 0.0000000000000000000 ) ) ;
#3964 = VECTOR ( 'NONE', #6140, 1000.000000000000000 ) ;
#3965 = SURFACE_STYLE_USAGE ( .BOTH. , #6144 ) ;
#3966 = MECHANICAL_DESIGN_GEOMETRIC_PRESENTATION_REPRESENTATION (  '', ( #7066 ), #3372 ) ;
#3967 = ADVANCED_FACE ( 'NONE', ( #5437 ), #771, .F. ) ;
#3968 = ORIENTED_EDGE ( 'NONE', *, *, #5618, .F. ) ;
#3969 = DIRECTION ( 'NONE',  ( 0.0000000000000000000, 0.0000000000000000000, -1.000000000000000000 ) ) ;
#3970 = SURFACE_SIDE_STYLE ('',( #256 ) ) ;
#3971 = EDGE_CURVE ( 'NONE', #6187, #1818, #6326, .T. ) ;
#3972 = VECTOR ( 'NONE', #2726, 1000.000000000000000 ) ;
#3973 = CARTESIAN_POINT ( 'NONE',  ( 1.399000000000000000, 0.07000000000000018700, 5.187499999999999100 ) ) ;
#3974 = UNCERTAINTY_MEASURE_WITH_UNIT (LENGTH_MEASURE( 1.000000000000000100E-005 ), #28, 'distance_accuracy_value', 'NONE');
#3975 = VECTOR ( 'NONE', #3718, 1000.000000000000000 ) ;
#3976 = DIRECTION ( 'NONE',  ( 0.0000000000000000000, 0.0000000000000000000, -1.000000000000000000 ) ) ;
#3977 = ORIENTED_EDGE ( 'NONE', *, *, #5087, .F. ) ;
#3978 = AXIS2_PLACEMENT_3D ( 'NONE', #5974, #1625, #3116 ) ;
#3979 = DIRECTION ( 'NONE',  ( 1.000000000000000000, 0.0000000000000000000, 0.0000000000000000000 ) ) ;
#3980 = LINE ( 'NONE', #6900, #2063 ) ;
#3981 = ADVANCED_FACE ( 'NONE', ( #5079 ), #98, .T. ) ;
#3982 = CARTESIAN_POINT ( 'NONE',  ( 0.0000000000000000000, 0.02000000000000000000, 1.103499999999997500 ) ) ;
#3983 = SURFACE_STYLE_USAGE ( .BOTH. , #1866 ) ;
#3984 = CARTESIAN_POINT ( 'NONE',  ( 2.774999999999999500, 0.0000000000000000000, 5.787499999999999600 ) ) ;
#3985 = COLOUR_RGB ( '',0.7529411764705882200, 0.7529411764705882200, 0.7529411764705882200 ) ;
#3986 = FACE_OUTER_BOUND ( 'NONE', #7259, .T. ) ;
#3987 = PRESENTATION_STYLE_ASSIGNMENT (( #6351 ) ) ;
#3988 = VERTEX_POINT ( 'NONE', #5818 ) ;
#3989 = LINE ( 'NONE', #2493, #8114 ) ;
#3990 = ORIENTED_EDGE ( 'NONE', *, *, #3125, .F. ) ;
#3991 = EDGE_CURVE ( 'NONE', #8941, #3398, #1247, .T. ) ;
#3992 =( LENGTH_UNIT ( ) NAMED_UNIT ( * ) SI_UNIT ( .MILLI., .METRE. ) );
#3993 = AXIS2_PLACEMENT_3D ( 'NONE', #1353, #2709, #5741 ) ;
#3994 =( NAMED_UNIT ( * ) SI_UNIT ( $, .STERADIAN. ) SOLID_ANGLE_UNIT ( ) );
#3995 = ORIENTED_EDGE ( 'NONE', *, *, #1580, .F. ) ;
#3996 = VERTEX_POINT ( 'NONE', #7166 ) ;
#3997 = CARTESIAN_POINT ( 'NONE',  ( -0.1989999999999999300, 0.5010000000000000000, 3.786499999999998900 ) ) ;
#3998 = EDGE_CURVE ( 'NONE', #2719, #3301, #8389, .T. ) ;
#3999 = DIRECTION ( 'NONE',  ( -1.000000000000000000, 0.0000000000000000000, 0.0000000000000000000 ) ) ;
#4000 = ORIENTED_EDGE ( 'NONE', *, *, #7730, .T. ) ;
#4001 = EDGE_LOOP ( 'NONE', ( #4987, #6395, #609, #6042, #7101 ) ) ;
#4002 = LINE ( 'NONE', #6364, #2544 ) ;
#4003 = SURFACE_SIDE_STYLE ('',( #8379 ) ) ;
#4004 = DIRECTION ( 'NONE',  ( 0.0000000000000000000, 0.0000000000000000000, -1.000000000000000000 ) ) ;
#4005 = ORIENTED_EDGE ( 'NONE', *, *, #212, .T. ) ;
#4006 = STYLED_ITEM ( 'NONE', ( #5593 ), #4827 ) ;
#4007 = VECTOR ( 'NONE', #7443, 1000.000000000000000 ) ;
#4008 = DIRECTION ( 'NONE',  ( 0.0000000000000000000, 0.0000000000000000000, -1.000000000000000000 ) ) ;
#4009 = ORIENTED_EDGE ( 'NONE', *, *, #7856, .F. ) ;
#4010 = ORIENTED_EDGE ( 'NONE', *, *, #6985, .T. ) ;
#4011 = DIRECTION ( 'NONE',  ( 0.0000000000000000000, 0.0000000000000000000, -1.000000000000000000 ) ) ;
#4012 = CARTESIAN_POINT ( 'NONE',  ( 3.700000000000001100, 0.5000000000000000000, -5.587500000000003000 ) ) ;
#4013 = EDGE_CURVE ( 'NONE', #9004, #6156, #684, .T. ) ;
#4014 = ADVANCED_FACE ( 'NONE', ( #8069 ), #6324, .F. ) ;
#4015 = CARTESIAN_POINT ( 'NONE',  ( 4.520000000000001400, 0.5000000000000000000, -2.142499999999999600 ) ) ;
#4016 = DIRECTION ( 'NONE',  ( 0.0000000000000000000, 0.0000000000000000000, -1.000000000000000000 ) ) ;
#4017 = APPLICATION_CONTEXT ( 'automotive_design' ) ;
#4018 = EDGE_LOOP ( 'NONE', ( #673, #3786, #9035, #304, #961, #4936 ) ) ;
#4019 = ORIENTED_EDGE ( 'NONE', *, *, #2068, .F. ) ;
#4020 = LINE ( 'NONE', #8099, #3579 ) ;
#4021 = SURFACE_STYLE_USAGE ( .BOTH. , #7605 ) ;
#4022 = MECHANICAL_DESIGN_GEOMETRIC_PRESENTATION_REPRESENTATION (  '', ( #9373 ), #4447 ) ;
#4023 = LINE ( 'NONE', #1687, #4588 ) ;
#4024 = CARTESIAN_POINT ( 'NONE',  ( -4.900000000000000400, 0.5000000000000000000, -5.237500000000000700 ) ) ;
#4025 = ORIENTED_EDGE ( 'NONE', *, *, #8123, .F. ) ;
#4026 = DIRECTION ( 'NONE',  ( 8.673617379884013400E-015, 0.0000000000000000000, 1.000000000000000000 ) ) ;
#4027 = EDGE_CURVE ( 'NONE', #2334, #4223, #5538, .T. ) ;
#4028 = ADVANCED_FACE ( 'NONE', ( #7241 ), #3396, .F. ) ;
#4029 = CARTESIAN_POINT ( 'NONE',  ( 3.138397459621557100, 0.1499999999999999900, 0.0000000000000000000 ) ) ;
#4030 =( GEOMETRIC_REPRESENTATION_CONTEXT ( 3 ) GLOBAL_UNCERTAINTY_ASSIGNED_CONTEXT ( ( #6819 ) ) GLOBAL_UNIT_ASSIGNED_CONTEXT ( ( #5945, #2379, #1598 ) ) REPRESENTATION_CONTEXT ( 'NONE', 'WORKASPACE' ) );
#4031 = ORIENTED_EDGE ( 'NONE', *, *, #212, .F. ) ;
#4032 = DIRECTION ( 'NONE',  ( -1.000000000000000000, 0.0000000000000000000, 0.0000000000000000000 ) ) ;
#4033 = DIRECTION ( 'NONE',  ( -0.0000000000000000000, 0.9986295347545740600, -0.05233595624294079500 ) ) ;
#4034 = DIRECTION ( 'NONE',  ( -1.000000000000000000, 0.0000000000000000000, 0.0000000000000000000 ) ) ;
#4035 = AXIS2_PLACEMENT_3D ( 'NONE', #2073, #6454, #7855 ) ;
#4036 = FILL_AREA_STYLE_COLOUR ( '', #217 ) ;
#4037 = ORIENTED_EDGE ( 'NONE', *, *, #8577, .T. ) ;
#4038 = CYLINDRICAL_SURFACE ( 'NONE', #4201, 0.04999999999999969700 ) ;
#4039 = FACE_OUTER_BOUND ( 'NONE', #2050, .T. ) ;
#4040 = DIRECTION ( 'NONE',  ( -1.672022627447524700E-016, 0.0000000000000000000, -1.000000000000000000 ) ) ;
#4041 = DIRECTION ( 'NONE',  ( 1.000000000000000000, 0.0000000000000000000, -0.0000000000000000000 ) ) ;
#4042 = DIRECTION ( 'NONE',  ( 1.672022627447524700E-016, 0.0000000000000000000, 1.000000000000000000 ) ) ;
#4043 = EDGE_LOOP ( 'NONE', ( #7983, #2492, #6825, #2916 ) ) ;
#4044 = AXIS2_PLACEMENT_3D ( 'NONE', #3727, #794, #5843 ) ;
#4045 = FACE_OUTER_BOUND ( 'NONE', #5389, .T. ) ;
#4046 = CARTESIAN_POINT ( 'NONE',  ( -0.7383974596215561200, 0.1499999999999999900, 5.787499999999999600 ) ) ;
#4047 = CARTESIAN_POINT ( 'NONE',  ( 4.150999999999999800, 0.5010000000000000000, -2.598500000000003100 ) ) ;
#4048 = VERTEX_POINT ( 'NONE', #3431 ) ;
#4049 = DIRECTION ( 'NONE',  ( -0.0000000000000000000, -1.000000000000000000, -0.0000000000000000000 ) ) ;
#4050 = LINE ( 'NONE', #2905, #3833 ) ;
#4051 = DIRECTION ( 'NONE',  ( 0.0000000000000000000, 0.0000000000000000000, -1.000000000000000000 ) ) ;
#4052 = FILL_AREA_STYLE ('',( #6972 ) ) ;
#4053 = EDGE_CURVE ( 'NONE', #4123, #5744, #7699, .T. ) ;
#4054 = ORIENTED_EDGE ( 'NONE', *, *, #3043, .F. ) ;
#4055 = PRESENTATION_STYLE_ASSIGNMENT (( #5999 ) ) ;
#4056 = CARTESIAN_POINT ( 'NONE',  ( -4.250000000000000000, 0.0000000000000000000, 0.0000000000000000000 ) ) ;
#4057 = SURFACE_STYLE_USAGE ( .BOTH. , #6206 ) ;
#4058 = ADVANCED_FACE ( 'NONE', ( #4162 ), #7812, .F. ) ;
#4059 = CARTESIAN_POINT ( 'NONE',  ( -4.950000000000002000, 0.4999999999998794300, -5.110930283330930000 ) ) ;
#4060 = DIRECTION ( 'NONE',  ( -1.000000000000000000, -0.0000000000000000000, 0.0000000000000000000 ) ) ;
#4061 =( NAMED_UNIT ( * ) SI_UNIT ( $, .STERADIAN. ) SOLID_ANGLE_UNIT ( ) );
#4062 = EDGE_LOOP ( 'NONE', ( #263, #861, #5727, #3570 ) ) ;
#4063 = CARTESIAN_POINT ( 'NONE',  ( 0.0000000000000000000, 0.5000000000000000000, 5.787499999999999600 ) ) ;
#4064 = LINE ( 'NONE', #5179, #8514 ) ;
#4065 = EDGE_CURVE ( 'NONE', #3703, #1721, #8725, .T. ) ;
#4066 = ORIENTED_EDGE ( 'NONE', *, *, #2521, .T. ) ;
#4067 = CARTESIAN_POINT ( 'NONE',  ( -1.000000000000000000, 0.5000000000000000000, 5.787499999999999600 ) ) ;
#4068 = VECTOR ( 'NONE', #1160, 1000.000000000000000 ) ;
#4069 = CARTESIAN_POINT ( 'NONE',  ( -4.899999999999998600, 0.07000000000000000700, 5.087499999999998600 ) ) ;
#4070 = ADVANCED_FACE ( 'NONE', ( #6543 ), #4140, .T. ) ;
#4071 = CARTESIAN_POINT ( 'NONE',  ( -4.250000000000000000, 0.5000000000000000000, 0.0000000000000000000 ) ) ;
#4072 = AXIS2_PLACEMENT_3D ( 'NONE', #569, #4918, #5606 ) ;
#4073 = FACE_OUTER_BOUND ( 'NONE', #4254, .T. ) ;
#4074 = VERTEX_POINT ( 'NONE', #2773 ) ;
#4075 = EDGE_CURVE ( 'NONE', #8924, #5098, #2028, .T. ) ;
#4076 = DIRECTION ( 'NONE',  ( -0.0000000000000000000, 0.0000000000000000000, 1.000000000000000000 ) ) ;
#4077 = UNCERTAINTY_MEASURE_WITH_UNIT (LENGTH_MEASURE( 1.000000000000000100E-005 ), #4445, 'distance_accuracy_value', 'NONE');
#4078 = APPLICATION_PROTOCOL_DEFINITION ( 'draft international standard', 'automotive_design', 1998, #4017 ) ;
#4079 = CARTESIAN_POINT ( 'NONE',  ( 4.855665997290525800, 2.299999999999999800, -8.118783418797309900E-016 ) ) ;
#4080 = CIRCLE ( 'NONE', #7125, 0.1000000000000002600 ) ;
#4081 = CARTESIAN_POINT ( 'NONE',  ( -3.401000000000000200, 0.5010000000000000000, 3.786499999999998900 ) ) ;
#4082 = ORIENTED_EDGE ( 'NONE', *, *, #5859, .T. ) ;
#4083 = ORIENTED_EDGE ( 'NONE', *, *, #4348, .T. ) ;
#4084 = CARTESIAN_POINT ( 'NONE',  ( 2.861602540378443700, 0.1499999999999999900, 5.557499999999999200 ) ) ;
#4085 = CARTESIAN_POINT ( 'NONE',  ( 4.900205287931685300, 0.5000000000000000000, -2.292500000000000400 ) ) ;
#4086 = DIRECTION ( 'NONE',  ( 0.5000000000000069900, -0.8660254037844346000, 0.0000000000000000000 ) ) ;
#4087 = AXIS2_PLACEMENT_3D ( 'NONE', #3069, #5169, #149 ) ;
#4088 = CARTESIAN_POINT ( 'NONE',  ( -4.908588404399196700, 0.5015292516873894900, 5.187419827888306600 ) ) ;
#4089 = PRESENTATION_STYLE_ASSIGNMENT (( #920 ) ) ;
#4090 = CARTESIAN_POINT ( 'NONE',  ( -4.900205287931685300, 0.5000000000000000000, -2.292500000000000400 ) ) ;
#4091 = DIRECTION ( 'NONE',  ( -1.000000000000000000, 0.0000000000000000000, 0.0000000000000000000 ) ) ;
#4092 = EDGE_CURVE ( 'NONE', #7790, #9080, #2485, .T. ) ;
#4093 = ORIENTED_EDGE ( 'NONE', *, *, #6102, .T. ) ;
#4094 = VERTEX_POINT ( 'NONE', #5792 ) ;
#4095 = CARTESIAN_POINT ( 'NONE',  ( -1.399999999999999900, 0.5000000000000000000, 3.787499999999999200 ) ) ;
#4096 = FILL_AREA_STYLE ('',( #1889 ) ) ;
#4097 = DIRECTION ( 'NONE',  ( 0.0000000000000000000, 0.0000000000000000000, -1.000000000000000000 ) ) ;
#4098 = LINE ( 'NONE', #8644, #5913 ) ;
#4099 = AXIS2_PLACEMENT_3D ( 'NONE', #2405, #6031, #216 ) ;
#4100 = ORIENTED_EDGE ( 'NONE', *, *, #6847, .F. ) ;
#4101 = FACE_OUTER_BOUND ( 'NONE', #7852, .T. ) ;
#4102 = ORIENTED_EDGE ( 'NONE', *, *, #8042, .F. ) ;
#4103 = PRESENTATION_STYLE_ASSIGNMENT (( #2949 ) ) ;
#4104 = DIRECTION ( 'NONE',  ( 0.0000000000000000000, 1.000000000000000000, 0.0000000000000000000 ) ) ;
#4105 = PRESENTATION_STYLE_ASSIGNMENT (( #7 ) ) ;
#4106 = ORIENTED_EDGE ( 'NONE', *, *, #8562, .F. ) ;
#4107 = ORIENTED_EDGE ( 'NONE', *, *, #3365, .F. ) ;
#4108 = EDGE_CURVE ( 'NONE', #4798, #8556, #5190, .T. ) ;
#4109 = CARTESIAN_POINT ( 'NONE',  ( -2.600000000000000100, 0.5000000000000000000, 0.0000000000000000000 ) ) ;
#4110 = VERTEX_POINT ( 'NONE', #2861 ) ;
#4111 = ORIENTED_EDGE ( 'NONE', *, *, #442, .T. ) ;
#4112 =( NAMED_UNIT ( * ) PLANE_ANGLE_UNIT ( ) SI_UNIT ( $, .RADIAN. ) );
#4113 = FILL_AREA_STYLE ('',( #1761 ) ) ;
#4114 = DIRECTION ( 'NONE',  ( -1.000000000000000000, 0.0000000000000000000, -0.0000000000000000000 ) ) ;
#4115 = CARTESIAN_POINT ( 'NONE',  ( -4.251000000000000300, 0.5010000000000000000, 0.9634999999999968000 ) ) ;
#4116 = VERTEX_POINT ( 'NONE', #7224 ) ;
#4117 = ORIENTED_EDGE ( 'NONE', *, *, #1319, .T. ) ;
#4118 = EDGE_LOOP ( 'NONE', ( #5978, #4956, #6860, #2429 ) ) ;
#4119 = ADVANCED_FACE ( 'NONE', ( #3282 ), #4284, .T. ) ;
#4120 = CIRCLE ( 'NONE', #166, 0.04999999999999969700 ) ;
#4121 = CARTESIAN_POINT ( 'NONE',  ( 0.0000000000000000000, 0.5000000000000000000, -5.887500000000002800 ) ) ;
#4122 = EDGE_CURVE ( 'NONE', #2543, #8890, #3064, .T. ) ;
#4123 = VERTEX_POINT ( 'NONE', #5707 ) ;
#4124 = CARTESIAN_POINT ( 'NONE',  ( 4.250000000000000000, 0.5000000000000000000, -2.297500000000003000 ) ) ;
#4125 = CARTESIAN_POINT ( 'NONE',  ( -0.1999999999999999300, 0.5000000000000000000, 0.0000000000000000000 ) ) ;
#4126 = DIRECTION ( 'NONE',  ( -0.0000000000000000000, -1.000000000000000000, -0.0000000000000000000 ) ) ;
#4127 = SURFACE_STYLE_USAGE ( .BOTH. , #9151 ) ;
#4128 = VERTEX_POINT ( 'NONE', #7130 ) ;
#4129 = ORIENTED_EDGE ( 'NONE', *, *, #8755, .T. ) ;
#4130 = CARTESIAN_POINT ( 'NONE',  ( 3.798999999999999500, 2.299999999999999800, 5.093165997290524800 ) ) ;
#4131 = STYLED_ITEM ( 'NONE', ( #6591 ), #4854 ) ;
#4132 = ORIENTED_EDGE ( 'NONE', *, *, #4108, .F. ) ;
#4133 = SURFACE_SIDE_STYLE ('',( #1849 ) ) ;
#4134 = CARTESIAN_POINT ( 'NONE',  ( -0.4616025403784435600, 0.1499999999999999900, 0.0000000000000000000 ) ) ;
#4135 = CARTESIAN_POINT ( 'NONE',  ( 0.0000000000000000000, 0.0000000000000000000, 4.587499999999999500 ) ) ;
#4136 = EDGE_CURVE ( 'NONE', #5035, #4181, #8378, .T. ) ;
#4137 = ORIENTED_EDGE ( 'NONE', *, *, #4820, .F. ) ;
#4138 = FACE_OUTER_BOUND ( 'NONE', #1458, .T. ) ;
#4139 = ORIENTED_EDGE ( 'NONE', *, *, #8878, .F. ) ;
#4140 = PLANE ( 'NONE',  #6484 ) ;
#4141 = UNCERTAINTY_MEASURE_WITH_UNIT (LENGTH_MEASURE( 1.000000000000000100E-005 ), #8325, 'distance_accuracy_value', 'NONE');
#4142 = AXIS2_PLACEMENT_3D ( 'NONE', #3513, #4332, #2816 ) ;
#4143 = EDGE_LOOP ( 'NONE', ( #1423, #5208, #1743, #6849 ) ) ;
#4144 = EDGE_CURVE ( 'NONE', #5340, #3398, #4677, .T. ) ;
#4145 = EDGE_LOOP ( 'NONE', ( #6155, #4025, #3944, #2499, #7947, #5976 ) ) ;
#4146 = CARTESIAN_POINT ( 'NONE',  ( 0.1989999999999995100, 0.02000000000000018100, 5.137499999999998400 ) ) ;
#4147 = CARTESIAN_POINT ( 'NONE',  ( 4.949999999999999300, 0.4999999999998839800, -5.187500000000000900 ) ) ;
#4148 = SURFACE_SIDE_STYLE ('',( #5997 ) ) ;
#4149 = CARTESIAN_POINT ( 'NONE',  ( -4.900205287931685300, 0.5000000000000000000, 1.007499999999999600 ) ) ;
#4150 = CARTESIAN_POINT ( 'NONE',  ( 4.251000000000000300, 0.5010000000000000000, 0.9634999999999968000 ) ) ;
#4151 = DIRECTION ( 'NONE',  ( -1.000000000000000000, 0.0000000000000000000, 0.0000000000000000000 ) ) ;
#4152 = LINE ( 'NONE', #6371, #2934 ) ;
#4153 = DIRECTION ( 'NONE',  ( 0.0000000000000000000, 0.0000000000000000000, 1.000000000000000000 ) ) ;
#4154 = STYLED_ITEM ( 'NONE', ( #5577 ), #7683 ) ;
#4155 = DIRECTION ( 'NONE',  ( -1.000000000000000000, 0.0000000000000000000, 0.0000000000000000000 ) ) ;
#4156 = VERTEX_POINT ( 'NONE', #3529 ) ;
#4157 = DIRECTION ( 'NONE',  ( 0.0000000000000000000, -0.05233595624294126000, 0.9986295347545739400 ) ) ;
#4158 = DIRECTION ( 'NONE',  ( 0.0000000000000000000, -0.1045284632676537100, -0.9945218953682734000 ) ) ;
#4159 = ADVANCED_FACE ( 'NONE', ( #774 ), #6445, .F. ) ;
#4160 = DIRECTION ( 'NONE',  ( 0.0000000000000000000, 0.0000000000000000000, -1.000000000000000000 ) ) ;
#4161 = EDGE_CURVE ( 'NONE', #3628, #5502, #4902, .T. ) ;
#4162 = FACE_OUTER_BOUND ( 'NONE', #7308, .T. ) ;
#4163 = PLANE ( 'NONE',  #8037 ) ;
#4164 = AXIS2_PLACEMENT_3D ( 'NONE', #4515, #3058, #3952 ) ;
#4165 = VECTOR ( 'NONE', #998, 1000.000000000000000 ) ;
#4166 = ORIENTED_EDGE ( 'NONE', *, *, #353, .T. ) ;
#4167 =( NAMED_UNIT ( * ) SI_UNIT ( $, .STERADIAN. ) SOLID_ANGLE_UNIT ( ) );
#4168 = FACE_OUTER_BOUND ( 'NONE', #7104, .T. ) ;
#4169 = ORIENTED_EDGE ( 'NONE', *, *, #2510, .T. ) ;
#4170 = CARTESIAN_POINT ( 'NONE',  ( -0.1989999999999999300, 0.5010000000000000000, 3.786499999999998900 ) ) ;
#4171 = CARTESIAN_POINT ( 'NONE',  ( -3.798999999999999500, 0.5010000000000000000, 3.786499999999998900 ) ) ;
#4172 = EDGE_CURVE ( 'NONE', #8149, #5288, #3779, .T. ) ;
#4173 = CARTESIAN_POINT ( 'NONE',  ( 4.250000000000000000, 0.5000000000000000000, -4.987500000000002500 ) ) ;
#4174 = FACE_OUTER_BOUND ( 'NONE', #1552, .T. ) ;
#4175 = ORIENTED_EDGE ( 'NONE', *, *, #7874, .T. ) ;
#4176 = CARTESIAN_POINT ( 'NONE',  ( 4.731000000000000800, 0.5010000000000000000, 0.9634999999999968000 ) ) ;
#4177 = LINE ( 'NONE', #5740, #2729 ) ;
#4178 = VERTEX_POINT ( 'NONE', #779 ) ;
#4179 = CARTESIAN_POINT ( 'NONE',  ( -4.669999999999999900, 2.255226423163383000, -2.142500000000000500 ) ) ;
#4180 = VECTOR ( 'NONE', #2088, 1000.000000000000100 ) ;
#4181 = VERTEX_POINT ( 'NONE', #901 ) ;
#4182 = PLANE ( 'NONE',  #1028 ) ;
#4183 = AXIS2_PLACEMENT_3D ( 'NONE', #2568, #8441, #7595 ) ;
#4184 = CIRCLE ( 'NONE', #3814, 0.1501051042352655700 ) ;
#4185 = CARTESIAN_POINT ( 'NONE',  ( -1.000999999999999900, 0.02000000000000000000, 0.0000000000000000000 ) ) ;
#4186 = EDGE_CURVE ( 'NONE', #8589, #8702, #8643, .T. ) ;
#4187 = VECTOR ( 'NONE', #267, 1000.000000000000000 ) ;
#4188 = ORIENTED_EDGE ( 'NONE', *, *, #6532, .T. ) ;
#4189 = FACE_OUTER_BOUND ( 'NONE', #1647, .T. ) ;
#4190 = ORIENTED_EDGE ( 'NONE', *, *, #5162, .T. ) ;
#4191 = CARTESIAN_POINT ( 'NONE',  ( 4.950000000000000200, 0.4999999999998842000, 1.057500377445273100 ) ) ;
#4192 = DIRECTION ( 'NONE',  ( 1.000000000000000000, 0.0000000000000000000, -0.0000000000000000000 ) ) ;
#4193 = UNCERTAINTY_MEASURE_WITH_UNIT (LENGTH_MEASURE( 1.000000000000000100E-005 ), #5920, 'distance_accuracy_value', 'NONE');
#4194 = DIRECTION ( 'NONE',  ( 1.000000000000000000, 0.0000000000000000000, 0.0000000000000000000 ) ) ;
#4195 = ADVANCED_FACE ( 'NONE', ( #8774 ), #7411, .T. ) ;
#4196 =( GEOMETRIC_REPRESENTATION_CONTEXT ( 3 ) GLOBAL_UNCERTAINTY_ASSIGNED_CONTEXT ( ( #6758 ) ) GLOBAL_UNIT_ASSIGNED_CONTEXT ( ( #5504, #399, #4810 ) ) REPRESENTATION_CONTEXT ( 'NONE', 'WORKASPACE' ) );
#4197 = COLOUR_RGB ( '',0.7529411764705882200, 0.7529411764705882200, 0.7529411764705882200 ) ;
#4198 = ORIENTED_EDGE ( 'NONE', *, *, #6196, .T. ) ;
#4199 = EDGE_CURVE ( 'NONE', #8552, #5807, #3084, .T. ) ;
#4200 = CYLINDRICAL_SURFACE ( 'NONE', #8371, 0.05000000000000012800 ) ;
#4201 = AXIS2_PLACEMENT_3D ( 'NONE', #1774, #1748, #1018 ) ;
#4202 = DIRECTION ( 'NONE',  ( 0.0000000000000000000, 0.0000000000000000000, -1.000000000000000000 ) ) ;
#4203 = CARTESIAN_POINT ( 'NONE',  ( -1.001000000000000100, 0.07000000000000018700, 5.187499999999999100 ) ) ;
#4204 = DIRECTION ( 'NONE',  ( 0.5000000000000034400, 0.8660254037844367100, 0.0000000000000000000 ) ) ;
#4205 = VECTOR ( 'NONE', #4216, 1000.000000000000000 ) ;
#4206 = LINE ( 'NONE', #5703, #6130 ) ;
#4207 = SURFACE_STYLE_FILL_AREA ( #6614 ) ;
#4208 = VECTOR ( 'NONE', #386, 1000.000000000000000 ) ;
#4209 = EDGE_LOOP ( 'NONE', ( #1923, #6814, #3901, #3563 ) ) ;
#4210 = SPHERICAL_SURFACE ( 'NONE', #4524, 0.1000000000000000100 ) ;
#4211 = STYLED_ITEM ( 'NONE', ( #2449 ), #1373 ) ;
#4212 = DIRECTION ( 'NONE',  ( 0.05205003326639413100, -0.9931737993569250700, -0.1043867726673162300 ) ) ;
#4213 = AXIS2_PLACEMENT_3D ( 'NONE', #2609, #1152, #2706 ) ;
#4214 = DIRECTION ( 'NONE',  ( 7.779453923452194100E-015, 0.0000000000000000000, -1.000000000000000000 ) ) ;
#4215 = CARTESIAN_POINT ( 'NONE',  ( -4.251000000000000300, 0.5010000000000000000, 0.9634999999999968000 ) ) ;
#4216 = DIRECTION ( 'NONE',  ( 1.000000000000000000, 0.0000000000000000000, 0.0000000000000000000 ) ) ;
#4217 = VERTEX_POINT ( 'NONE', #6542 ) ;
#4218 = ORIENTED_EDGE ( 'NONE', *, *, #4743, .F. ) ;
#4219 =( LENGTH_UNIT ( ) NAMED_UNIT ( * ) SI_UNIT ( .MILLI., .METRE. ) );
#4220 = AXIS2_PLACEMENT_3D ( 'NONE', #5636, #4160, #2667 ) ;
#4221 = MECHANICAL_DESIGN_GEOMETRIC_PRESENTATION_REPRESENTATION (  '', ( #360 ), #3924 ) ;
#4222 = CARTESIAN_POINT ( 'NONE',  ( -2.200000000000000200, 0.5000000000000000000, 0.0000000000000000000 ) ) ;
#4223 = VERTEX_POINT ( 'NONE', #107 ) ;
#4224 = ORIENTED_EDGE ( 'NONE', *, *, #78, .T. ) ;
#4225 = DIRECTION ( 'NONE',  ( 0.0000000000000000000, 0.0000000000000000000, 1.000000000000000000 ) ) ;
#4226 = PLANE ( 'NONE',  #8833 ) ;
#4227 = DIRECTION ( 'NONE',  ( 0.0000000000000000000, -1.000000000000000000, 0.0000000000000000000 ) ) ;
#4228 = ORIENTED_EDGE ( 'NONE', *, *, #4701, .F. ) ;
#4229 = EDGE_CURVE ( 'NONE', #5368, #9369, #340, .T. ) ;
#4230 = MECHANICAL_DESIGN_GEOMETRIC_PRESENTATION_REPRESENTATION (  '', ( #985 ), #7336 ) ;
#4231 = DIRECTION ( 'NONE',  ( -1.000000000000000000, -0.0000000000000000000, -0.0000000000000000000 ) ) ;
#4232 = ORIENTED_EDGE ( 'NONE', *, *, #8666, .T. ) ;
#4233 = ORIENTED_EDGE ( 'NONE', *, *, #4229, .F. ) ;
#4234 = LINE ( 'NONE', #8277, #1194 ) ;
#4235 = CARTESIAN_POINT ( 'NONE',  ( 4.670000000000001700, 0.5010000000000000000, -2.142500000000000500 ) ) ;
#4236 =( NAMED_UNIT ( * ) SI_UNIT ( $, .STERADIAN. ) SOLID_ANGLE_UNIT ( ) );
#4237 =( NAMED_UNIT ( * ) SI_UNIT ( $, .STERADIAN. ) SOLID_ANGLE_UNIT ( ) );
#4238 = DIRECTION ( 'NONE',  ( 0.0000000000000000000, 0.0000000000000000000, -1.000000000000000000 ) ) ;
#4239 = PLANE ( 'NONE',  #3993 ) ;
#4240 = CARTESIAN_POINT ( 'NONE',  ( -0.1989999999999999300, 0.5010000000000000000, 3.786499999999998900 ) ) ;
#4241 = ORIENTED_EDGE ( 'NONE', *, *, #2146, .T. ) ;
#4242 = ORIENTED_EDGE ( 'NONE', *, *, #1693, .T. ) ;
#4243 = EDGE_CURVE ( 'NONE', #2626, #3238, #2790, .T. ) ;
#4244 = DIRECTION ( 'NONE',  ( -1.000000000000000000, -0.0000000000000000000, -0.0000000000000000000 ) ) ;
#4245 =( BOUNDED_CURVE ( )  B_SPLINE_CURVE ( 3, ( #7739, #9199, #7782, #9138 ),
 .UNSPECIFIED., .F., .F. ) 
 B_SPLINE_CURVE_WITH_KNOTS ( ( 4, 4 ),
 ( 0.0000000000000000000, 1.518436449235069300 ),
 .UNSPECIFIED. ) 
 CURVE ( )  GEOMETRIC_REPRESENTATION_ITEM ( )  RATIONAL_B_SPLINE_CURVE ( ( 1.000000000000000000, 0.8169162473415243500, 0.8169162473415243500, 1.000000000000000000 ) ) 
 REPRESENTATION_ITEM ( '' )  );
#4246 = ORIENTED_EDGE ( 'NONE', *, *, #4466, .F. ) ;
#4247 = CARTESIAN_POINT ( 'NONE',  ( 4.935898757011783800, 0.07000000000000278200, -5.187500000000000900 ) ) ;
#4248 = CARTESIAN_POINT ( 'NONE',  ( -1.938397459621556300, 0.1499999999999999900, 0.0000000000000000000 ) ) ;
#4249 = CARTESIAN_POINT ( 'NONE',  ( 0.0000000000000000000, 0.5000000000000000000, 4.587499999999999500 ) ) ;
#4250 = EDGE_CURVE ( 'NONE', #6402, #1183, #5702, .T. ) ;
#4251 = ORIENTED_EDGE ( 'NONE', *, *, #7333, .F. ) ;
#4252 = VECTOR ( 'NONE', #3885, 1000.000000000000000 ) ;
#4253 = LINE ( 'NONE', #5304, #4702 ) ;
#4254 = EDGE_LOOP ( 'NONE', ( #6345, #4475, #6615, #6529 ) ) ;
#4255 = DIRECTION ( 'NONE',  ( 0.0000000000000000000, 0.0000000000000000000, -1.000000000000000000 ) ) ;
#4256 = CARTESIAN_POINT ( 'NONE',  ( 1.000000000000000000, 0.0000000000000000000, -0.0000000000000000000 ) ) ;
#4257 = CARTESIAN_POINT ( 'NONE',  ( -4.742163485014222200, 2.555024690214983400, -4.979663485014223000 ) ) ;
#4258 = DIRECTION ( 'NONE',  ( 0.0000000000000000000, 0.0000000000000000000, 1.000000000000000000 ) ) ;
#4259 = ORIENTED_EDGE ( 'NONE', *, *, #4844, .T. ) ;
#4260 = LINE ( 'NONE', #5025, #2588 ) ;
#4261 = EDGE_CURVE ( 'NONE', #4578, #7773, #4978, .T. ) ;
#4262 = SURFACE_SIDE_STYLE ('',( #3604 ) ) ;
#4263 = DIRECTION ( 'NONE',  ( -1.000000000000000000, -0.0000000000000000000, 0.0000000000000000000 ) ) ;
#4264 = COLOUR_RGB ( '',0.7529411764705882200, 0.7529411764705882200, 0.7529411764705882200 ) ;
#4265 = CARTESIAN_POINT ( 'NONE',  ( 4.251000000000000300, 0.5010000000000000000, 0.9634999999999968000 ) ) ;
#4266 = DIRECTION ( 'NONE',  ( -1.000000000000000000, 0.0000000000000000000, 0.0000000000000000000 ) ) ;
#4267 = LINE ( 'NONE', #179, #6090 ) ;
#4268 = DIRECTION ( 'NONE',  ( 1.000000000000000000, -0.0000000000000000000, 0.0000000000000000000 ) ) ;
#4269 = DIRECTION ( 'NONE',  ( 1.000000000000000000, -0.0000000000000000000, 0.0000000000000000000 ) ) ;
#4270 = AXIS2_PLACEMENT_3D ( 'NONE', #5511, #1958, #2695 ) ;
#4271 = SURFACE_STYLE_FILL_AREA ( #3471 ) ;
#4272 = DIRECTION ( 'NONE',  ( 0.0000000000000000000, 1.000000000000000000, 0.0000000000000000000 ) ) ;
#4273 = CIRCLE ( 'NONE', #3223, 0.09999999999999982500 ) ;
#4274 = EDGE_LOOP ( 'NONE', ( #4807, #3127, #8994, #4175 ) ) ;
#4275 = SURFACE_SIDE_STYLE ('',( #4556 ) ) ;
#4276 = EDGE_CURVE ( 'NONE', #5634, #2620, #7891, .T. ) ;
#4277 = DIRECTION ( 'NONE',  ( 0.0000000000000000000, 0.0000000000000000000, -1.000000000000000000 ) ) ;
#4278 = CARTESIAN_POINT ( 'NONE',  ( -4.760769540619037300, 2.300000000000000300, 1.241707825693109800 ) ) ;
#4279 = ADVANCED_FACE ( 'NONE', ( #2353 ), #8147, .F. ) ;
#4280 = VERTEX_POINT ( 'NONE', #7378 ) ;
#4281 = MECHANICAL_DESIGN_GEOMETRIC_PRESENTATION_REPRESENTATION (  '', ( #3589 ), #6727 ) ;
#4282 = LINE ( 'NONE', #5259, #2387 ) ;
#4283 = CARTESIAN_POINT ( 'NONE',  ( 3.799000000000000400, 0.07000000000000018700, 5.137499999999999300 ) ) ;
#4284 = PLANE ( 'NONE',  #3345 ) ;
#4285 = CARTESIAN_POINT ( 'NONE',  ( 3.138397459621557100, 0.1499999999999999900, 0.0000000000000000000 ) ) ;
#4286 = DIRECTION ( 'NONE',  ( 0.0000000000000000000, 0.0000000000000000000, -1.000000000000000000 ) ) ;
#4287 = DIRECTION ( 'NONE',  ( 0.9986295347545739400, -0.05233595624294126000, 0.0000000000000000000 ) ) ;
#4288 = EDGE_CURVE ( 'NONE', #4322, #5611, #5378, .T. ) ;
#4289 = ORIENTED_EDGE ( 'NONE', *, *, #1786, .T. ) ;
#4290 = VECTOR ( 'NONE', #1575, 1000.000000000000000 ) ;
#4291 = ORIENTED_EDGE ( 'NONE', *, *, #7215, .T. ) ;
#4292 = CARTESIAN_POINT ( 'NONE',  ( -4.150000000000000400, 0.5000000000000000000, -4.987500000000003400 ) ) ;
#4293 = DIRECTION ( 'NONE',  ( 0.0000000000000000000, 0.0000000000000000000, -1.000000000000000000 ) ) ;
#4294 = VECTOR ( 'NONE', #383, 1000.000000000000000 ) ;
#4295 = DIRECTION ( 'NONE',  ( -1.000000000000000000, 0.0000000000000000000, -0.0000000000000000000 ) ) ;
#4296 = CARTESIAN_POINT ( 'NONE',  ( 3.798999999999999500, 0.5010000000000000000, 4.588499999999999800 ) ) ;
#4297 = ORIENTED_EDGE ( 'NONE', *, *, #6608, .T. ) ;
#4298 = VECTOR ( 'NONE', #2237, 999.9999999999998900 ) ;
#4299 = DIRECTION ( 'NONE',  ( -0.0000000000000000000, -1.000000000000000000, -0.0000000000000000000 ) ) ;
#4300 = LINE ( 'NONE', #4121, #4990 ) ;
#4301 = EDGE_CURVE ( 'NONE', #3756, #2719, #1421, .T. ) ;
#4302 =( BOUNDED_CURVE ( )  B_SPLINE_CURVE ( 3, ( #6951, #1080, #6124, #1829 ),
 .UNSPECIFIED., .F., .F. ) 
 B_SPLINE_CURVE_WITH_KNOTS ( ( 4, 4 ),
 ( 4.764748857944524300, 6.283185307179586200 ),
 .UNSPECIFIED. ) 
 CURVE ( )  GEOMETRIC_REPRESENTATION_ITEM ( )  RATIONAL_B_SPLINE_CURVE ( ( 1.000000000000000000, 0.8169162473415261200, 0.8169162473415261200, 1.000000000000000000 ) ) 
 REPRESENTATION_ITEM ( '' )  );
#4303 = PLANE ( 'NONE',  #660 ) ;
#4304 = VECTOR ( 'NONE', #6717, 1000.000000000000200 ) ;
#4305 = FACE_OUTER_BOUND ( 'NONE', #7504, .T. ) ;
#4306 = FACE_OUTER_BOUND ( 'NONE', #8899, .T. ) ;
#4307 = ORIENTED_EDGE ( 'NONE', *, *, #143, .F. ) ;
#4308 = SURFACE_STYLE_FILL_AREA ( #7077 ) ;
#4309 = FACE_OUTER_BOUND ( 'NONE', #3236, .T. ) ;
#4310 = DIRECTION ( 'NONE',  ( 0.0000000000000000000, 0.1045284632676498200, 0.9945218953682737300 ) ) ;
#4311 = DIRECTION ( 'NONE',  ( 0.0000000000000000000, 0.0000000000000000000, -1.000000000000000000 ) ) ;
#4312 = AXIS2_PLACEMENT_3D ( 'NONE', #295, #3894, #997 ) ;
#4313 = ORIENTED_EDGE ( 'NONE', *, *, #2182, .F. ) ;
#4314 = FACE_OUTER_BOUND ( 'NONE', #5723, .T. ) ;
#4315 = EDGE_CURVE ( 'NONE', #1226, #2334, #278, .T. ) ;
#4316 = ORIENTED_EDGE ( 'NONE', *, *, #3545, .F. ) ;
#4317 = LINE ( 'NONE', #2796, #5795 ) ;
#4318 =( LENGTH_UNIT ( ) NAMED_UNIT ( * ) SI_UNIT ( .MILLI., .METRE. ) );
#4319 = CARTESIAN_POINT ( 'NONE',  ( 4.900000000000000400, 0.5000000000000000000, 0.0000000000000000000 ) ) ;
#4320 = CARTESIAN_POINT ( 'NONE',  ( -2.025000000000000400, 0.1499999999999999900, 5.787499999999999600 ) ) ;
#4321 = SURFACE_STYLE_USAGE ( .BOTH. , #7139 ) ;
#4322 = VERTEX_POINT ( 'NONE', #3889 ) ;
#4323 = AXIS2_PLACEMENT_3D ( 'NONE', #6080, #7653, #7582 ) ;
#4324 = VERTEX_POINT ( 'NONE', #3090 ) ;
#4325 = AXIS2_PLACEMENT_3D ( 'NONE', #1257, #1223, #5677 ) ;
#4326 = ORIENTED_EDGE ( 'NONE', *, *, #8109, .T. ) ;
#4327 = ADVANCED_FACE ( 'NONE', ( #3458 ), #2475, .F. ) ;
#4328 = DIRECTION ( 'NONE',  ( 0.0000000000000000000, 1.000000000000000000, 0.0000000000000000000 ) ) ;
#4329 = CARTESIAN_POINT ( 'NONE',  ( -4.941174943165672000, 0.05293756397306685600, -5.184612487890079000 ) ) ;
#4330 = PLANE ( 'NONE',  #6320 ) ;
#4331 = PLANE ( 'NONE',  #8649 ) ;
#4332 = DIRECTION ( 'NONE',  ( -0.05205003326639458900, -0.9931737993569245100, -0.1043867726673204500 ) ) ;
#4333 = LINE ( 'NONE', #3155, #2336 ) ;
#4334 = ORIENTED_EDGE ( 'NONE', *, *, #4250, .F. ) ;
#4335 = CYLINDRICAL_SURFACE ( 'NONE', #4035, 0.1000000000000002600 ) ;
#4336 = EDGE_CURVE ( 'NONE', #2759, #3015, #745, .T. ) ;
#4337 = COLOUR_RGB ( '',0.7529411764705882200, 0.7529411764705882200, 0.7529411764705882200 ) ;
#4338 = CARTESIAN_POINT ( 'NONE',  ( 0.0000000000000000000, 0.0000000000000000000, -5.237500000000000700 ) ) ;
#4339 = VERTEX_POINT ( 'NONE', #4577 ) ;
#4340 = ADVANCED_FACE ( 'NONE', ( #1652 ), #4628, .T. ) ;
#4341 =( GEOMETRIC_REPRESENTATION_CONTEXT ( 3 ) GLOBAL_UNCERTAINTY_ASSIGNED_CONTEXT ( ( #3459 ) ) GLOBAL_UNIT_ASSIGNED_CONTEXT ( ( #3992, #6297, #5518 ) ) REPRESENTATION_CONTEXT ( 'NONE', 'WORKASPACE' ) );
#4342 = FILL_AREA_STYLE ('',( #3575 ) ) ;
#4343 = SURFACE_SIDE_STYLE ('',( #6580 ) ) ;
#4344 = ORIENTED_EDGE ( 'NONE', *, *, #7518, .F. ) ;
#4345 =( NAMED_UNIT ( * ) PLANE_ANGLE_UNIT ( ) SI_UNIT ( $, .RADIAN. ) );
#4346 = ORIENTED_EDGE ( 'NONE', *, *, #1693, .F. ) ;
#4347 = DIRECTION ( 'NONE',  ( 0.0000000000000000000, -1.000000000000000000, 0.0000000000000000000 ) ) ;
#4348 = EDGE_CURVE ( 'NONE', #3616, #1878, #8676, .T. ) ;
#4349 =( NAMED_UNIT ( * ) PLANE_ANGLE_UNIT ( ) SI_UNIT ( $, .RADIAN. ) );
#4350 = EDGE_LOOP ( 'NONE', ( #2990, #5481, #1978, #1587 ) ) ;
#4351 = SURFACE_STYLE_FILL_AREA ( #1396 ) ;
#4352 = VECTOR ( 'NONE', #6811, 1000.000000000000000 ) ;
#4353 = FILL_AREA_STYLE ('',( #2932 ) ) ;
#4354 = AXIS2_PLACEMENT_3D ( 'NONE', #288, #2381, #4510 ) ;
#4355 = EDGE_CURVE ( 'NONE', #2690, #1828, #3794, .T. ) ;
#4356 = CARTESIAN_POINT ( 'NONE',  ( -3.799999999999999400, 0.5000000000000000000, 0.0000000000000000000 ) ) ;
#4357 = VERTEX_POINT ( 'NONE', #1021 ) ;
#4358 = CARTESIAN_POINT ( 'NONE',  ( -4.942788619690186500, 0.04996653272552028400, -5.183416669047625500 ) ) ;
#4359 = CARTESIAN_POINT ( 'NONE',  ( -4.819490029551738900, 2.034912454769766100, -2.504101213736515100 ) ) ;
#4360 = CARTESIAN_POINT ( 'NONE',  ( -4.949999999999999300, 2.299999999999999800, 5.187499999999999100 ) ) ;
#4361 = LINE ( 'NONE', #6756, #8052 ) ;
#4362 = DIRECTION ( 'NONE',  ( 0.0000000000000000000, 0.0000000000000000000, -1.000000000000000000 ) ) ;
#4363 = VERTEX_POINT ( 'NONE', #4605 ) ;
#4364 = AXIS2_PLACEMENT_3D ( 'NONE', #4257, #8664, #4287 ) ;
#4365 = VERTEX_POINT ( 'NONE', #6067 ) ;
#4366 = VECTOR ( 'NONE', #5576, 1000.000000000000000 ) ;
#4367 =( NAMED_UNIT ( * ) PLANE_ANGLE_UNIT ( ) SI_UNIT ( $, .RADIAN. ) );
#4368 = EDGE_CURVE ( 'NONE', #7994, #1441, #3895, .T. ) ;
#4369 = CARTESIAN_POINT ( 'NONE',  ( -4.950000000000001100, 0.4999999999998842000, -5.187500000000000900 ) ) ;
#4370 = PLANE ( 'NONE',  #4840 ) ;
#4371 = ADVANCED_FACE ( 'NONE', ( #5722 ), #1861, .T. ) ;
#4372 = CARTESIAN_POINT ( 'NONE',  ( 1.000000000000000000, 0.5000000000000000000, 4.587499999999999500 ) ) ;
#4373 = MECHANICAL_DESIGN_GEOMETRIC_PRESENTATION_REPRESENTATION (  '', ( #5181 ), #2586 ) ;
#4374 = VERTEX_POINT ( 'NONE', #224 ) ;
#4375 = CARTESIAN_POINT ( 'NONE',  ( -4.903166109147858400, 0.3509077649146512000, -5.187500000000000900 ) ) ;
#4376 = VECTOR ( 'NONE', #1305, 1000.000000000000000 ) ;
#4377 = DIRECTION ( 'NONE',  ( -1.000000000000000000, -0.0000000000000000000, -0.0000000000000000000 ) ) ;
#4378 = STYLED_ITEM ( 'NONE', ( #1886 ), #6787 ) ;
#4379 = PRESENTATION_STYLE_ASSIGNMENT (( #2898 ) ) ;
#4380 = CARTESIAN_POINT ( 'NONE',  ( -4.857885506151645500, 2.257649248041337000, -2.524482203710380000 ) ) ;
#4381 = ADVANCED_FACE ( 'NONE', ( #7419 ), #8883, .T. ) ;
#4382 = EDGE_CURVE ( 'NONE', #3512, #1403, #3672, .T. ) ;
#4383 = CARTESIAN_POINT ( 'NONE',  ( 4.251000000000000300, 2.299999999999999800, -5.093165997290526500 ) ) ;
#4384 = ORIENTED_EDGE ( 'NONE', *, *, #9163, .T. ) ;
#4385 = LINE ( 'NONE', #1015, #1707 ) ;
#4386 = DIRECTION ( 'NONE',  ( 0.0000000000000000000, 0.0000000000000000000, -1.000000000000000000 ) ) ;
#4387 = ORIENTED_EDGE ( 'NONE', *, *, #8970, .T. ) ;
#4388 = CARTESIAN_POINT ( 'NONE',  ( -4.250000000000000000, 0.5000000000000000000, -5.237500000000000700 ) ) ;
#4389 = PRESENTATION_STYLE_ASSIGNMENT (( #3551 ) ) ;
#4390 = DIRECTION ( 'NONE',  ( 1.000000000000000000, 0.0000000000000000000, -0.0000000000000000000 ) ) ;
#4391 = AXIS2_PLACEMENT_3D ( 'NONE', #7303, #2980, #5876 ) ;
#4392 = LINE ( 'NONE', #5439, #2494 ) ;
#4393 =( GEOMETRIC_REPRESENTATION_CONTEXT ( 3 ) GLOBAL_UNCERTAINTY_ASSIGNED_CONTEXT ( ( #8922 ) ) GLOBAL_UNIT_ASSIGNED_CONTEXT ( ( #8088, #2231, #1629 ) ) REPRESENTATION_CONTEXT ( 'NONE', 'WORKASPACE' ) );
#4394 = CYLINDRICAL_SURFACE ( 'NONE', #4364, 0.1000000000000000900 ) ;
#4395 =( NAMED_UNIT ( * ) PLANE_ANGLE_UNIT ( ) SI_UNIT ( $, .RADIAN. ) );
#4396 = EDGE_LOOP ( 'NONE', ( #1657, #2213, #895, #6875, #508, #5318, #5644 ) ) ;
#4397 = LINE ( 'NONE', #4320, #7364 ) ;
#4398 = VERTEX_POINT ( 'NONE', #9032 ) ;
#4399 = EDGE_CURVE ( 'NONE', #6760, #16, #4333, .T. ) ;
#4400 = VECTOR ( 'NONE', #2358, 1000.000000000000000 ) ;
#4401 = DIRECTION ( 'NONE',  ( 1.000000000000000000, -0.0000000000000000000, 0.0000000000000000000 ) ) ;
#4402 =( NAMED_UNIT ( * ) PLANE_ANGLE_UNIT ( ) SI_UNIT ( $, .RADIAN. ) );
#4403 = STYLED_ITEM ( 'NONE', ( #6772 ), #137 ) ;
#4404 = SURFACE_STYLE_USAGE ( .BOTH. , #3667 ) ;
#4405 = CARTESIAN_POINT ( 'NONE',  ( 0.0000000000000000000, 0.5000000000000000000, 5.787499999999999600 ) ) ;
#4406 = CARTESIAN_POINT ( 'NONE',  ( -4.730000000000000400, 0.5000000000000000000, 0.9624999999999968000 ) ) ;
#4407 = CARTESIAN_POINT ( 'NONE',  ( -4.519894895764734200, 0.5010000000000000000, -2.142499999999999600 ) ) ;
#4408 = ORIENTED_EDGE ( 'NONE', *, *, #4648, .F. ) ;
#4409 = FACE_OUTER_BOUND ( 'NONE', #2767, .T. ) ;
#4410 = ORIENTED_EDGE ( 'NONE', *, *, #4315, .T. ) ;
#4411 = FILL_AREA_STYLE ('',( #5884 ) ) ;
#4412 =( LENGTH_UNIT ( ) NAMED_UNIT ( * ) SI_UNIT ( .MILLI., .METRE. ) );
#4413 =( BOUNDED_CURVE ( )  B_SPLINE_CURVE ( 3, ( #3355, #1199, #4088, #9176 ),
 .UNSPECIFIED., .F., .F. ) 
 B_SPLINE_CURVE_WITH_KNOTS ( ( 4, 4 ),
 ( 5.499157140232572500, 7.067213474126599900 ),
 .UNSPECIFIED. ) 
 CURVE ( )  GEOMETRIC_REPRESENTATION_ITEM ( )  RATIONAL_B_SPLINE_CURVE ( ( 1.000000000000000000, 0.8053832340553335200, 0.8053832340553335200, 1.000000000000000000 ) ) 
 REPRESENTATION_ITEM ( '' )  );
#4414 = FACE_OUTER_BOUND ( 'NONE', #7811, .T. ) ;
#4415 =( NAMED_UNIT ( * ) PLANE_ANGLE_UNIT ( ) SI_UNIT ( $, .RADIAN. ) );
#4416 = EDGE_CURVE ( 'NONE', #2596, #8339, #6274, .T. ) ;
#4417 = CARTESIAN_POINT ( 'NONE',  ( -4.855069641476609900, 2.260785108296681200, -2.477565972274707200 ) ) ;
#4418 = DIRECTION ( 'NONE',  ( -0.0000000000000000000, -1.000000000000000000, -0.0000000000000000000 ) ) ;
#4419 = EDGE_LOOP ( 'NONE', ( #539, #5553, #6599, #2903, #1312 ) ) ;
#4420 = VECTOR ( 'NONE', #4971, 1000.000000000000000 ) ;
#4421 = ORIENTED_EDGE ( 'NONE', *, *, #8894, .F. ) ;
#4422 = LINE ( 'NONE', #3867, #6467 ) ;
#4423 = CARTESIAN_POINT ( 'NONE',  ( -4.251000000000000300, 0.02000000000000000000, 0.0000000000000000000 ) ) ;
#4424 = PLANE ( 'NONE',  #6782 ) ;
#4425 = CARTESIAN_POINT ( 'NONE',  ( 4.150999999999999800, 0.01999999999999999700, -4.986500000000002200 ) ) ;
#4426 = AXIS2_PLACEMENT_3D ( 'NONE', #9096, #4041, #7087 ) ;
#4427 = VECTOR ( 'NONE', #5612, 1000.000000000000000 ) ;
#4428 = LINE ( 'NONE', #7380, #2635 ) ;
#4429 = CARTESIAN_POINT ( 'NONE',  ( 4.760769540619036500, 2.200000000000000200, -4.998269540619038900 ) ) ;
#4430 = ORIENTED_EDGE ( 'NONE', *, *, #5414, .T. ) ;
#4431 = LINE ( 'NONE', #5377, #7283 ) ;
#4432 = ORIENTED_EDGE ( 'NONE', *, *, #5151, .T. ) ;
#4433 = EDGE_CURVE ( 'NONE', #5804, #3996, #5138, .T. ) ;
#4434 = PLANE ( 'NONE',  #6943 ) ;
#4435 = ADVANCED_FACE ( 'NONE', ( #6731 ), #6988, .T. ) ;
#4436 = CYLINDRICAL_SURFACE ( 'NONE', #2261, 0.04999999999999969700 ) ;
#4437 = VERTEX_POINT ( 'NONE', #1174 ) ;
#4438 = ORIENTED_EDGE ( 'NONE', *, *, #364, .F. ) ;
#4439 = VECTOR ( 'NONE', #2065, 1000.000000000000000 ) ;
#4440 = CARTESIAN_POINT ( 'NONE',  ( -0.4616025403784435600, 0.1499999999999999900, 5.787499999999999600 ) ) ;
#4441 = EDGE_LOOP ( 'NONE', ( #6739, #6838, #737, #4241 ) ) ;
#4442 = ORIENTED_EDGE ( 'NONE', *, *, #8123, .T. ) ;
#4443 = CARTESIAN_POINT ( 'NONE',  ( 0.0000000000000000000, 0.5000000000000000000, 3.787499999999999200 ) ) ;
#4444 =( NAMED_UNIT ( * ) SI_UNIT ( $, .STERADIAN. ) SOLID_ANGLE_UNIT ( ) );
#4445 =( LENGTH_UNIT ( ) NAMED_UNIT ( * ) SI_UNIT ( .MILLI., .METRE. ) );
#4446 = CARTESIAN_POINT ( 'NONE',  ( 0.0000000000000000000, 2.299999999999999800, -2.526707825693110400 ) ) ;
#4447 =( GEOMETRIC_REPRESENTATION_CONTEXT ( 3 ) GLOBAL_UNCERTAINTY_ASSIGNED_CONTEXT ( ( #1608 ) ) GLOBAL_UNIT_ASSIGNED_CONTEXT ( ( #2349, #5286, #8230 ) ) REPRESENTATION_CONTEXT ( 'NONE', 'WORKASPACE' ) );
#4448 = FILL_AREA_STYLE ('',( #2989 ) ) ;
#4449 = EDGE_CURVE ( 'NONE', #5277, #341, #4302, .T. ) ;
#4450 = EDGE_LOOP ( 'NONE', ( #556, #8314, #8453, #4106, #8235, #6315, #8449, #8778, #534, #5813, #8234, #8345, #173, #9083, #6299, #6450, #967, #8229, #4316, #7486, #8102, #3096, #403, #4714, #3095, #8164, #6055, #2255, #3453, #309, #9165, #8349 ) ) ;
#4451 = ORIENTED_EDGE ( 'NONE', *, *, #8365, .F. ) ;
#4452 = LINE ( 'NONE', #4967, #9239 ) ;
#4453 = CARTESIAN_POINT ( 'NONE',  ( -1.938397459621556300, 0.1499999999999999900, 5.787499999999999600 ) ) ;
#4454 =( NAMED_UNIT ( * ) SI_UNIT ( $, .STERADIAN. ) SOLID_ANGLE_UNIT ( ) );
#4455 = ORIENTED_EDGE ( 'NONE', *, *, #2027, .F. ) ;
#4456 = CARTESIAN_POINT ( 'NONE',  ( 4.731000000000000800, 0.02000000000000000000, 0.0000000000000000000 ) ) ;
#4457 = SURFACE_SIDE_STYLE ('',( #5452 ) ) ;
#4458 = AXIS2_PLACEMENT_3D ( 'NONE', #8973, #2536, #4630 ) ;
#4459 = ORIENTED_EDGE ( 'NONE', *, *, #2004, .T. ) ;
#4460 = ORIENTED_EDGE ( 'NONE', *, *, #8811, .F. ) ;
#4461 = VECTOR ( 'NONE', #5352, 1000.000000000000000 ) ;
#4462 = CARTESIAN_POINT ( 'NONE',  ( 4.949999999999999300, 0.07000000000000056200, -5.173398757011786300 ) ) ;
#4463 = CARTESIAN_POINT ( 'NONE',  ( 3.700000000000001100, 0.5000000000000000000, -5.887500000000002800 ) ) ;
#4464 = EDGE_LOOP ( 'NONE', ( #4509, #7244, #3149 ) ) ;
#4465 = EDGE_LOOP ( 'NONE', ( #6133, #5194, #7299, #6473 ) ) ;
#4466 = EDGE_CURVE ( 'NONE', #2118, #3543, #9235, .T. ) ;
#4467 = EDGE_CURVE ( 'NONE', #2780, #8189, #3235, .T. ) ;
#4468 = ORIENTED_EDGE ( 'NONE', *, *, #570, .F. ) ;
#4469 = VERTEX_POINT ( 'NONE', #9094 ) ;
#4470 = FACE_OUTER_BOUND ( 'NONE', #9182, .T. ) ;
#4471 = CARTESIAN_POINT ( 'NONE',  ( -4.949999999999999300, 0.07000000000000018700, 5.187499999999999100 ) ) ;
#4472 = STYLED_ITEM ( 'NONE', ( #1729 ), #3180 ) ;
#4473 = LINE ( 'NONE', #3473, #1773 ) ;
#4474 = PRESENTATION_LAYER_ASSIGNMENT (  '', '', ( #6598 ) ) ;
#4475 = ORIENTED_EDGE ( 'NONE', *, *, #5742, .T. ) ;
#4476 = CARTESIAN_POINT ( 'NONE',  ( -3.401000000000000200, 0.02000000000000000000, 0.0000000000000000000 ) ) ;
#4477 =( LENGTH_UNIT ( ) NAMED_UNIT ( * ) SI_UNIT ( .MILLI., .METRE. ) );
#4478 = VERTEX_POINT ( 'NONE', #3245 ) ;
#4479 = PRESENTATION_STYLE_ASSIGNMENT (( #6089 ) ) ;
#4480 = EDGE_CURVE ( 'NONE', #158, #1205, #5493, .T. ) ;
#4481 = DIRECTION ( 'NONE',  ( -0.8660254037844367100, 0.5000000000000034400, 0.0000000000000000000 ) ) ;
#4482 = LINE ( 'NONE', #6199, #7211 ) ;
#4483 = ORIENTED_EDGE ( 'NONE', *, *, #191, .F. ) ;
#4484 = SURFACE_STYLE_USAGE ( .BOTH. , #8853 ) ;
#4485 = UNCERTAINTY_MEASURE_WITH_UNIT (LENGTH_MEASURE( 1.000000000000000100E-005 ), #949, 'distance_accuracy_value', 'NONE');
#4486 = DIRECTION ( 'NONE',  ( 0.0000000000000000000, -1.000000000000000000, 0.0000000000000000000 ) ) ;
#4487 = EDGE_LOOP ( 'NONE', ( #3198, #1648, #5733, #6459 ) ) ;
#4488 = VECTOR ( 'NONE', #9030, 1000.000000000000000 ) ;
#4489 = ADVANCED_FACE ( 'NONE', ( #3568 ), #6046, .T. ) ;
#4490 = FILL_AREA_STYLE ('',( #654 ) ) ;
#4491 = ORIENTED_EDGE ( 'NONE', *, *, #1019, .T. ) ;
#4492 = EDGE_CURVE ( 'NONE', #4521, #3549, #2893, .T. ) ;
#4493 = DIRECTION ( 'NONE',  ( 1.000000000000000000, 0.0000000000000000000, -0.0000000000000000000 ) ) ;
#4494 = FILL_AREA_STYLE ('',( #1576 ) ) ;
#4495 = ORIENTED_EDGE ( 'NONE', *, *, #2017, .F. ) ;
#4496 =( LENGTH_UNIT ( ) NAMED_UNIT ( * ) SI_UNIT ( .MILLI., .METRE. ) );
#4497 = DIRECTION ( 'NONE',  ( 1.000000000000000000, -0.0000000000000000000, 0.0000000000000000000 ) ) ;
#4498 = VERTEX_POINT ( 'NONE', #6222 ) ;
#4499 = SURFACE_SIDE_STYLE ('',( #1744 ) ) ;
#4500 = EDGE_CURVE ( 'NONE', #582, #7200, #9348, .T. ) ;
#4501 = COLOUR_RGB ( '',0.7529411764705882200, 0.7529411764705882200, 0.7529411764705882200 ) ;
#4502 = DIRECTION ( 'NONE',  ( -1.000000000000000000, 0.0000000000000000000, 0.0000000000000000000 ) ) ;
#4503 = DIRECTION ( 'NONE',  ( 0.5000000000000048800, -0.8660254037844358200, 0.0000000000000000000 ) ) ;
#4504 =( GEOMETRIC_REPRESENTATION_CONTEXT ( 3 ) GLOBAL_UNCERTAINTY_ASSIGNED_CONTEXT ( ( #2186 ) ) GLOBAL_UNIT_ASSIGNED_CONTEXT ( ( #8693, #1377, #7252 ) ) REPRESENTATION_CONTEXT ( 'NONE', 'WORKASPACE' ) );
#4505 = VERTEX_POINT ( 'NONE', #4067 ) ;
#4506 =( NAMED_UNIT ( * ) PLANE_ANGLE_UNIT ( ) SI_UNIT ( $, .RADIAN. ) );
#4507 = LINE ( 'NONE', #7750, #4614 ) ;
#4508 = AXIS2_PLACEMENT_3D ( 'NONE', #6393, #587, #9268 ) ;
#4509 = ORIENTED_EDGE ( 'NONE', *, *, #3378, .T. ) ;
#4510 = DIRECTION ( 'NONE',  ( 0.0000000000000000000, 0.0000000000000000000, -1.000000000000000000 ) ) ;
#4511 = PRESENTATION_LAYER_ASSIGNMENT (  '', '', ( #289 ) ) ;
#4512 = CARTESIAN_POINT ( 'NONE',  ( 3.798999999999999500, 0.5010000000000000000, 4.588499999999999800 ) ) ;
#4513 = VECTOR ( 'NONE', #4042, 1000.000000000000000 ) ;
#4514 = ORIENTED_EDGE ( 'NONE', *, *, #1720, .F. ) ;
#4515 = CARTESIAN_POINT ( 'NONE',  ( -4.949999999999999300, 0.07000000000000018700, 5.137499999999999300 ) ) ;
#4516 = DIRECTION ( 'NONE',  ( 1.000000000000000000, 0.0000000000000000000, -0.0000000000000000000 ) ) ;
#4517 = COLOUR_RGB ( '',0.7529411764705882200, 0.7529411764705882200, 0.7529411764705882200 ) ;
#4518 = CARTESIAN_POINT ( 'NONE',  ( 1.574999999999999100, 0.0000000000000000000, 5.557499999999999200 ) ) ;
#4519 = SURFACE_STYLE_FILL_AREA ( #234 ) ;
#4520 = CARTESIAN_POINT ( 'NONE',  ( -4.150000000000000400, 0.0000000000000000000, -2.597500000000002800 ) ) ;
#4521 = VERTEX_POINT ( 'NONE', #1860 ) ;
#4522 = SURFACE_STYLE_FILL_AREA ( #7918 ) ;
#4523 = DIRECTION ( 'NONE',  ( 0.0000000000000000000, 1.000000000000000000, -0.0000000000000000000 ) ) ;
#4524 = AXIS2_PLACEMENT_3D ( 'NONE', #5473, #9053, #398 ) ;
#4525 = CARTESIAN_POINT ( 'NONE',  ( 4.599999999999999600, 0.0000000000000000000, -0.0000000000000000000 ) ) ;
#4526 = VECTOR ( 'NONE', #7469, 999.9999999999998900 ) ;
#4527 = CARTESIAN_POINT ( 'NONE',  ( 4.250999999999999400, 0.07000000000000018700, -5.137500000000001100 ) ) ;
#4528 = ADVANCED_FACE ( 'NONE', ( #7897 ), #7217, .T. ) ;
#4529 = EDGE_CURVE ( 'NONE', #513, #7070, #2663, .T. ) ;
#4530 = DIRECTION ( 'NONE',  ( 1.000000000000000000, 0.0000000000000000000, 0.0000000000000000000 ) ) ;
#4531 = ORIENTED_EDGE ( 'NONE', *, *, #7215, .F. ) ;
#4532 = LINE ( 'NONE', #84, #4749 ) ;
#4533 = ORIENTED_EDGE ( 'NONE', *, *, #4919, .F. ) ;
#4534 = FILL_AREA_STYLE_COLOUR ( '', #9103 ) ;
#4535 =( GEOMETRIC_REPRESENTATION_CONTEXT ( 3 ) GLOBAL_UNCERTAINTY_ASSIGNED_CONTEXT ( ( #8531 ) ) GLOBAL_UNIT_ASSIGNED_CONTEXT ( ( #612, #7128, #4167 ) ) REPRESENTATION_CONTEXT ( 'NONE', 'WORKASPACE' ) );
#4536 = UNCERTAINTY_MEASURE_WITH_UNIT (LENGTH_MEASURE( 1.000000000000000100E-005 ), #1269, 'distance_accuracy_value', 'NONE');
#4537 = CARTESIAN_POINT ( 'NONE',  ( 1.200000000000000000, 0.1499999999999999900, 0.0000000000000000000 ) ) ;
#4538 = LINE ( 'NONE', #8895, #251 ) ;
#4539 = DIRECTION ( 'NONE',  ( 0.0000000000000000000, -1.000000000000000000, 0.0000000000000000000 ) ) ;
#4540 = SURFACE_STYLE_FILL_AREA ( #5483 ) ;
#4541 = FACE_OUTER_BOUND ( 'NONE', #3160, .T. ) ;
#4542 = CARTESIAN_POINT ( 'NONE',  ( -2.200000000000000200, 0.5000000000000000000, 5.787499999999999600 ) ) ;
#4543 = MECHANICAL_DESIGN_GEOMETRIC_PRESENTATION_REPRESENTATION (  '', ( #1475 ), #1945 ) ;
#4544 = VERTEX_POINT ( 'NONE', #8687 ) ;
#4545 = DIRECTION ( 'NONE',  ( 1.000000000000000000, 0.0000000000000000000, 0.0000000000000000000 ) ) ;
#4546 = CYLINDRICAL_SURFACE ( 'NONE', #8677, 0.04999999999999969700 ) ;
#4547 = ADVANCED_FACE ( 'NONE', ( #965 ), #6375, .T. ) ;
#4548 = CARTESIAN_POINT ( 'NONE',  ( 0.7383974596215552300, 0.1499999999999999900, 5.557499999999999200 ) ) ;
#4549 = EDGE_CURVE ( 'NONE', #602, #1946, #8018, .T. ) ;
#4550 = MANIFOLD_SOLID_BREP ( 'LPattern1[3]', #8538 ) ;
#4551 = LINE ( 'NONE', #9208, #5581 ) ;
#4552 = DIRECTION ( 'NONE',  ( 0.8660254037844354900, 0.5000000000000056600, -0.0000000000000000000 ) ) ;
#4553 = ORIENTED_EDGE ( 'NONE', *, *, #8626, .F. ) ;
#4554 = DIRECTION ( 'NONE',  ( -0.5000000000000016700, 0.8660254037844377100, 0.0000000000000000000 ) ) ;
#4555 = ORIENTED_EDGE ( 'NONE', *, *, #8536, .F. ) ;
#4556 = SURFACE_STYLE_FILL_AREA ( #4342 ) ;
#4557 =( GEOMETRIC_REPRESENTATION_CONTEXT ( 3 ) GLOBAL_UNCERTAINTY_ASSIGNED_CONTEXT ( ( #5061 ) ) GLOBAL_UNIT_ASSIGNED_CONTEXT ( ( #5803, #1482, #6522 ) ) REPRESENTATION_CONTEXT ( 'NONE', 'WORKASPACE' ) );
#4558 =( NAMED_UNIT ( * ) PLANE_ANGLE_UNIT ( ) SI_UNIT ( $, .RADIAN. ) );
#4559 = DIRECTION ( 'NONE',  ( 3.614007241618349300E-016, 0.0000000000000000000, -1.000000000000000000 ) ) ;
#4560 = VECTOR ( 'NONE', #8013, 999.9999999999998900 ) ;
#4561 = DIRECTION ( 'NONE',  ( -1.000000000000000000, -0.0000000000000000000, -0.0000000000000000000 ) ) ;
#4562 = ORIENTED_EDGE ( 'NONE', *, *, #6675, .T. ) ;
#4563 = LINE ( 'NONE', #6327, #5369 ) ;
#4564 = EDGE_CURVE ( 'NONE', #1375, #4869, #6941, .T. ) ;
#4565 = ORIENTED_EDGE ( 'NONE', *, *, #3775, .F. ) ;
#4566 = ORIENTED_EDGE ( 'NONE', *, *, #9132, .T. ) ;
#4567 = VERTEX_POINT ( 'NONE', #6537 ) ;
#4568 = DIRECTION ( 'NONE',  ( 1.000000000000000000, 0.0000000000000000000, -0.0000000000000000000 ) ) ;
#4569 = VECTOR ( 'NONE', #1956, 1000.000000000000000 ) ;
#4570 = CARTESIAN_POINT ( 'NONE',  ( -4.338397459621555500, 0.1499999999999999900, 5.787499999999999600 ) ) ;
#4571 = VERTEX_POINT ( 'NONE', #537 ) ;
#4572 = VERTEX_POINT ( 'NONE', #4815 ) ;
#4573 = DIRECTION ( 'NONE',  ( 1.000000000000000000, 0.0000000000000000000, 0.0000000000000000000 ) ) ;
#4574 = PRESENTATION_LAYER_ASSIGNMENT (  '', '', ( #2157 ) ) ;
#4575 = LINE ( 'NONE', #7942, #2900 ) ;
#4576 = EDGE_CURVE ( 'NONE', #2031, #2963, #2427, .T. ) ;
#4577 = CARTESIAN_POINT ( 'NONE',  ( 3.225000000000000500, 0.0000000000000000000, 5.787499999999999600 ) ) ;
#4578 = VERTEX_POINT ( 'NONE', #7967 ) ;
#4579 = EDGE_LOOP ( 'NONE', ( #3878, #7767, #2042, #7035, #2245, #3011, #5771, #175 ) ) ;
#4580 = COLOUR_RGB ( '',0.7529411764705882200, 0.7529411764705882200, 0.7529411764705882200 ) ;
#4581 = COLOUR_RGB ( '',0.7529411764705882200, 0.7529411764705882200, 0.7529411764705882200 ) ;
#4582 = ADVANCED_FACE ( 'NONE', ( #2654 ), #7765, .T. ) ;
#4583 = CARTESIAN_POINT ( 'NONE',  ( 0.1989999999999999300, 0.5010000000000000000, 3.786499999999998900 ) ) ;
#4584 =( GEOMETRIC_REPRESENTATION_CONTEXT ( 3 ) GLOBAL_UNCERTAINTY_ASSIGNED_CONTEXT ( ( #6702 ) ) GLOBAL_UNIT_ASSIGNED_CONTEXT ( ( #3112, #4402, #68 ) ) REPRESENTATION_CONTEXT ( 'NONE', 'WORKASPACE' ) );
#4585 = CARTESIAN_POINT ( 'NONE',  ( -2.600000000000000100, 0.0000000000000000000, 3.787499999999999200 ) ) ;
#4586 = PRESENTATION_LAYER_ASSIGNMENT (  '', '', ( #2848 ) ) ;
#4587 = ORIENTED_EDGE ( 'NONE', *, *, #8481, .T. ) ;
#4588 = VECTOR ( 'NONE', #6732, 1000.000000000000000 ) ;
#4589 =( NAMED_UNIT ( * ) PLANE_ANGLE_UNIT ( ) SI_UNIT ( $, .RADIAN. ) );
#4590 = ORIENTED_EDGE ( 'NONE', *, *, #3821, .F. ) ;
#4591 = EDGE_CURVE ( 'NONE', #6448, #2169, #7409, .T. ) ;
#4592 = PLANE ( 'NONE',  #9387 ) ;
#4593 = STYLED_ITEM ( 'NONE', ( #1593 ), #3835 ) ;
#4594 = VERTEX_POINT ( 'NONE', #2184 ) ;
#4595 = VECTOR ( 'NONE', #5690, 1000.000000000000100 ) ;
#4596 = CIRCLE ( 'NONE', #7193, 0.1000000000000000900 ) ;
#4597 = ORIENTED_EDGE ( 'NONE', *, *, #157, .T. ) ;
#4598 =( NAMED_UNIT ( * ) SI_UNIT ( $, .STERADIAN. ) SOLID_ANGLE_UNIT ( ) );
#4599 =( BOUNDED_SURFACE ( )  B_SPLINE_SURFACE ( 3, 2, ( 
 ( #9139, #1191, #1903 ),
 ( #6971, #3375, #8455 ),
 ( #2159, #2130, #1324 ),
 ( #3586, #6358, #8698 ) ),
 .UNSPECIFIED., .F., .F., .F. ) 
 B_SPLINE_SURFACE_WITH_KNOTS ( ( 4, 4 ),
 ( 3, 3 ),
 ( 1.623156204354734300, 3.141592653589794400 ),
 ( 0.0000000000000000000, 1.000000000000000000 ),
 .UNSPECIFIED. ) 
 GEOMETRIC_REPRESENTATION_ITEM ( )  RATIONAL_B_SPLINE_SURFACE ( (
 ( 1.000000000000000000, 0.7090382913072179600, 1.000000000000000000),
 ( 1.000000000000000000, 0.7280390855194600600, 1.000000000000000000),
 ( 1.000000000000000000, 0.7435649452655090900, 1.000000000000000000),
 ( 1.000000000000000000, 0.7431448254773928000, 1.000000000000000000) ) ) 
 REPRESENTATION_ITEM ( '' )  SURFACE ( )  );
#4600 = EDGE_CURVE ( 'NONE', #8078, #5311, #1646, .T. ) ;
#4601 = ORIENTED_EDGE ( 'NONE', *, *, #4564, .F. ) ;
#4602 = LINE ( 'NONE', #805, #2931 ) ;
#4603 = DIRECTION ( 'NONE',  ( -1.000000000000000000, 0.0000000000000000000, 0.0000000000000000000 ) ) ;
#4604 = LINE ( 'NONE', #8675, #2701 ) ;
#4605 = CARTESIAN_POINT ( 'NONE',  ( 4.338397459621556400, 0.1499999999999999900, 5.557499999999999200 ) ) ;
#4606 = ORIENTED_EDGE ( 'NONE', *, *, #2638, .T. ) ;
#4607 = CARTESIAN_POINT ( 'NONE',  ( -4.670000000000001700, 2.299999999999999800, 1.241707825693109800 ) ) ;
#4608 = DIRECTION ( 'NONE',  ( 0.0000000000000000000, -0.0000000000000000000, -1.000000000000000000 ) ) ;
#4609 = AXIS2_PLACEMENT_3D ( 'NONE', #2525, #5443, #7621 ) ;
#4610 = CARTESIAN_POINT ( 'NONE',  ( 4.250000000000000000, 0.0000000000000000000, 1.102499999999997600 ) ) ;
#4611 = EDGE_CURVE ( 'NONE', #3172, #8941, #2540, .T. ) ;
#4612 = CARTESIAN_POINT ( 'NONE',  ( 8.400000000000000400, 0.1499999999999999900, 0.0000000000000000000 ) ) ;
#4613 = SURFACE_SIDE_STYLE ('',( #8487 ) ) ;
#4614 = VECTOR ( 'NONE', #528, 1000.000000000000000 ) ;
#4615 = EDGE_LOOP ( 'NONE', ( #67, #3571, #3374, #6920 ) ) ;
#4616 = DIRECTION ( 'NONE',  ( 1.000000000000000000, 0.0000000000000000000, 0.0000000000000000000 ) ) ;
#4617 = MECHANICAL_DESIGN_GEOMETRIC_PRESENTATION_REPRESENTATION (  '', ( #6081 ), #5115 ) ;
#4618 = LINE ( 'NONE', #4369, #9 ) ;
#4619 = ADVANCED_FACE ( 'NONE', ( #8665 ), #4370, .F. ) ;
#4620 = PLANE ( 'NONE',  #9098 ) ;
#4621 = EDGE_CURVE ( 'NONE', #1241, #1414, #164, .T. ) ;
#4622 = VECTOR ( 'NONE', #1942, 1000.000000000000000 ) ;
#4623 = CARTESIAN_POINT ( 'NONE',  ( 0.0000000000000000000, 0.5000000000000000000, 5.787499999999999600 ) ) ;
#4624 = VECTOR ( 'NONE', #4554, 1000.000000000000100 ) ;
#4625 = ORIENTED_EDGE ( 'NONE', *, *, #2318, .F. ) ;
#4626 = ORIENTED_EDGE ( 'NONE', *, *, #7473, .F. ) ;
#4627 = CARTESIAN_POINT ( 'NONE',  ( 4.250000000000000000, 0.5000000000000000000, -5.237500000000000700 ) ) ;
#4628 = PLANE ( 'NONE',  #7593 ) ;
#4629 =( GEOMETRIC_REPRESENTATION_CONTEXT ( 3 ) GLOBAL_UNCERTAINTY_ASSIGNED_CONTEXT ( ( #88 ) ) GLOBAL_UNIT_ASSIGNED_CONTEXT ( ( #9269, #2289, #894 ) ) REPRESENTATION_CONTEXT ( 'NONE', 'WORKASPACE' ) );
#4630 = DIRECTION ( 'NONE',  ( 0.0000000000000000000, 0.0000000000000000000, 1.000000000000000000 ) ) ;
#4631 = CARTESIAN_POINT ( 'NONE',  ( 4.731000000000000800, 0.5010000000000000000, 0.9634999999999968000 ) ) ;
#4632 = PLANE ( 'NONE',  #3870 ) ;
#4633 = ORIENTED_EDGE ( 'NONE', *, *, #1437, .F. ) ;
#4634 =( NAMED_UNIT ( * ) PLANE_ANGLE_UNIT ( ) SI_UNIT ( $, .RADIAN. ) );
#4635 = VECTOR ( 'NONE', #8597, 1000.000000000000100 ) ;
#4636 = CIRCLE ( 'NONE', #6713, 0.3344817309246964100 ) ;
#4637 = EDGE_CURVE ( 'NONE', #8067, #3512, #5712, .T. ) ;
#4638 = CARTESIAN_POINT ( 'NONE',  ( -1.001000000000000100, 2.299999999999999800, 5.187499999999999100 ) ) ;
#4639 =( NAMED_UNIT ( * ) SI_UNIT ( $, .STERADIAN. ) SOLID_ANGLE_UNIT ( ) );
#4640 = CARTESIAN_POINT ( 'NONE',  ( 0.0000000000000000000, 0.5000000000000000000, -5.237500000000000700 ) ) ;
#4641 = DIRECTION ( 'NONE',  ( 1.000000000000000000, 0.0000000000000000000, -0.0000000000000000000 ) ) ;
#4642 = MECHANICAL_DESIGN_GEOMETRIC_PRESENTATION_REPRESENTATION (  '', ( #1762 ), #6107 ) ;
#4643 = AXIS2_PLACEMENT_3D ( 'NONE', #4179, #5624, #4214 ) ;
#4644 = VERTEX_POINT ( 'NONE', #2282 ) ;
#4645 = DIRECTION ( 'NONE',  ( 0.0000000000000000000, -1.000000000000000000, 0.0000000000000000000 ) ) ;
#4646 = CARTESIAN_POINT ( 'NONE',  ( 0.0000000000000000000, 0.5010000000000001100, 5.187447592220710400 ) ) ;
#4647 = CYLINDRICAL_SURFACE ( 'NONE', #5601, 0.1000000000000000900 ) ;
#4648 = EDGE_CURVE ( 'NONE', #498, #4932, #9117, .T. ) ;
#4649 = PLANE ( 'NONE',  #1339 ) ;
#4650 = ORIENTED_EDGE ( 'NONE', *, *, #1811, .F. ) ;
#4651 = CIRCLE ( 'NONE', #183, 0.1501051042352655700 ) ;
#4652 = EDGE_LOOP ( 'NONE', ( #8272, #5006, #6994, #1641 ) ) ;
#4653 = DIRECTION ( 'NONE',  ( 0.0000000000000000000, 0.0000000000000000000, -1.000000000000000000 ) ) ;
#4654 =( NAMED_UNIT ( * ) SI_UNIT ( $, .STERADIAN. ) SOLID_ANGLE_UNIT ( ) );
#4655 = CARTESIAN_POINT ( 'NONE',  ( 0.0000000000000000000, 0.5000000000000000000, -2.297500000000003000 ) ) ;
#4656 = CARTESIAN_POINT ( 'NONE',  ( -4.251000000000000300, 0.5010000000000000000, -2.298500000000003300 ) ) ;
#4657 = DIRECTION ( 'NONE',  ( -1.000000000000000000, 0.0000000000000000000, 0.0000000000000000000 ) ) ;
#4658 = STYLED_ITEM ( 'NONE', ( #6482 ), #4550 ) ;
#4659 = ORIENTED_EDGE ( 'NONE', *, *, #8056, .T. ) ;
#4660 = ORIENTED_EDGE ( 'NONE', *, *, #2241, .T. ) ;
#4661 = LINE ( 'NONE', #4570, #8669 ) ;
#4662 = CARTESIAN_POINT ( 'NONE',  ( -4.855665997290525800, 2.299999999999999800, 8.118783418797309900E-016 ) ) ;
#4663 = ORIENTED_EDGE ( 'NONE', *, *, #4804, .F. ) ;
#4664 = CARTESIAN_POINT ( 'NONE',  ( -4.949999999999999300, 2.299999999999999800, 5.187499999999999100 ) ) ;
#4665 = EDGE_CURVE ( 'NONE', #6672, #8155, #5922, .T. ) ;
#4666 = ADVANCED_FACE ( 'NONE', ( #3222 ), #2997, .T. ) ;
#4667 = CARTESIAN_POINT ( 'NONE',  ( 4.760769540619038200, 2.299999999999999800, 4.998269540619037200 ) ) ;
#4668 = EDGE_LOOP ( 'NONE', ( #1290, #3709, #1413, #7818 ) ) ;
#4669 = ORIENTED_EDGE ( 'NONE', *, *, #6407, .F. ) ;
#4670 = VECTOR ( 'NONE', #7712, 1000.000000000000000 ) ;
#4671 = PRESENTATION_LAYER_ASSIGNMENT (  '', '', ( #8133 ) ) ;
#4672 = CARTESIAN_POINT ( 'NONE',  ( 4.760769540619037300, 2.299999999999999800, 1.241707825693110000 ) ) ;
#4673 = ORIENTED_EDGE ( 'NONE', *, *, #1706, .F. ) ;
#4674 = EDGE_CURVE ( 'NONE', #3196, #1416, #5242, .T. ) ;
#4675 = ORIENTED_EDGE ( 'NONE', *, *, #4591, .T. ) ;
#4676 = ORIENTED_EDGE ( 'NONE', *, *, #5023, .F. ) ;
#4677 = CIRCLE ( 'NONE', #1163, 0.1501051042352655700 ) ;
#4678 = MECHANICAL_DESIGN_GEOMETRIC_PRESENTATION_REPRESENTATION (  '', ( #6509 ), #6446 ) ;
#4679 = SURFACE_STYLE_FILL_AREA ( #4113 ) ;
#4680 = ORIENTED_EDGE ( 'NONE', *, *, #1777, .T. ) ;
#4681 = DIRECTION ( 'NONE',  ( -0.0000000000000000000, -1.000000000000000000, -0.0000000000000000000 ) ) ;
#4682 = CARTESIAN_POINT ( 'NONE',  ( -3.799999999999999400, 0.0000000000000000000, 3.787499999999999200 ) ) ;
#4683 = CARTESIAN_POINT ( 'NONE',  ( 0.0000000000000000000, 0.5000000000000000000, 5.787499999999999600 ) ) ;
#4684 = STYLED_ITEM ( 'NONE', ( #1865 ), #1507 ) ;
#4685 = CARTESIAN_POINT ( 'NONE',  ( -4.730000000000000400, 0.0000000000000000000, -0.0000000000000000000 ) ) ;
#4686 = PRESENTATION_LAYER_ASSIGNMENT (  '', '', ( #4813 ) ) ;
#4687 = ORIENTED_EDGE ( 'NONE', *, *, #7360, .T. ) ;
#4688 = FACE_OUTER_BOUND ( 'NONE', #9091, .T. ) ;
#4689 = CARTESIAN_POINT ( 'NONE',  ( 0.0000000000000000000, 0.5000000000000000000, -5.887500000000002800 ) ) ;
#4690 = DIRECTION ( 'NONE',  ( 1.000000000000000000, 0.0000000000000000000, 0.0000000000000000000 ) ) ;
#4691 = SURFACE_SIDE_STYLE ('',( #4540 ) ) ;
#4692 = CARTESIAN_POINT ( 'NONE',  ( -4.250000000000000000, 0.0000000000000000000, -0.0000000000000000000 ) ) ;
#4693 = ORIENTED_EDGE ( 'NONE', *, *, #6491, .T. ) ;
#4694 = LINE ( 'NONE', #1530, #2808 ) ;
#4695 = ORIENTED_EDGE ( 'NONE', *, *, #2254, .T. ) ;
#4696 = CARTESIAN_POINT ( 'NONE',  ( -4.949999999999999300, 2.299999999999999800, 5.187499999999999100 ) ) ;
#4697 = PRODUCT_CONTEXT ( 'NONE', #6964, 'mechanical' ) ;
#4698 = DIRECTION ( 'NONE',  ( 0.0000000000000000000, -0.0000000000000000000, 1.000000000000000000 ) ) ;
#4699 = VERTEX_POINT ( 'NONE', #7307 ) ;
#4700 = PLANE ( 'NONE',  #4872 ) ;
#4701 = EDGE_CURVE ( 'NONE', #6256, #2543, #3445, .T. ) ;
#4702 = VECTOR ( 'NONE', #6019, 1000.000000000000000 ) ;
#4703 = MECHANICAL_DESIGN_GEOMETRIC_PRESENTATION_REPRESENTATION (  '', ( #2981 ), #8331 ) ;
#4704 = ORIENTED_EDGE ( 'NONE', *, *, #52, .F. ) ;
#4705 = LINE ( 'NONE', #5227, #8374 ) ;
#4706 = DIRECTION ( 'NONE',  ( -1.672022627447524700E-016, 0.0000000000000000000, -1.000000000000000000 ) ) ;
#4707 = DIRECTION ( 'NONE',  ( -1.000000000000000000, 0.0000000000000000000, 0.0000000000000000000 ) ) ;
#4708 = ADVANCED_FACE ( 'NONE', ( #7752 ), #6032, .T. ) ;
#4709 = CARTESIAN_POINT ( 'NONE',  ( -4.950000000000002000, 0.3509077649146429800, -5.140666109147859200 ) ) ;
#4710 = ORIENTED_EDGE ( 'NONE', *, *, #6661, .F. ) ;
#4711 = CARTESIAN_POINT ( 'NONE',  ( 2.201000000000000100, 0.5010000000000000000, 4.588499999999999800 ) ) ;
#4712 = DIRECTION ( 'NONE',  ( -1.000000000000000000, 0.0000000000000000000, 0.0000000000000000000 ) ) ;
#4713 = VECTOR ( 'NONE', #9026, 1000.000000000000000 ) ;
#4714 = ORIENTED_EDGE ( 'NONE', *, *, #3365, .T. ) ;
#4715 = EDGE_CURVE ( 'NONE', #3428, #4869, #2075, .T. ) ;
#4716 = CARTESIAN_POINT ( 'NONE',  ( -4.760769540619038200, 2.200000000000000200, -4.998269540619038100 ) ) ;
#4717 = CYLINDRICAL_SURFACE ( 'NONE', #1586, 0.05000000000000006500 ) ;
#4718 = VERTEX_POINT ( 'NONE', #6059 ) ;
#4719 = CARTESIAN_POINT ( 'NONE',  ( 1.001000000000000100, 0.4999999999998839800, 5.187499999999999100 ) ) ;
#4720 = ADVANCED_FACE ( 'NONE', ( #8887 ), #7558, .T. ) ;
#4721 = FACE_OUTER_BOUND ( 'NONE', #5973, .T. ) ;
#4722 = CARTESIAN_POINT ( 'NONE',  ( -4.810701017356765700, 2.207843220975530300, 1.187001555694303000 ) ) ;
#4723 = VECTOR ( 'NONE', #8454, 1000.000000000000200 ) ;
#4724 = MECHANICAL_DESIGN_GEOMETRIC_PRESENTATION_REPRESENTATION (  '', ( #4131 ), #2506 ) ;
#4725 = VERTEX_POINT ( 'NONE', #6764 ) ;
#4726 = SURFACE_SIDE_STYLE ('',( #6866 ) ) ;
#4727 = EDGE_CURVE ( 'NONE', #835, #6640, #6831, .T. ) ;
#4728 = CARTESIAN_POINT ( 'NONE',  ( -4.949999999999999300, 0.5000000000000000000, 1.007499999999999600 ) ) ;
#4729 = FACE_OUTER_BOUND ( 'NONE', #1760, .T. ) ;
#4730 =( NAMED_UNIT ( * ) PLANE_ANGLE_UNIT ( ) SI_UNIT ( $, .RADIAN. ) );
#4731 = VECTOR ( 'NONE', #7979, 1000.000000000000000 ) ;
#4732 = ORIENTED_EDGE ( 'NONE', *, *, #1288, .T. ) ;
#4733 = DIRECTION ( 'NONE',  ( 0.0000000000000000000, -0.0000000000000000000, 1.000000000000000000 ) ) ;
#4734 = VECTOR ( 'NONE', #5488, 1000.000000000000000 ) ;
#4735 = DIRECTION ( 'NONE',  ( 0.0000000000000000000, -0.1045284632676498200, -0.9945218953682737300 ) ) ;
#4736 = SURFACE_SIDE_STYLE ('',( #3019 ) ) ;
#4737 = DIRECTION ( 'NONE',  ( 0.0000000000000000000, 0.0000000000000000000, 1.000000000000000000 ) ) ;
#4738 = AXIS2_PLACEMENT_3D ( 'NONE', #1119, #6169, #6898 ) ;
#4739 = PRESENTATION_STYLE_ASSIGNMENT (( #4021 ) ) ;
#4740 = ORIENTED_EDGE ( 'NONE', *, *, #1169, .F. ) ;
#4741 = LINE ( 'NONE', #1975, #7485 ) ;
#4742 = CARTESIAN_POINT ( 'NONE',  ( 0.1999999999999999300, 0.5000000000000000000, 5.787499999999999600 ) ) ;
#4743 = EDGE_CURVE ( 'NONE', #4498, #1307, #6138, .T. ) ;
#4744 = SURFACE_STYLE_FILL_AREA ( #4411 ) ;
#4745 = DIRECTION ( 'NONE',  ( 1.000000000000000000, 0.0000000000000000000, -0.0000000000000000000 ) ) ;
#4746 = COLOUR_RGB ( '',0.7529411764705882200, 0.7529411764705882200, 0.7529411764705882200 ) ;
#4747 =( NAMED_UNIT ( * ) SI_UNIT ( $, .STERADIAN. ) SOLID_ANGLE_UNIT ( ) );
#4748 = VERTEX_POINT ( 'NONE', #3327 ) ;
#4749 = VECTOR ( 'NONE', #696, 1000.000000000000000 ) ;
#4750 = EDGE_LOOP ( 'NONE', ( #4291, #6726, #7280, #5596, #3114, #2978 ) ) ;
#4751 = CARTESIAN_POINT ( 'NONE',  ( 4.424999999999999800, 0.0000000000000000000, 5.557499999999999200 ) ) ;
#4752 =( LENGTH_UNIT ( ) NAMED_UNIT ( * ) SI_UNIT ( .MILLI., .METRE. ) );
#4753 = CARTESIAN_POINT ( 'NONE',  ( -4.949999999999999300, 2.299999999999999800, 5.187499999999999100 ) ) ;
#4754 = ADVANCED_FACE ( 'NONE', ( #8776 ), #4436, .T. ) ;
#4755 = FACE_OUTER_BOUND ( 'NONE', #8916, .T. ) ;
#4756 = VECTOR ( 'NONE', #6127, 1000.000000000000000 ) ;
#4757 = VECTOR ( 'NONE', #5638, 1000.000000000000000 ) ;
#4758 = ORIENTED_EDGE ( 'NONE', *, *, #2655, .T. ) ;
#4759 = ORIENTED_EDGE ( 'NONE', *, *, #2754, .T. ) ;
#4760 = EDGE_CURVE ( 'NONE', #1721, #9369, #4889, .T. ) ;
#4761 = DIRECTION ( 'NONE',  ( -1.000000000000000000, -0.0000000000000000000, 0.0000000000000000000 ) ) ;
#4762 = UNCERTAINTY_MEASURE_WITH_UNIT (LENGTH_MEASURE( 1.000000000000000100E-005 ), #937, 'distance_accuracy_value', 'NONE');
#4763 = CIRCLE ( 'NONE', #7208, 0.3842078256931099100 ) ;
#4764 = SURFACE_STYLE_USAGE ( .BOTH. , #6925 ) ;
#4765 = SURFACE_SIDE_STYLE ('',( #1812 ) ) ;
#4766 = AXIS2_PLACEMENT_3D ( 'NONE', #5028, #715, #5187 ) ;
#4767 = FILL_AREA_STYLE_COLOUR ( '', #1853 ) ;
#4768 = COLOUR_RGB ( '',0.7529411764705882200, 0.7529411764705882200, 0.7529411764705882200 ) ;
#4769 = MECHANICAL_DESIGN_GEOMETRIC_PRESENTATION_REPRESENTATION (  '', ( #5336 ), #5882 ) ;
#4770 = CARTESIAN_POINT ( 'NONE',  ( -1.574999999999999500, 0.0000000000000000000, 5.787499999999999600 ) ) ;
#4771 = ORIENTED_EDGE ( 'NONE', *, *, #6063, .F. ) ;
#4772 = ORIENTED_EDGE ( 'NONE', *, *, #252, .T. ) ;
#4773 = VECTOR ( 'NONE', #3550, 1000.000000000000000 ) ;
#4774 = ADVANCED_FACE ( 'NONE', ( #3106 ), #3385, .T. ) ;
#4775 =( LENGTH_UNIT ( ) NAMED_UNIT ( * ) SI_UNIT ( .MILLI., .METRE. ) );
#4776 = EDGE_CURVE ( 'NONE', #8696, #5368, #7060, .T. ) ;
#4777 = CARTESIAN_POINT ( 'NONE',  ( -4.949999999999999300, 0.07000000000000018700, 5.187499999999999100 ) ) ;
#4778 = CARTESIAN_POINT ( 'NONE',  ( -4.849999999999999600, 2.299999999999999800, 5.087499999999999500 ) ) ;
#4779 = CARTESIAN_POINT ( 'NONE',  ( 2.201000000000000100, 2.299999999999999800, 5.093165997290524800 ) ) ;
#4780 = EDGE_LOOP ( 'NONE', ( #3265, #8332, #4387, #7618 ) ) ;
#4781 = ORIENTED_EDGE ( 'NONE', *, *, #9222, .T. ) ;
#4782 = VECTOR ( 'NONE', #7784, 1000.000000000000000 ) ;
#4783 = CARTESIAN_POINT ( 'NONE',  ( -4.424999999999999800, 0.1499999999999999900, 5.787499999999999600 ) ) ;
#4784 = VERTEX_POINT ( 'NONE', #7719 ) ;
#4785 = ORIENTED_EDGE ( 'NONE', *, *, #2878, .T. ) ;
#4786 =( NAMED_UNIT ( * ) PLANE_ANGLE_UNIT ( ) SI_UNIT ( $, .RADIAN. ) );
#4787 = MECHANICAL_DESIGN_GEOMETRIC_PRESENTATION_REPRESENTATION (  '', ( #4658 ), #1109 ) ;
#4788 = SURFACE_STYLE_FILL_AREA ( #9252 ) ;
#4789 = ORIENTED_EDGE ( 'NONE', *, *, #544, .T. ) ;
#4790 = ORIENTED_EDGE ( 'NONE', *, *, #5742, .F. ) ;
#4791 = VECTOR ( 'NONE', #3290, 1000.000000000000100 ) ;
#4792 = DIRECTION ( 'NONE',  ( -0.0000000000000000000, 0.0000000000000000000, -1.000000000000000000 ) ) ;
#4793 = EDGE_CURVE ( 'NONE', #8189, #6594, #2529, .T. ) ;
#4794 = DIRECTION ( 'NONE',  ( -1.000000000000000000, 0.0000000000000000000, 0.0000000000000000000 ) ) ;
#4795 = VERTEX_POINT ( 'NONE', #1105 ) ;
#4796 = ORIENTED_EDGE ( 'NONE', *, *, #4355, .T. ) ;
#4797 = DIRECTION ( 'NONE',  ( 0.0000000000000000000, 0.0000000000000000000, -1.000000000000000000 ) ) ;
#4798 = VERTEX_POINT ( 'NONE', #6249 ) ;
#4799 = VERTEX_POINT ( 'NONE', #2560 ) ;
#4800 = VECTOR ( 'NONE', #3044, 1000.000000000000000 ) ;
#4801 = DIRECTION ( 'NONE',  ( 0.0000000000000000000, 0.0000000000000000000, -1.000000000000000000 ) ) ;
#4802 = PRESENTATION_LAYER_ASSIGNMENT (  '', '', ( #3499 ) ) ;
#4803 = DIRECTION ( 'NONE',  ( 1.000000000000000000, 0.0000000000000000000, 0.0000000000000000000 ) ) ;
#4804 = EDGE_CURVE ( 'NONE', #382, #882, #607, .T. ) ;
#4805 = DIRECTION ( 'NONE',  ( 1.000000000000000000, 0.0000000000000000000, 0.0000000000000000000 ) ) ;
#4806 = DIRECTION ( 'NONE',  ( 0.0000000000000000000, -0.05233595624294126000, -0.9986295347545739400 ) ) ;
#4807 = ORIENTED_EDGE ( 'NONE', *, *, #8905, .T. ) ;
#4808 = LINE ( 'NONE', #3014, #6167 ) ;
#4809 = VECTOR ( 'NONE', #5287, 1000.000000000000000 ) ;
#4810 =( NAMED_UNIT ( * ) SI_UNIT ( $, .STERADIAN. ) SOLID_ANGLE_UNIT ( ) );
#4811 = VERTEX_POINT ( 'NONE', #4095 ) ;
#4812 = CARTESIAN_POINT ( 'NONE',  ( -4.949999999999999300, 0.4999999999998842000, 5.087637046524541500 ) ) ;
#4813 = STYLED_ITEM ( 'NONE', ( #2670 ), #7523 ) ;
#4814 = ORIENTED_EDGE ( 'NONE', *, *, #455, .T. ) ;
#4815 = CARTESIAN_POINT ( 'NONE',  ( -2.861602540378443700, 0.1499999999999999900, 5.787499999999999600 ) ) ;
#4816 = EDGE_LOOP ( 'NONE', ( #4438, #3797, #809, #5705, #3796, #9157, #7089, #5860 ) ) ;
#4817 =( NAMED_UNIT ( * ) SI_UNIT ( $, .STERADIAN. ) SOLID_ANGLE_UNIT ( ) );
#4818 = ADVANCED_FACE ( 'NONE', ( #5699 ), #9181, .F. ) ;
#4819 = DIRECTION ( 'NONE',  ( 0.05205003326639415900, 0.9931737993569248500, 0.1043867726673162200 ) ) ;
#4820 = EDGE_CURVE ( 'NONE', #9080, #7527, #9225, .T. ) ;
#4821 = CARTESIAN_POINT ( 'NONE',  ( 0.0000000000000000000, 0.02000000000000000000, 5.137499999999999300 ) ) ;
#4822 = ORIENTED_EDGE ( 'NONE', *, *, #2005, .T. ) ;
#4823 = VECTOR ( 'NONE', #2769, 1000.000000000000000 ) ;
#4824 = AXIS2_PLACEMENT_3D ( 'NONE', #4612, #298, #5364 ) ;
#4825 = CARTESIAN_POINT ( 'NONE',  ( 0.0000000000000000000, 0.5000000000000000000, 5.787499999999999600 ) ) ;
#4826 = EDGE_LOOP ( 'NONE', ( #5788, #5905, #5496, #1957 ) ) ;
#4827 = MANIFOLD_SOLID_BREP ( 'LPattern1[1]', #6948 ) ;
#4828 = CARTESIAN_POINT ( 'NONE',  ( 4.150999999999999800, 0.5010000000000000000, -2.598500000000003100 ) ) ;
#4829 = EDGE_CURVE ( 'NONE', #8552, #3360, #1953, .T. ) ;
#4830 = SURFACE_STYLE_FILL_AREA ( #1970 ) ;
#4831 = DIRECTION ( 'NONE',  ( 0.0000000000000000000, 0.0000000000000000000, 1.000000000000000000 ) ) ;
#4832 = CARTESIAN_POINT ( 'NONE',  ( 4.730000000000000400, 0.5000000000000000000, 0.0000000000000000000 ) ) ;
#4833 = LINE ( 'NONE', #7048, #6541 ) ;
#4834 = PLANE ( 'NONE',  #5317 ) ;
#4835 = CARTESIAN_POINT ( 'NONE',  ( 2.399999999999999900, 0.1499999999999999900, 0.0000000000000000000 ) ) ;
#4836 = FILL_AREA_STYLE_COLOUR ( '', #2142 ) ;
#4837 = FILL_AREA_STYLE_COLOUR ( '', #31 ) ;
#4838 = DIRECTION ( 'NONE',  ( 0.5000000000000069900, 0.8660254037844346000, 0.0000000000000000000 ) ) ;
#4839 = VECTOR ( 'NONE', #2938, 1000.000000000000000 ) ;
#4840 = AXIS2_PLACEMENT_3D ( 'NONE', #4405, #799, #8816 ) ;
#4841 = DIRECTION ( 'NONE',  ( -1.000000000000000000, 0.0000000000000000000, 0.0000000000000000000 ) ) ;
#4842 = ORIENTED_EDGE ( 'NONE', *, *, #2331, .F. ) ;
#4843 = COLOUR_RGB ( '',0.7529411764705882200, 0.7529411764705882200, 0.7529411764705882200 ) ;
#4844 = EDGE_CURVE ( 'NONE', #8067, #150, #5356, .T. ) ;
#4845 = PRESENTATION_STYLE_ASSIGNMENT (( #4404 ) ) ;
#4846 = CARTESIAN_POINT ( 'NONE',  ( -4.949999999999999300, 0.07000000000000018700, 5.137499999999999300 ) ) ;
#4847 = VECTOR ( 'NONE', #6868, 1000.000000000000000 ) ;
#4848 = DIRECTION ( 'NONE',  ( -0.0000000000000000000, 0.0000000000000000000, -1.000000000000000000 ) ) ;
#4849 = VECTOR ( 'NONE', #6335, 1000.000000000000000 ) ;
#4850 = CARTESIAN_POINT ( 'NONE',  ( 3.401000000000000200, 0.5010000000000000000, 4.588499999999999800 ) ) ;
#4851 = CARTESIAN_POINT ( 'NONE',  ( -4.949999999999999300, 2.299999999999999800, 5.187499999999999100 ) ) ;
#4852 = DIRECTION ( 'NONE',  ( -1.000000000000000000, 0.0000000000000000000, 0.0000000000000000000 ) ) ;
#4853 = LINE ( 'NONE', #9382, #5552 ) ;
#4854 = ADVANCED_FACE ( 'NONE', ( #7992 ), #3414, .F. ) ;
#4855 = MECHANICAL_DESIGN_GEOMETRIC_PRESENTATION_REPRESENTATION (  '', ( #8298 ), #6810 ) ;
#4856 = VERTEX_POINT ( 'NONE', #7862 ) ;
#4857 = COLOUR_RGB ( '',0.7529411764705882200, 0.7529411764705882200, 0.7529411764705882200 ) ;
#4858 = ORIENTED_EDGE ( 'NONE', *, *, #6313, .F. ) ;
#4859 = VECTOR ( 'NONE', #3313, 1000.000000000000000 ) ;
#4860 = CARTESIAN_POINT ( 'NONE',  ( 4.900000000000000400, 0.02000000000000000000, -8.192910874492872400E-016 ) ) ;
#4861 = EDGE_CURVE ( 'NONE', #6254, #1522, #6024, .T. ) ;
#4862 = SURFACE_STYLE_FILL_AREA ( #5631 ) ;
#4863 =( NAMED_UNIT ( * ) SI_UNIT ( $, .STERADIAN. ) SOLID_ANGLE_UNIT ( ) );
#4864 =( GEOMETRIC_REPRESENTATION_CONTEXT ( 3 ) GLOBAL_UNCERTAINTY_ASSIGNED_CONTEXT ( ( #7346 ) ) GLOBAL_UNIT_ASSIGNED_CONTEXT ( ( #7722, #9125, #4747 ) ) REPRESENTATION_CONTEXT ( 'NONE', 'WORKASPACE' ) );
#4865 = DIRECTION ( 'NONE',  ( 0.9986295347545740600, 0.05233595624294079500, -1.669731178547042200E-016 ) ) ;
#4866 =( NAMED_UNIT ( * ) SI_UNIT ( $, .STERADIAN. ) SOLID_ANGLE_UNIT ( ) );
#4867 = CARTESIAN_POINT ( 'NONE',  ( -2.200000000000000200, 0.5000000000000000000, 3.787499999999999200 ) ) ;
#4868 = ORIENTED_EDGE ( 'NONE', *, *, #606, .T. ) ;
#4869 = VERTEX_POINT ( 'NONE', #8584 ) ;
#4870 = FILL_AREA_STYLE_COLOUR ( '', #1749 ) ;
#4871 = VECTOR ( 'NONE', #2016, 1000.000000000000000 ) ;
#4872 = AXIS2_PLACEMENT_3D ( 'NONE', #3347, #1840, #9140 ) ;
#4873 = CARTESIAN_POINT ( 'NONE',  ( 4.251000000000000300, 0.5010000000000000000, 1.103499999999997500 ) ) ;
#4874 =( NAMED_UNIT ( * ) SI_UNIT ( $, .STERADIAN. ) SOLID_ANGLE_UNIT ( ) );
#4875 = EDGE_CURVE ( 'NONE', #4178, #4094, #4551, .T. ) ;
#4876 = ORIENTED_EDGE ( 'NONE', *, *, #1525, .F. ) ;
#4877 = COLOUR_RGB ( '',0.7529411764705882200, 0.7529411764705882200, 0.7529411764705882200 ) ;
#4878 = CARTESIAN_POINT ( 'NONE',  ( 0.0000000000000000000, 0.5000000000000000000, -2.297500000000003000 ) ) ;
#4879 = CARTESIAN_POINT ( 'NONE',  ( 2.598999999999999800, 0.4999999999998839800, 5.187499999999999100 ) ) ;
#4880 = FACE_OUTER_BOUND ( 'NONE', #2442, .T. ) ;
#4881 = SURFACE_STYLE_USAGE ( .BOTH. , #7149 ) ;
#4882 = VECTOR ( 'NONE', #6400, 1000.000000000000000 ) ;
#4883 = PRESENTATION_STYLE_ASSIGNMENT (( #3983 ) ) ;
#4884 = FILL_AREA_STYLE ('',( #7802 ) ) ;
#4885 =( GEOMETRIC_REPRESENTATION_CONTEXT ( 3 ) GLOBAL_UNCERTAINTY_ASSIGNED_CONTEXT ( ( #9211 ) ) GLOBAL_UNIT_ASSIGNED_CONTEXT ( ( #2642, #5545, #7707 ) ) REPRESENTATION_CONTEXT ( 'NONE', 'WORKASPACE' ) );
#4886 = VERTEX_POINT ( 'NONE', #5687 ) ;
#4887 = EDGE_LOOP ( 'NONE', ( #2337, #1207, #6376, #6413 ) ) ;
#4888 = DIRECTION ( 'NONE',  ( -0.0000000000000000000, -1.000000000000000000, -0.0000000000000000000 ) ) ;
#4889 = LINE ( 'NONE', #6942, #1170 ) ;
#4890 = EDGE_CURVE ( 'NONE', #3349, #4398, #831, .T. ) ;
#4891 = ORIENTED_EDGE ( 'NONE', *, *, #3063, .F. ) ;
#4892 = ORIENTED_EDGE ( 'NONE', *, *, #4315, .F. ) ;
#4893 = CARTESIAN_POINT ( 'NONE',  ( -4.150000000000000400, 0.5000000000000000000, -2.597500000000002800 ) ) ;
#4894 = ORIENTED_EDGE ( 'NONE', *, *, #8825, .T. ) ;
#4895 = ORIENTED_EDGE ( 'NONE', *, *, #9012, .T. ) ;
#4896 = DIRECTION ( 'NONE',  ( 1.000000000000000000, 0.0000000000000000000, -0.0000000000000000000 ) ) ;
#4897 = DIRECTION ( 'NONE',  ( -1.000000000000000000, 0.0000000000000000000, 0.0000000000000000000 ) ) ;
#4898 = CARTESIAN_POINT ( 'NONE',  ( -4.949999999999999300, 0.07000000000000018700, 5.187499999999999100 ) ) ;
#4899 = CARTESIAN_POINT ( 'NONE',  ( 0.0000000000000000000, 0.0000000000000000000, 1.102499999999997600 ) ) ;
#4900 = EDGE_LOOP ( 'NONE', ( #4459, #4965, #1864, #3658 ) ) ;
#4901 = ORIENTED_EDGE ( 'NONE', *, *, #933, .F. ) ;
#4902 = LINE ( 'NONE', #8790, #1075 ) ;
#4903 = DIRECTION ( 'NONE',  ( 0.0000000000000000000, -0.9945218953682734000, -0.1045284632676536900 ) ) ;
#4904 = DIRECTION ( 'NONE',  ( 0.0000000000000000000, 0.0000000000000000000, 1.000000000000000000 ) ) ;
#4905 = EDGE_CURVE ( 'NONE', #2620, #2481, #6359, .T. ) ;
#4906 = CARTESIAN_POINT ( 'NONE',  ( -4.601000000000000000, 0.5010000000000000000, 3.786499999999998900 ) ) ;
#4907 = CARTESIAN_POINT ( 'NONE',  ( 0.0000000000000000000, 0.02000000000000000000, 4.588499999999999800 ) ) ;
#4908 =( NAMED_UNIT ( * ) PLANE_ANGLE_UNIT ( ) SI_UNIT ( $, .RADIAN. ) );
#4909 = CARTESIAN_POINT ( 'NONE',  ( 0.0000000000000000000, 0.5000000000000000000, 0.0000000000000000000 ) ) ;
#4910 = EDGE_LOOP ( 'NONE', ( #3764, #2220, #439, #8757, #768 ) ) ;
#4911 = ORIENTED_EDGE ( 'NONE', *, *, #8313, .F. ) ;
#4912 = VECTOR ( 'NONE', #7007, 1000.000000000000200 ) ;
#4913 = VECTOR ( 'NONE', #7067, 1000.000000000000000 ) ;
#4914 = DIRECTION ( 'NONE',  ( 0.0000000000000000000, 0.0000000000000000000, -1.000000000000000000 ) ) ;
#4915 =( GEOMETRIC_REPRESENTATION_CONTEXT ( 3 ) GLOBAL_UNCERTAINTY_ASSIGNED_CONTEXT ( ( #5188 ) ) GLOBAL_UNIT_ASSIGNED_CONTEXT ( ( #7024, #2000, #2697 ) ) REPRESENTATION_CONTEXT ( 'NONE', 'WORKASPACE' ) );
#4916 = EDGE_LOOP ( 'NONE', ( #6082, #5732, #2674, #4169, #271, #235, #7457, #5678 ) ) ;
#4917 = CARTESIAN_POINT ( 'NONE',  ( 0.0000000000000000000, 2.299999999999999800, 0.0000000000000000000 ) ) ;
#4918 = DIRECTION ( 'NONE',  ( 1.000000000000000000, -0.0000000000000000000, 0.0000000000000000000 ) ) ;
#4919 = EDGE_CURVE ( 'NONE', #6254, #1523, #3650, .T. ) ;
#4920 = CARTESIAN_POINT ( 'NONE',  ( -4.731000000000000800, 0.01999999999999999700, 0.9634999999999968000 ) ) ;
#4921 = EDGE_LOOP ( 'NONE', ( #3848, #8550, #5177, #3915 ) ) ;
#4922 = VECTOR ( 'NONE', #8040, 1000.000000000000000 ) ;
#4923 = PRESENTATION_LAYER_ASSIGNMENT (  '', '', ( #9373 ) ) ;
#4924 = DIRECTION ( 'NONE',  ( -0.0000000000000000000, -0.9945218953682734000, 0.1045284632676537100 ) ) ;
#4925 = EDGE_LOOP ( 'NONE', ( #8038, #8324, #6097, #8606 ) ) ;
#4926 = DIRECTION ( 'NONE',  ( 0.0000000000000000000, 0.0000000000000000000, -1.000000000000000000 ) ) ;
#4927 = CARTESIAN_POINT ( 'NONE',  ( -4.251000000000000300, 0.5010000000000000000, -4.986500000000003000 ) ) ;
#4928 = DIRECTION ( 'NONE',  ( 1.000000000000000000, 0.0000000000000000000, -0.0000000000000000000 ) ) ;
#4929 = CARTESIAN_POINT ( 'NONE',  ( 0.5999999999999998700, 0.5000000000000000000, -5.587500000000003000 ) ) ;
#4930 = VECTOR ( 'NONE', #8519, 1000.000000000000000 ) ;
#4931 = EDGE_CURVE ( 'NONE', #956, #3719, #1053, .T. ) ;
#4932 = VERTEX_POINT ( 'NONE', #2688 ) ;
#4933 = FACE_OUTER_BOUND ( 'NONE', #3000, .T. ) ;
#4934 = PRESENTATION_STYLE_ASSIGNMENT (( #7702 ) ) ;
#4935 = FILL_AREA_STYLE_COLOUR ( '', #6223 ) ;
#4936 = ORIENTED_EDGE ( 'NONE', *, *, #3446, .F. ) ;
#4937 = VECTOR ( 'NONE', #320, 1000.000000000000000 ) ;
#4938 = CARTESIAN_POINT ( 'NONE',  ( 3.401000000000001100, 0.4999999999998839800, 5.187499999999999100 ) ) ;
#4939 = SURFACE_SIDE_STYLE ('',( #7741 ) ) ;
#4940 = AXIS2_PLACEMENT_3D ( 'NONE', #2040, #4212, #7890 ) ;
#4941 = LINE ( 'NONE', #2312, #1224 ) ;
#4942 = CARTESIAN_POINT ( 'NONE',  ( 4.809231030069395500, 2.235892249335057700, 1.189949627369976300 ) ) ;
#4943 = AXIS2_PLACEMENT_3D ( 'NONE', #4664, #4008, #9034 ) ;
#4944 = ORIENTED_EDGE ( 'NONE', *, *, #7187, .T. ) ;
#4945 = CIRCLE ( 'NONE', #8628, 0.05000000000000011400 ) ;
#4946 = VERTEX_POINT ( 'NONE', #4973 ) ;
#4947 = LINE ( 'NONE', #8053, #7229 ) ;
#4948 = EDGE_CURVE ( 'NONE', #3549, #4521, #599, .T. ) ;
#4949 = LINE ( 'NONE', #3358, #2712 ) ;
#4950 = DIRECTION ( 'NONE',  ( 1.000000000000000000, 0.0000000000000000000, -1.672022627447524300E-016 ) ) ;
#4951 = EDGE_CURVE ( 'NONE', #4798, #7538, #7052, .T. ) ;
#4952 = CARTESIAN_POINT ( 'NONE',  ( 0.0000000000000000000, 0.0000000000000000000, 5.787499999999999600 ) ) ;
#4953 = VERTEX_POINT ( 'NONE', #3448 ) ;
#4954 = UNCERTAINTY_MEASURE_WITH_UNIT (LENGTH_MEASURE( 1.000000000000000100E-005 ), #4775, 'distance_accuracy_value', 'NONE');
#4955 = AXIS2_PLACEMENT_3D ( 'NONE', #1289, #4258, #6329 ) ;
#4956 = ORIENTED_EDGE ( 'NONE', *, *, #4492, .F. ) ;
#4957 = CARTESIAN_POINT ( 'NONE',  ( -4.950000000000001100, 0.4999999999998842000, -5.187500000000000900 ) ) ;
#4958 = CARTESIAN_POINT ( 'NONE',  ( -4.731000000000000800, 0.02000000000000000000, 0.0000000000000000000 ) ) ;
#4959 = CARTESIAN_POINT ( 'NONE',  ( 1.399000000000000000, 0.5010000000000000000, 4.588499999999999800 ) ) ;
#4960 = EDGE_CURVE ( 'NONE', #6569, #2432, #5116, .T. ) ;
#4961 = FILL_AREA_STYLE ('',( #3318 ) ) ;
#4962 = DIRECTION ( 'NONE',  ( -1.000000000000000000, 0.0000000000000000000, 0.0000000000000000000 ) ) ;
#4963 = PRESENTATION_STYLE_ASSIGNMENT (( #2305 ) ) ;
#4964 = CARTESIAN_POINT ( 'NONE',  ( 0.0000000000000000000, 0.0000000000000000000, -2.597500000000002800 ) ) ;
#4965 = ORIENTED_EDGE ( 'NONE', *, *, #2459, .F. ) ;
#4966 = ADVANCED_FACE ( 'NONE', ( #2067 ), #9274, .F. ) ;
#4967 = CARTESIAN_POINT ( 'NONE',  ( 0.0000000000000000000, 0.02000000000000000000, 5.137499999999999300 ) ) ;
#4968 = DIRECTION ( 'NONE',  ( 0.0000000000000000000, 0.0000000000000000000, 1.000000000000000000 ) ) ;
#4969 = LINE ( 'NONE', #3984, #8747 ) ;
#4970 = ORIENTED_EDGE ( 'NONE', *, *, #7030, .F. ) ;
#4971 = DIRECTION ( 'NONE',  ( -1.000000000000000000, 0.0000000000000000000, 0.0000000000000000000 ) ) ;
#4972 = STYLED_ITEM ( 'NONE', ( #2082 ), #4619 ) ;
#4973 = CARTESIAN_POINT ( 'NONE',  ( 1.399999999999999900, 0.5000000000000000000, 4.587499999999999500 ) ) ;
#4974 = DIRECTION ( 'NONE',  ( 0.0000000000000000000, 0.0000000000000000000, -1.000000000000000000 ) ) ;
#4975 = EDGE_CURVE ( 'NONE', #1205, #8280, #4098, .T. ) ;
#4976 =( NAMED_UNIT ( * ) SI_UNIT ( $, .STERADIAN. ) SOLID_ANGLE_UNIT ( ) );
#4977 = ORIENTED_EDGE ( 'NONE', *, *, #6705, .F. ) ;
#4978 = LINE ( 'NONE', #2992, #7372 ) ;
#4979 = VERTEX_POINT ( 'NONE', #61 ) ;
#4980 = VECTOR ( 'NONE', #7084, 1000.000000000000000 ) ;
#4981 = CARTESIAN_POINT ( 'NONE',  ( 4.949999999999987700, 0.5000000000000000000, 1.028177747679608300 ) ) ;
#4982 = DIRECTION ( 'NONE',  ( 0.0000000000000000000, 0.0000000000000000000, -1.000000000000000000 ) ) ;
#4983 = SURFACE_STYLE_USAGE ( .BOTH. , #3602 ) ;
#4984 = STYLED_ITEM ( 'NONE', ( #7831 ), #6292 ) ;
#4985 = LINE ( 'NONE', #5331, #709 ) ;
#4986 = EDGE_LOOP ( 'NONE', ( #223, #5117, #6706, #856 ) ) ;
#4987 = ORIENTED_EDGE ( 'NONE', *, *, #648, .F. ) ;
#4988 = CARTESIAN_POINT ( 'NONE',  ( -4.850137046524543500, 0.4999999999998839800, -5.187500000000000900 ) ) ;
#4989 = EDGE_CURVE ( 'NONE', #3381, #1934, #3211, .T. ) ;
#4990 = VECTOR ( 'NONE', #4707, 1000.000000000000000 ) ;
#4991 = STYLED_ITEM ( 'NONE', ( #3382 ), #708 ) ;
#4992 =( NAMED_UNIT ( * ) SI_UNIT ( $, .STERADIAN. ) SOLID_ANGLE_UNIT ( ) );
#4993 = DIRECTION ( 'NONE',  ( 0.0000000000000000000, 0.0000000000000000000, -1.000000000000000000 ) ) ;
#4994 = VECTOR ( 'NONE', #7316, 1000.000000000000000 ) ;
#4995 = LINE ( 'NONE', #2590, #243 ) ;
#4996 = DIRECTION ( 'NONE',  ( -0.0000000000000000000, 1.000000000000000000, -0.0000000000000000000 ) ) ;
#4997 = EDGE_LOOP ( 'NONE', ( #5020, #4031, #5983, #6965 ) ) ;
#4998 = VECTOR ( 'NONE', #1012, 1000.000000000000200 ) ;
#4999 = ORIENTED_EDGE ( 'NONE', *, *, #5942, .F. ) ;
#5000 = AXIS2_PLACEMENT_3D ( 'NONE', #8902, #7397, #8192 ) ;
#5001 = CARTESIAN_POINT ( 'NONE',  ( 3.798999999999999500, 0.5010000000000000000, 5.187447592220710400 ) ) ;
#5002 = AXIS2_PLACEMENT_3D ( 'NONE', #4150, #4641, #3902 ) ;
#5003 = DIRECTION ( 'NONE',  ( -4.545650252304910700E-016, 8.673617379884049700E-015, -1.000000000000000000 ) ) ;
#5004 = DIRECTION ( 'NONE',  ( 1.000000000000000000, 0.0000000000000000000, 0.0000000000000000000 ) ) ;
#5005 = DIRECTION ( 'NONE',  ( -0.05226442768871091000, 0.9972646886342377800, -0.05226442768871090300 ) ) ;
#5006 = ORIENTED_EDGE ( 'NONE', *, *, #2835, .F. ) ;
#5007 = FACE_OUTER_BOUND ( 'NONE', #4900, .T. ) ;
#5008 = DIRECTION ( 'NONE',  ( 0.0000000000000000000, 0.0000000000000000000, 1.000000000000000000 ) ) ;
#5009 = ORIENTED_EDGE ( 'NONE', *, *, #4027, .T. ) ;
#5010 = LINE ( 'NONE', #1275, #8216 ) ;
#5011 = ORIENTED_EDGE ( 'NONE', *, *, #2754, .F. ) ;
#5012 = UNCERTAINTY_MEASURE_WITH_UNIT (LENGTH_MEASURE( 1.000000000000000100E-005 ), #2558, 'distance_accuracy_value', 'NONE');
#5013 = DIRECTION ( 'NONE',  ( -1.000000000000000000, 0.0000000000000000000, 0.0000000000000000000 ) ) ;
#5014 = AXIS2_PLACEMENT_3D ( 'NONE', #2686, #4060, #6245 ) ;
#5015 = MECHANICAL_DESIGN_GEOMETRIC_PRESENTATION_REPRESENTATION (  '', ( #7507 ), #6527 ) ;
#5016 = ORIENTED_EDGE ( 'NONE', *, *, #20, .T. ) ;
#5017 = ORIENTED_EDGE ( 'NONE', *, *, #9352, .F. ) ;
#5018 = VECTOR ( 'NONE', #6271, 1000.000000000000000 ) ;
#5019 = CARTESIAN_POINT ( 'NONE',  ( 0.0000000000000000000, 2.299999999999999800, 1.500000000000000200 ) ) ;
#5020 = ORIENTED_EDGE ( 'NONE', *, *, #429, .F. ) ;
#5021 = EDGE_LOOP ( 'NONE', ( #1104, #9069, #2189, #9203 ) ) ;
#5022 = ORIENTED_EDGE ( 'NONE', *, *, #9123, .F. ) ;
#5023 = EDGE_CURVE ( 'NONE', #513, #8563, #8547, .T. ) ;
#5024 = PRESENTATION_LAYER_ASSIGNMENT (  '', '', ( #681 ) ) ;
#5025 = CARTESIAN_POINT ( 'NONE',  ( -0.5999999999999999800, 0.5000000000000000000, -5.887500000000002800 ) ) ;
#5026 = ORIENTED_EDGE ( 'NONE', *, *, #1720, .T. ) ;
#5027 = ORIENTED_EDGE ( 'NONE', *, *, #5557, .F. ) ;
#5028 = CARTESIAN_POINT ( 'NONE',  ( -4.949999999999999300, 2.299999999999999800, 5.187499999999999100 ) ) ;
#5029 = FILL_AREA_STYLE ('',( #5762 ) ) ;
#5030 = PRESENTATION_STYLE_ASSIGNMENT (( #5820 ) ) ;
#5031 = CARTESIAN_POINT ( 'NONE',  ( -3.225000000000000500, 0.0000000000000000000, 5.557499999999999200 ) ) ;
#5032 = ORIENTED_EDGE ( 'NONE', *, *, #6381, .F. ) ;
#5033 = CARTESIAN_POINT ( 'NONE',  ( 2.600000000000000100, 0.0000000000000000000, 5.787499999999999600 ) ) ;
#5034 = CARTESIAN_POINT ( 'NONE',  ( 4.860632494094494900, 2.205233595624294100, -8.127087513832692500E-016 ) ) ;
#5035 = VERTEX_POINT ( 'NONE', #7926 ) ;
#5036 = ORIENTED_EDGE ( 'NONE', *, *, #5354, .F. ) ;
#5037 = EDGE_CURVE ( 'NONE', #5670, #5502, #2756, .T. ) ;
#5038 = VECTOR ( 'NONE', #3584, 1000.000000000000000 ) ;
#5039 = DIRECTION ( 'NONE',  ( 0.0000000000000000000, 1.000000000000000000, -0.0000000000000000000 ) ) ;
#5040 = DIRECTION ( 'NONE',  ( 0.0000000000000000000, -1.000000000000000000, 0.0000000000000000000 ) ) ;
#5041 = SURFACE_SIDE_STYLE ('',( #5174 ) ) ;
#5042 = ORIENTED_EDGE ( 'NONE', *, *, #6723, .T. ) ;
#5043 = SURFACE_STYLE_FILL_AREA ( #6461 ) ;
#5044 = DIRECTION ( 'NONE',  ( 1.000000000000000000, 0.0000000000000000000, 0.0000000000000000000 ) ) ;
#5045 = FILL_AREA_STYLE_COLOUR ( '', #2636 ) ;
#5046 = EDGE_CURVE ( 'NONE', #8616, #2645, #6709, .T. ) ;
#5047 = CARTESIAN_POINT ( 'NONE',  ( -4.810701017356765700, 2.207843220975529900, 1.187001555694302800 ) ) ;
#5048 = ADVANCED_FACE ( 'NONE', ( #2188 ), #4647, .T. ) ;
#5049 = CARTESIAN_POINT ( 'NONE',  ( 4.799999999999999800, 0.1499999999999999900, 0.0000000000000000000 ) ) ;
#5050 = ORIENTED_EDGE ( 'NONE', *, *, #6443, .F. ) ;
#5051 = COLOUR_RGB ( '',0.7529411764705882200, 0.7529411764705882200, 0.7529411764705882200 ) ;
#5052 = COLOUR_RGB ( '',0.7529411764705882200, 0.7529411764705882200, 0.7529411764705882200 ) ;
#5053 = ORIENTED_EDGE ( 'NONE', *, *, #5276, .F. ) ;
#5054 = DIRECTION ( 'NONE',  ( 0.0000000000000000000, 0.0000000000000000000, 1.000000000000000000 ) ) ;
#5055 = AXIS2_PLACEMENT_3D ( 'NONE', #5868, #7392, #8162 ) ;
#5056 = SURFACE_STYLE_USAGE ( .BOTH. , #1538 ) ;
#5057 = LINE ( 'NONE', #5790, #6657 ) ;
#5058 = ADVANCED_FACE ( 'NONE', ( #8657 ), #5099, .F. ) ;
#5059 = EDGE_CURVE ( 'NONE', #7545, #582, #1404, .T. ) ;
#5060 = DIRECTION ( 'NONE',  ( 0.0000000000000000000, 0.0000000000000000000, 1.000000000000000000 ) ) ;
#5061 = UNCERTAINTY_MEASURE_WITH_UNIT (LENGTH_MEASURE( 1.000000000000000100E-005 ), #5803, 'distance_accuracy_value', 'NONE');
#5062 = ORIENTED_EDGE ( 'NONE', *, *, #52, .T. ) ;
#5063 = VECTOR ( 'NONE', #7945, 1000.000000000000000 ) ;
#5064 = FILL_AREA_STYLE_COLOUR ( '', #4746 ) ;
#5065 = MECHANICAL_DESIGN_GEOMETRIC_PRESENTATION_REPRESENTATION (  '', ( #1803 ), #8618 ) ;
#5066 = PLANE ( 'NONE',  #7370 ) ;
#5067 = STYLED_ITEM ( 'NONE', ( #699 ), #8732 ) ;
#5068 = PRESENTATION_STYLE_ASSIGNMENT (( #3483 ) ) ;
#5069 = ORIENTED_EDGE ( 'NONE', *, *, #7129, .F. ) ;
#5070 = DIRECTION ( 'NONE',  ( -1.000000000000000000, 0.0000000000000000000, 1.672022627447524300E-016 ) ) ;
#5071 = COLOUR_RGB ( '',0.7529411764705882200, 0.7529411764705882200, 0.7529411764705882200 ) ;
#5072 = ORIENTED_EDGE ( 'NONE', *, *, #4905, .F. ) ;
#5073 = CARTESIAN_POINT ( 'NONE',  ( -4.949999999999999300, 2.299999999999999800, 5.187499999999999100 ) ) ;
#5074 = EDGE_CURVE ( 'NONE', #2637, #8199, #8214, .T. ) ;
#5075 = SURFACE_STYLE_USAGE ( .BOTH. , #4343 ) ;
#5076 = CARTESIAN_POINT ( 'NONE',  ( -4.760769540619037300, 2.299999999999999800, 7.960114395977986100E-016 ) ) ;
#5077 = DIRECTION ( 'NONE',  ( -1.672022627447524700E-016, 0.0000000000000000000, -1.000000000000000000 ) ) ;
#5078 = DIRECTION ( 'NONE',  ( -1.000000000000000000, 0.0000000000000000000, 0.0000000000000000000 ) ) ;
#5079 = FACE_OUTER_BOUND ( 'NONE', #7850, .T. ) ;
#5080 = ORIENTED_EDGE ( 'NONE', *, *, #2786, .F. ) ;
#5081 =( GEOMETRIC_REPRESENTATION_CONTEXT ( 3 ) GLOBAL_UNCERTAINTY_ASSIGNED_CONTEXT ( ( #1136 ) ) GLOBAL_UNIT_ASSIGNED_CONTEXT ( ( #7977, #1408, #9351 ) ) REPRESENTATION_CONTEXT ( 'NONE', 'WORKASPACE' ) );
#5082 = COLOUR_RGB ( '',0.7529411764705882200, 0.7529411764705882200, 0.7529411764705882200 ) ;
#5083 = FILL_AREA_STYLE_COLOUR ( '', #3600 ) ;
#5084 = DIRECTION ( 'NONE',  ( 0.5000000000000027800, 0.8660254037844370400, 0.0000000000000000000 ) ) ;
#5085 = PLANE ( 'NONE',  #3742 ) ;
#5086 = SURFACE_STYLE_FILL_AREA ( #4490 ) ;
#5087 = EDGE_CURVE ( 'NONE', #2891, #7160, #8425, .T. ) ;
#5088 = EDGE_LOOP ( 'NONE', ( #8764, #1489, #8872, #2352 ) ) ;
#5089 = FACE_OUTER_BOUND ( 'NONE', #5603, .T. ) ;
#5090 = CARTESIAN_POINT ( 'NONE',  ( 4.730000000000000400, 0.0000000000000000000, -2.297500000000003000 ) ) ;
#5091 = LINE ( 'NONE', #4512, #4400 ) ;
#5092 = ADVANCED_FACE ( 'NONE', ( #6241 ), #4331, .F. ) ;
#5093 = CARTESIAN_POINT ( 'NONE',  ( -0.1999999999999999300, 0.5000000000000000000, 5.787499999999999600 ) ) ;
#5094 = VECTOR ( 'NONE', #8982, 1000.000000000000000 ) ;
#5095 = DIRECTION ( 'NONE',  ( 0.0000000000000000000, -0.0000000000000000000, 1.000000000000000000 ) ) ;
#5096 = STYLED_ITEM ( 'NONE', ( #7996 ), #5263 ) ;
#5097 = ORIENTED_EDGE ( 'NONE', *, *, #1885, .T. ) ;
#5098 = VERTEX_POINT ( 'NONE', #86 ) ;
#5099 = PLANE ( 'NONE',  #3006 ) ;
#5100 = CARTESIAN_POINT ( 'NONE',  ( -3.138397459621556300, 0.1499999999999999900, 5.557499999999999200 ) ) ;
#5101 = VECTOR ( 'NONE', #7682, 1000.000000000000000 ) ;
#5102 = EDGE_CURVE ( 'NONE', #7438, #1205, #6932, .T. ) ;
#5103 =( LENGTH_UNIT ( ) NAMED_UNIT ( * ) SI_UNIT ( .MILLI., .METRE. ) );
#5104 = ADVANCED_FACE ( 'NONE', ( #4755 ), #2205, .T. ) ;
#5105 = VERTEX_POINT ( 'NONE', #8035 ) ;
#5106 = PLANE ( 'NONE',  #4044 ) ;
#5107 = ORIENTED_EDGE ( 'NONE', *, *, #326, .T. ) ;
#5108 = CARTESIAN_POINT ( 'NONE',  ( -2.200000000000000200, 0.0000000000000000000, 0.0000000000000000000 ) ) ;
#5109 = DIRECTION ( 'NONE',  ( -0.0000000000000000000, 1.000000000000000000, -0.0000000000000000000 ) ) ;
#5110 = LINE ( 'NONE', #1251, #598 ) ;
#5111 = DIRECTION ( 'NONE',  ( 1.672022627447524500E-016, -0.0000000000000000000, 1.000000000000000000 ) ) ;
#5112 = DIRECTION ( 'NONE',  ( 0.0000000000000000000, -1.000000000000000000, 0.0000000000000000000 ) ) ;
#5113 = CARTESIAN_POINT ( 'NONE',  ( 0.0000000000000000000, 0.0000000000000000000, 0.0000000000000000000 ) ) ;
#5114 = PLANE ( 'NONE',  #3207 ) ;
#5115 =( GEOMETRIC_REPRESENTATION_CONTEXT ( 3 ) GLOBAL_UNCERTAINTY_ASSIGNED_CONTEXT ( ( #4077 ) ) GLOBAL_UNIT_ASSIGNED_CONTEXT ( ( #4445, #1591, #8014 ) ) REPRESENTATION_CONTEXT ( 'NONE', 'WORKASPACE' ) );
#5116 = LINE ( 'NONE', #1393, #8437 ) ;
#5117 = ORIENTED_EDGE ( 'NONE', *, *, #3341, .T. ) ;
#5118 = COLOUR_RGB ( '',0.7529411764705882200, 0.7529411764705882200, 0.7529411764705882200 ) ;
#5119 = CARTESIAN_POINT ( 'NONE',  ( -4.873430283330928400, 0.4999999999998959200, -5.187500000000000900 ) ) ;
#5120 = EDGE_CURVE ( 'NONE', #3015, #2276, #9323, .T. ) ;
#5121 = UNCERTAINTY_MEASURE_WITH_UNIT (LENGTH_MEASURE( 1.000000000000000100E-005 ), #1941, 'distance_accuracy_value', 'NONE');
#5122 = ORIENTED_EDGE ( 'NONE', *, *, #8742, .T. ) ;
#5123 = FACE_OUTER_BOUND ( 'NONE', #4464, .T. ) ;
#5124 = ORIENTED_EDGE ( 'NONE', *, *, #4288, .F. ) ;
#5125 = FILL_AREA_STYLE_COLOUR ( '', #8417 ) ;
#5126 = CARTESIAN_POINT ( 'NONE',  ( -4.601000000000000000, 2.299999999999999800, 5.187499999999999100 ) ) ;
#5127 = CARTESIAN_POINT ( 'NONE',  ( -4.809327463485842300, 2.234051203774247300, -2.474756125684218300 ) ) ;
#5128 = VECTOR ( 'NONE', #1590, 1000.000000000000000 ) ;
#5129 = ORIENTED_EDGE ( 'NONE', *, *, #8068, .T. ) ;
#5130 =( GEOMETRIC_REPRESENTATION_CONTEXT ( 3 ) GLOBAL_UNCERTAINTY_ASSIGNED_CONTEXT ( ( #854 ) ) GLOBAL_UNIT_ASSIGNED_CONTEXT ( ( #2902, #5709, #4237 ) ) REPRESENTATION_CONTEXT ( 'NONE', 'WORKASPACE' ) );
#5131 = ORIENTED_EDGE ( 'NONE', *, *, #8567, .F. ) ;
#5132 = VECTOR ( 'NONE', #5249, 1000.000000000000100 ) ;
#5133 = VERTEX_POINT ( 'NONE', #5233 ) ;
#5134 = ORIENTED_EDGE ( 'NONE', *, *, #7970, .T. ) ;
#5135 = B_SPLINE_CURVE_WITH_KNOTS ( 'NONE', 3,
 ( #6153, #2594, #7663, #8396, #437, #6949, #2625, #3485, #6404, #4247 ),
 .UNSPECIFIED., .F., .F.,
 ( 4, 3, 3, 4 ),
 ( 1.088641843750299700E-005, 1.863636467038769400E-005, 3.168716058432928500E-005, 3.605009654886094200E-005 ),
 .UNSPECIFIED. ) ;
#5136 = CARTESIAN_POINT ( 'NONE',  ( 4.563793758912176200, 0.5005000000000000600, 0.9634999999999969100 ) ) ;
#5137 = CARTESIAN_POINT ( 'NONE',  ( 4.760769540619036500, 2.200000000000000200, -4.998269540619038100 ) ) ;
#5138 = CIRCLE ( 'NONE', #1891, 0.3842078256931099100 ) ;
#5139 = ORIENTED_EDGE ( 'NONE', *, *, #3789, .F. ) ;
#5140 = CLOSED_SHELL ( 'NONE', ( #3701, #7261, #7292, #5158, #3981, #2996, #4279, #8732, #6531, #8047 ) ) ;
#5141 = CIRCLE ( 'NONE', #6148, 0.04999999999999969700 ) ;
#5142 = EDGE_CURVE ( 'NONE', #6448, #8589, #3320, .T. ) ;
#5143 = CARTESIAN_POINT ( 'NONE',  ( -4.250000000000000000, 0.5000000000000000000, 0.0000000000000000000 ) ) ;
#5144 = EDGE_LOOP ( 'NONE', ( #7627, #7887, #2467, #5072 ) ) ;
#5145 = MECHANICAL_DESIGN_GEOMETRIC_PRESENTATION_REPRESENTATION (  '', ( #1764 ), #5642 ) ;
#5146 = ORIENTED_EDGE ( 'NONE', *, *, #3013, .T. ) ;
#5147 = ORIENTED_EDGE ( 'NONE', *, *, #1794, .T. ) ;
#5148 = VECTOR ( 'NONE', #3907, 1000.000000000000000 ) ;
#5149 = DIRECTION ( 'NONE',  ( 0.0000000000000000000, -1.000000000000000000, 0.0000000000000000000 ) ) ;
#5150 = FACE_OUTER_BOUND ( 'NONE', #1567, .T. ) ;
#5151 = EDGE_CURVE ( 'NONE', #1266, #4074, #7180, .T. ) ;
#5152 = FILL_AREA_STYLE_COLOUR ( '', #3760 ) ;
#5153 = SURFACE_SIDE_STYLE ('',( #5747 ) ) ;
#5154 = CARTESIAN_POINT ( 'NONE',  ( -1.000999999999999900, 0.5010000000000000000, 3.786499999999998900 ) ) ;
#5155 = ORIENTED_EDGE ( 'NONE', *, *, #6391, .F. ) ;
#5156 = DIRECTION ( 'NONE',  ( 0.0000000000000000000, 1.000000000000000000, 0.0000000000000000000 ) ) ;
#5157 = CARTESIAN_POINT ( 'NONE',  ( -4.787013338742223600, 2.255226370686282100, -2.476981725409131300 ) ) ;
#5158 = ADVANCED_FACE ( 'NONE', ( #8659 ), #8159, .F. ) ;
#5159 = DIRECTION ( 'NONE',  ( 1.000000000000000000, 0.0000000000000000000, 0.0000000000000000000 ) ) ;
#5160 = PRESENTATION_LAYER_ASSIGNMENT (  '', '', ( #2076 ) ) ;
#5161 = EDGE_LOOP ( 'NONE', ( #1428, #2781, #7306, #947, #3056, #1272 ) ) ;
#5162 = EDGE_CURVE ( 'NONE', #2530, #2361, #5245, .T. ) ;
#5163 = CARTESIAN_POINT ( 'NONE',  ( 0.0000000000000000000, 0.5000000000000000000, 3.787499999999999200 ) ) ;
#5164 = ORIENTED_EDGE ( 'NONE', *, *, #4931, .T. ) ;
#5165 = PRESENTATION_STYLE_ASSIGNMENT (( #6909 ) ) ;
#5166 = CARTESIAN_POINT ( 'NONE',  ( 4.760769540619037300, 2.255226423163382500, -2.476981730924696600 ) ) ;
#5167 = CARTESIAN_POINT ( 'NONE',  ( 0.0000000000000000000, 0.0000000000000000000, 5.787499999999999600 ) ) ;
#5168 = COLOUR_RGB ( '',0.7529411764705882200, 0.7529411764705882200, 0.7529411764705882200 ) ;
#5169 = DIRECTION ( 'NONE',  ( -1.000000000000000000, -0.0000000000000000000, 0.0000000000000000000 ) ) ;
#5170 = ORIENTED_EDGE ( 'NONE', *, *, #2950, .T. ) ;
#5171 = CARTESIAN_POINT ( 'NONE',  ( 4.730000000000000400, 0.0000000000000000000, 0.0000000000000000000 ) ) ;
#5172 = ORIENTED_EDGE ( 'NONE', *, *, #9189, .F. ) ;
#5173 = VECTOR ( 'NONE', #3919, 1000.000000000000000 ) ;
#5174 = SURFACE_STYLE_FILL_AREA ( #1420 ) ;
#5175 = DIRECTION ( 'NONE',  ( 1.000000000000000000, 0.0000000000000000000, 0.0000000000000000000 ) ) ;
#5176 = EDGE_CURVE ( 'NONE', #7763, #1517, #3111, .T. ) ;
#5177 = ORIENTED_EDGE ( 'NONE', *, *, #5120, .F. ) ;
#5178 = DIRECTION ( 'NONE',  ( 0.9945218953682734000, -0.1045284632676537100, 0.0000000000000000000 ) ) ;
#5179 = CARTESIAN_POINT ( 'NONE',  ( 2.600000000000000100, 0.5000000000000000000, 0.0000000000000000000 ) ) ;
#5180 = CARTESIAN_POINT ( 'NONE',  ( 3.138397459621557100, 0.1499999999999999900, 5.787499999999999600 ) ) ;
#5181 = STYLED_ITEM ( 'NONE', ( #5407 ), #994 ) ;
#5182 = CARTESIAN_POINT ( 'NONE',  ( -4.900000000000000400, 0.5000000000000000000, -5.887500000000002800 ) ) ;
#5183 = LINE ( 'NONE', #6996, #4366 ) ;
#5184 = SURFACE_STYLE_USAGE ( .BOTH. , #5915 ) ;
#5185 = LINE ( 'NONE', #8407, #7820 ) ;
#5186 = STYLED_ITEM ( 'NONE', ( #6612 ), #1682 ) ;
#5187 = DIRECTION ( 'NONE',  ( -1.000000000000000000, 0.0000000000000000000, -0.0000000000000000000 ) ) ;
#5188 = UNCERTAINTY_MEASURE_WITH_UNIT (LENGTH_MEASURE( 1.000000000000000100E-005 ), #7024, 'distance_accuracy_value', 'NONE');
#5189 = STYLED_ITEM ( 'NONE', ( #5030 ), #7540 ) ;
#5190 = LINE ( 'NONE', #4958, #8838 ) ;
#5191 = ORIENTED_EDGE ( 'NONE', *, *, #2824, .T. ) ;
#5192 = FACE_OUTER_BOUND ( 'NONE', #8651, .T. ) ;
#5193 = CARTESIAN_POINT ( 'NONE',  ( -4.519999999999999600, 0.5000000000000000000, 0.8574999999999989300 ) ) ;
#5194 = ORIENTED_EDGE ( 'NONE', *, *, #4905, .T. ) ;
#5195 = DIRECTION ( 'NONE',  ( 0.0000000000000000000, 0.0000000000000000000, 1.000000000000000000 ) ) ;
#5196 = DIRECTION ( 'NONE',  ( -0.0000000000000000000, 1.000000000000000000, -0.0000000000000000000 ) ) ;
#5197 = SURFACE_STYLE_FILL_AREA ( #8592 ) ;
#5198 = ORIENTED_EDGE ( 'NONE', *, *, #3183, .T. ) ;
#5199 = DIRECTION ( 'NONE',  ( 1.000000000000000000, 0.0000000000000000000, -2.168404344971021900E-015 ) ) ;
#5200 = VECTOR ( 'NONE', #1038, 1000.000000000000000 ) ;
#5201 = DIRECTION ( 'NONE',  ( -1.000000000000000000, 0.0000000000000000000, 0.0000000000000000000 ) ) ;
#5202 = AXIS2_PLACEMENT_3D ( 'NONE', #5728, #706, #4225 ) ;
#5203 =( NAMED_UNIT ( * ) PLANE_ANGLE_UNIT ( ) SI_UNIT ( $, .RADIAN. ) );
#5204 = AXIS2_PLACEMENT_3D ( 'NONE', #3067, #4401, #27 ) ;
#5205 = ORIENTED_EDGE ( 'NONE', *, *, #8204, .T. ) ;
#5206 = DIRECTION ( 'NONE',  ( 1.000000000000000000, 0.0000000000000000000, 0.0000000000000000000 ) ) ;
#5207 = LINE ( 'NONE', #7227, #8300 ) ;
#5208 = ORIENTED_EDGE ( 'NONE', *, *, #9065, .T. ) ;
#5209 = ADVANCED_FACE ( 'NONE', ( #6016 ), #7357, .F. ) ;
#5210 = EDGE_CURVE ( 'NONE', #4572, #5311, #3098, .T. ) ;
#5211 = FACE_OUTER_BOUND ( 'NONE', #8233, .T. ) ;
#5212 = CARTESIAN_POINT ( 'NONE',  ( 4.601000000000000000, 0.5010000000000000000, 5.187447592220710400 ) ) ;
#5213 = AXIS2_PLACEMENT_3D ( 'NONE', #8919, #1727, #7477 ) ;
#5214 = SURFACE_STYLE_FILL_AREA ( #1124 ) ;
#5215 = CARTESIAN_POINT ( 'NONE',  ( -4.519999999999999600, 0.5000000000000000000, -2.142499999999999600 ) ) ;
#5216 = DIRECTION ( 'NONE',  ( -1.000000000000000000, -0.0000000000000000000, 0.0000000000000000000 ) ) ;
#5217 = FILL_AREA_STYLE ('',( #218 ) ) ;
#5218 = DIRECTION ( 'NONE',  ( -1.000000000000000000, 0.0000000000000000000, -0.0000000000000000000 ) ) ;
#5219 = PRESENTATION_STYLE_ASSIGNMENT (( #5710 ) ) ;
#5220 = ORIENTED_EDGE ( 'NONE', *, *, #6212, .T. ) ;
#5221 = CIRCLE ( 'NONE', #3220, 0.1000000000000002600 ) ;
#5222 = ORIENTED_EDGE ( 'NONE', *, *, #8666, .F. ) ;
#5223 =( LENGTH_UNIT ( ) NAMED_UNIT ( * ) SI_UNIT ( .MILLI., .METRE. ) );
#5224 = SURFACE_SIDE_STYLE ('',( #8176 ) ) ;
#5225 = DIRECTION ( 'NONE',  ( 0.0000000000000000000, -1.000000000000000000, 0.0000000000000000000 ) ) ;
#5226 = EDGE_CURVE ( 'NONE', #1226, #4856, #4538, .T. ) ;
#5227 = CARTESIAN_POINT ( 'NONE',  ( 0.7383974596215552300, 0.1499999999999999900, 0.0000000000000000000 ) ) ;
#5228 = ORIENTED_EDGE ( 'NONE', *, *, #6892, .T. ) ;
#5229 = CARTESIAN_POINT ( 'NONE',  ( 4.150999999999999800, 0.5010000000000000000, -2.598500000000003100 ) ) ;
#5230 = CARTESIAN_POINT ( 'NONE',  ( 1.397756350946104200, -0.3069950054802494900, 5.787499999999999600 ) ) ;
#5231 = PRESENTATION_STYLE_ASSIGNMENT (( #6279 ) ) ;
#5232 = AXIS2_PLACEMENT_3D ( 'NONE', #6312, #6369, #7828 ) ;
#5233 = CARTESIAN_POINT ( 'NONE',  ( -2.201000000000000100, 0.01999999999999999700, 3.786499999999998900 ) ) ;
#5234 = VECTOR ( 'NONE', #9063, 1000.000000000000000 ) ;
#5235 = LINE ( 'NONE', #6318, #4757 ) ;
#5236 =( NAMED_UNIT ( * ) SI_UNIT ( $, .STERADIAN. ) SOLID_ANGLE_UNIT ( ) );
#5237 = ORIENTED_EDGE ( 'NONE', *, *, #1335, .T. ) ;
#5238 = LINE ( 'NONE', #6028, #4998 ) ;
#5239 = ORIENTED_EDGE ( 'NONE', *, *, #4433, .F. ) ;
#5240 = EDGE_CURVE ( 'NONE', #2530, #2020, #3869, .T. ) ;
#5241 = CARTESIAN_POINT ( 'NONE',  ( 4.251000000000000300, 0.5010000000000000000, 0.9634999999999968000 ) ) ;
#5242 = CIRCLE ( 'NONE', #9059, 0.04999999999999969700 ) ;
#5243 = ORIENTED_EDGE ( 'NONE', *, *, #4564, .T. ) ;
#5244 = VECTOR ( 'NONE', #7916, 1000.000000000000000 ) ;
#5245 = LINE ( 'NONE', #3040, #1159 ) ;
#5246 = CARTESIAN_POINT ( 'NONE',  ( 4.813257048013643800, 2.299999999999999800, -2.526707820177547200 ) ) ;
#5247 = ORIENTED_EDGE ( 'NONE', *, *, #544, .F. ) ;
#5248 = LINE ( 'NONE', #2215, #4773 ) ;
#5249 = DIRECTION ( 'NONE',  ( 0.5000000000000055500, -0.8660254037844353800, 0.0000000000000000000 ) ) ;
#5250 =( LENGTH_UNIT ( ) NAMED_UNIT ( * ) SI_UNIT ( .MILLI., .METRE. ) );
#5251 = CARTESIAN_POINT ( 'NONE',  ( -4.670000000000000800, 0.5010000000000000000, -2.292605104235265800 ) ) ;
#5252 = STYLED_ITEM ( 'NONE', ( #3049 ), #6747 ) ;
#5253 = SURFACE_STYLE_USAGE ( .BOTH. , #8879 ) ;
#5254 = EDGE_CURVE ( 'NONE', #8406, #1818, #6027, .T. ) ;
#5255 = VERTEX_POINT ( 'NONE', #7729 ) ;
#5256 = CARTESIAN_POINT ( 'NONE',  ( 0.0000000000000000000, 0.0000000000000000000, 4.587499999999999500 ) ) ;
#5257 = PLANE ( 'NONE',  #9101 ) ;
#5258 = DIRECTION ( 'NONE',  ( 0.0000000000000000000, -1.000000000000000000, 0.0000000000000000000 ) ) ;
#5259 = CARTESIAN_POINT ( 'NONE',  ( 4.730000000000000400, 0.5000000000000000000, -2.297500000000003000 ) ) ;
#5260 = CARTESIAN_POINT ( 'NONE',  ( -2.201000000000000100, 0.02000000000000018100, 5.137499999999999300 ) ) ;
#5261 = VERTEX_POINT ( 'NONE', #5484 ) ;
#5262 = CARTESIAN_POINT ( 'NONE',  ( -4.251000000000000300, 0.01999999999999999700, -2.598500000000003100 ) ) ;
#5263 = ADVANCED_FACE ( 'NONE', ( #8226 ), #6190, .T. ) ;
#5264 = CARTESIAN_POINT ( 'NONE',  ( -0.5999999999999999800, 0.5000000000000000000, -5.587500000000003000 ) ) ;
#5265 = CARTESIAN_POINT ( 'NONE',  ( -2.598999999999999800, 0.5010000000000000000, 3.786499999999998900 ) ) ;
#5266 = STYLED_ITEM ( 'NONE', ( #2745 ), #8002 ) ;
#5267 = EDGE_LOOP ( 'NONE', ( #4384, #3734, #5381, #6013 ) ) ;
#5268 = ORIENTED_EDGE ( 'NONE', *, *, #7226, .F. ) ;
#5269 =( LENGTH_UNIT ( ) NAMED_UNIT ( * ) SI_UNIT ( .MILLI., .METRE. ) );
#5270 = LINE ( 'NONE', #6357, #8246 ) ;
#5271 = CARTESIAN_POINT ( 'NONE',  ( -4.670000000000000800, 2.299999999999999800, -2.526707825693110400 ) ) ;
#5272 = ORIENTED_EDGE ( 'NONE', *, *, #33, .T. ) ;
#5273 = CARTESIAN_POINT ( 'NONE',  ( -4.599999999999999600, 0.5000000000000000000, 0.0000000000000000000 ) ) ;
#5274 = FILL_AREA_STYLE_COLOUR ( '', #5052 ) ;
#5275 = ORIENTED_EDGE ( 'NONE', *, *, #5942, .T. ) ;
#5276 = EDGE_CURVE ( 'NONE', #8552, #3216, #373, .T. ) ;
#5277 = VERTEX_POINT ( 'NONE', #4722 ) ;
#5278 = ADVANCED_FACE ( 'NONE', ( #4314 ), #6990, .T. ) ;
#5279 = LINE ( 'NONE', #4471, #8254 ) ;
#5280 = CARTESIAN_POINT ( 'NONE',  ( 4.949999999999999300, 0.07000000000000056200, -5.173398757011786300 ) ) ;
#5281 = STYLED_ITEM ( 'NONE', ( #7010 ), #4058 ) ;
#5282 = LINE ( 'NONE', #8412, #294 ) ;
#5283 = CARTESIAN_POINT ( 'NONE',  ( 1.399999999999999900, 0.5000000000000000000, 5.787499999999999600 ) ) ;
#5284 = SURFACE_STYLE_USAGE ( .BOTH. , #984 ) ;
#5285 = FILL_AREA_STYLE_COLOUR ( '', #6722 ) ;
#5286 =( NAMED_UNIT ( * ) PLANE_ANGLE_UNIT ( ) SI_UNIT ( $, .RADIAN. ) );
#5287 = DIRECTION ( 'NONE',  ( 0.0000000000000000000, 0.0000000000000000000, -1.000000000000000000 ) ) ;
#5288 = VERTEX_POINT ( 'NONE', #2632 ) ;
#5289 = EDGE_CURVE ( 'NONE', #3269, #2552, #1055, .T. ) ;
#5290 =( NAMED_UNIT ( * ) PLANE_ANGLE_UNIT ( ) SI_UNIT ( $, .RADIAN. ) );
#5291 = VECTOR ( 'NONE', #5401, 1000.000000000000000 ) ;
#5292 = CARTESIAN_POINT ( 'NONE',  ( -0.1989999999999999300, 0.5010000000000000000, 3.786499999999998900 ) ) ;
#5293 = VERTEX_POINT ( 'NONE', #6160 ) ;
#5294 = PRESENTATION_STYLE_ASSIGNMENT (( #546 ) ) ;
#5295 = DIRECTION ( 'NONE',  ( 1.000000000000000000, -0.0000000000000000000, 0.0000000000000000000 ) ) ;
#5296 = VERTEX_POINT ( 'NONE', #1894 ) ;
#5297 = MECHANICAL_DESIGN_GEOMETRIC_PRESENTATION_REPRESENTATION (  '', ( #4972 ), #9245 ) ;
#5298 = DIRECTION ( 'NONE',  ( 0.0000000000000000000, 0.0000000000000000000, -1.000000000000000000 ) ) ;
#5299 = ORIENTED_EDGE ( 'NONE', *, *, #9108, .T. ) ;
#5300 = EDGE_CURVE ( 'NONE', #2645, #1698, #8111, .T. ) ;
#5301 = CARTESIAN_POINT ( 'NONE',  ( 4.670000000000001700, 0.5000000000000000000, 0.8574999999999997100 ) ) ;
#5302 = EDGE_LOOP ( 'NONE', ( #2181, #503, #1639, #8881 ) ) ;
#5303 = LINE ( 'NONE', #9257, #4823 ) ;
#5304 = CARTESIAN_POINT ( 'NONE',  ( 0.1999999999999999300, 0.5000000000000000000, 0.0000000000000000000 ) ) ;
#5305 = SURFACE_STYLE_FILL_AREA ( #7896 ) ;
#5306 = ORIENTED_EDGE ( 'NONE', *, *, #4500, .T. ) ;
#5307 = SURFACE_STYLE_USAGE ( .BOTH. , #3141 ) ;
#5308 = PRESENTATION_LAYER_ASSIGNMENT (  '', '', ( #6081 ) ) ;
#5309 = ADVANCED_FACE ( 'NONE', ( #3438 ), #6132, .T. ) ;
#5310 = LINE ( 'NONE', #5959, #7126 ) ;
#5311 = VERTEX_POINT ( 'NONE', #2539 ) ;
#5312 = EDGE_CURVE ( 'NONE', #7567, #201, #9215, .T. ) ;
#5313 = DIRECTION ( 'NONE',  ( 1.000000000000000000, 0.0000000000000000000, -0.0000000000000000000 ) ) ;
#5314 = SURFACE_SIDE_STYLE ('',( #2952 ) ) ;
#5315 = UNCERTAINTY_MEASURE_WITH_UNIT (LENGTH_MEASURE( 1.000000000000000100E-005 ), #2396, 'distance_accuracy_value', 'NONE');
#5316 = FACE_OUTER_BOUND ( 'NONE', #5363, .T. ) ;
#5317 = AXIS2_PLACEMENT_3D ( 'NONE', #491, #1227, #554 ) ;
#5318 = ORIENTED_EDGE ( 'NONE', *, *, #4611, .T. ) ;
#5319 = CARTESIAN_POINT ( 'NONE',  ( 4.760769540619036500, 2.200000000000000200, -4.998269540619038100 ) ) ;
#5320 =( GEOMETRIC_REPRESENTATION_CONTEXT ( 3 ) GLOBAL_UNCERTAINTY_ASSIGNED_CONTEXT ( ( #2466 ) ) GLOBAL_UNIT_ASSIGNED_CONTEXT ( ( #3305, #9158, #4817 ) ) REPRESENTATION_CONTEXT ( 'NONE', 'WORKASPACE' ) );
#5321 = DIRECTION ( 'NONE',  ( 0.0000000000000000000, 0.0000000000000000000, 1.000000000000000000 ) ) ;
#5322 = ADVANCED_FACE ( 'NONE', ( #262 ), #1111, .F. ) ;
#5323 = VECTOR ( 'NONE', #5847, 1000.000000000000000 ) ;
#5324 = ORIENTED_EDGE ( 'NONE', *, *, #442, .F. ) ;
#5325 = DIRECTION ( 'NONE',  ( 0.0000000000000000000, 0.0000000000000000000, 1.000000000000000000 ) ) ;
#5326 = LINE ( 'NONE', #7122, #1483 ) ;
#5327 = SURFACE_SIDE_STYLE ('',( #8083 ) ) ;
#5328 = LINE ( 'NONE', #8362, #8521 ) ;
#5329 = EDGE_CURVE ( 'NONE', #3216, #5827, #2191, .T. ) ;
#5330 = FACE_OUTER_BOUND ( 'NONE', #929, .T. ) ;
#5331 = CARTESIAN_POINT ( 'NONE',  ( 4.250000000000000000, 0.5000000000000000000, 0.9624999999999968000 ) ) ;
#5332 = EDGE_LOOP ( 'NONE', ( #8661, #8500, #358, #2401, #4669 ) ) ;
#5333 = VERTEX_POINT ( 'NONE', #6261 ) ;
#5334 = AXIS2_PLACEMENT_3D ( 'NONE', #3286, #1842, #4735 ) ;
#5335 = CARTESIAN_POINT ( 'NONE',  ( 4.251000000000000300, 0.01999999999999999700, -2.598500000000003100 ) ) ;
#5336 = STYLED_ITEM ( 'NONE', ( #6540 ), #3171 ) ;
#5337 =( LENGTH_UNIT ( ) NAMED_UNIT ( * ) SI_UNIT ( .MILLI., .METRE. ) );
#5338 = PLANE ( 'NONE',  #2664 ) ;
#5339 = EDGE_CURVE ( 'NONE', #1622, #9366, #5805, .T. ) ;
#5340 = VERTEX_POINT ( 'NONE', #3273 ) ;
#5341 = VERTEX_POINT ( 'NONE', #9341 ) ;
#5342 = CARTESIAN_POINT ( 'NONE',  ( 4.742812232984607400, 2.547879437140439900, -5.080175186460066600 ) ) ;
#5343 = CARTESIAN_POINT ( 'NONE',  ( 0.1999999999999999300, 0.5000000000000000000, 3.787499999999999200 ) ) ;
#5344 = CARTESIAN_POINT ( 'NONE',  ( -4.900000000000000400, 0.5000000000000000000, 0.0000000000000000000 ) ) ;
#5345 = VECTOR ( 'NONE', #1961, 1000.000000000000000 ) ;
#5346 = CIRCLE ( 'NONE', #9071, 0.1000000000000002600 ) ;
#5347 = CARTESIAN_POINT ( 'NONE',  ( 0.0000000000000000000, 0.5000000000000000000, -2.597500000000002800 ) ) ;
#5348 =( GEOMETRIC_REPRESENTATION_CONTEXT ( 3 ) GLOBAL_UNCERTAINTY_ASSIGNED_CONTEXT ( ( #6000 ) ) GLOBAL_UNIT_ASSIGNED_CONTEXT ( ( #6645, #4349, #8022 ) ) REPRESENTATION_CONTEXT ( 'NONE', 'WORKASPACE' ) );
#5349 = ORIENTED_EDGE ( 'NONE', *, *, #2055, .F. ) ;
#5350 = LINE ( 'NONE', #3411, #8765 ) ;
#5351 = CARTESIAN_POINT ( 'NONE',  ( 0.0000000000000000000, 0.5010000000000001100, -5.187447592220712200 ) ) ;
#5352 = DIRECTION ( 'NONE',  ( -1.000000000000000000, 0.0000000000000000000, 0.0000000000000000000 ) ) ;
#5353 = LINE ( 'NONE', #6830, #7987 ) ;
#5354 = EDGE_CURVE ( 'NONE', #3360, #5827, #7506, .T. ) ;
#5355 = ADVANCED_FACE ( 'NONE', ( #7868 ), #7771, .F. ) ;
#5356 = LINE ( 'NONE', #631, #41 ) ;
#5357 = EDGE_LOOP ( 'NONE', ( #3393, #9015, #2829, #5239 ) ) ;
#5359 = FACE_OUTER_BOUND ( 'NONE', #1654, .T. ) ;
#5358 = CARTESIAN_POINT ( 'NONE',  ( 1.000999999999999900, 0.5010000000000000000, 4.588499999999999800 ) ) ;
#5360 = COLOUR_RGB ( '',0.7529411764705882200, 0.7529411764705882200, 0.7529411764705882200 ) ;
#5361 = ORIENTED_EDGE ( 'NONE', *, *, #763, .F. ) ;
#5362 = LINE ( 'NONE', #6116, #8882 ) ;
#5363 = EDGE_LOOP ( 'NONE', ( #7420, #1368, #5022 ) ) ;
#5364 = DIRECTION ( 'NONE',  ( 0.0000000000000000000, -0.0000000000000000000, -1.000000000000000000 ) ) ;
#5365 = DIRECTION ( 'NONE',  ( 1.000000000000000000, 0.0000000000000000000, 0.0000000000000000000 ) ) ;
#5367 = VECTOR ( 'NONE', #4805, 1000.000000000000000 ) ;
#5366 = CARTESIAN_POINT ( 'NONE',  ( 4.760769540619038200, 2.205233595624294100, 5.098132494094493900 ) ) ;
#5368 = VERTEX_POINT ( 'NONE', #7120 ) ;
#5369 = VECTOR ( 'NONE', #1931, 1000.000000000000100 ) ;
#5370 = CARTESIAN_POINT ( 'NONE',  ( -1.399000000000000000, 0.5010000000000000000, 3.786499999999998900 ) ) ;
#5371 = EDGE_CURVE ( 'NONE', #1320, #3138, #6823, .T. ) ;
#5372 = UNCERTAINTY_MEASURE_WITH_UNIT (LENGTH_MEASURE( 1.000000000000000100E-005 ), #8601, 'distance_accuracy_value', 'NONE');
#5373 = VERTEX_POINT ( 'NONE', #9316 ) ;
#5374 = ORIENTED_EDGE ( 'NONE', *, *, #585, .F. ) ;
#5375 =( NAMED_UNIT ( * ) PLANE_ANGLE_UNIT ( ) SI_UNIT ( $, .RADIAN. ) );
#5376 =( GEOMETRIC_REPRESENTATION_CONTEXT ( 3 ) GLOBAL_UNCERTAINTY_ASSIGNED_CONTEXT ( ( #1778 ) ) GLOBAL_UNIT_ASSIGNED_CONTEXT ( ( #4219, #2818, #4976 ) ) REPRESENTATION_CONTEXT ( 'NONE', 'WORKASPACE' ) );
#5377 = CARTESIAN_POINT ( 'NONE',  ( -4.061602540378443000, 0.1499999999999999900, 0.0000000000000000000 ) ) ;
#5378 = LINE ( 'NONE', #4453, #5937 ) ;
#5379 = DIRECTION ( 'NONE',  ( 0.0000000000000000000, -1.000000000000000000, 0.0000000000000000000 ) ) ;
#5380 = ORIENTED_EDGE ( 'NONE', *, *, #8289, .T. ) ;
#5381 = ORIENTED_EDGE ( 'NONE', *, *, #4975, .T. ) ;
#5382 = VECTOR ( 'NONE', #5957, 1000.000000000000000 ) ;
#5383 = ORIENTED_EDGE ( 'NONE', *, *, #3613, .F. ) ;
#5384 = CARTESIAN_POINT ( 'NONE',  ( -4.150000000000000400, 0.5000000000000000000, 0.0000000000000000000 ) ) ;
#5385 = EDGE_CURVE ( 'NONE', #2501, #8248, #8217, .T. ) ;
#5386 = CLOSED_SHELL ( 'NONE', ( #2985, #4966, #3688, #8059, #2477, #3047, #8700, #459, #8931, #4666, #8840, #2616, #3967, #5501, #228, #81, #1755, #3876, #5408, #4159, #813, #8475, #3368, #2166, #2230, #962, #3645, #1472, #6862, #7302, #1296, #8361, #4435, #1417, #4028, #3422, #8194, #9067, #3142, #8422, #8100, #8154, #6567, #7447, #94, #3232, #2463, #5921, #6192, #1243, #8886, #4371, #4547, #2839, #1621, #1670, #327, #2800, #5048, #3275, #9172, #5696, #1711, #1939, #6728, #5309, #5819, #2085, #8784, #2650, #3845, #5649, #3474, #7791, #759, #904, #1039, #857, #3793, #9314, #6099, #7635, #5453, #4754, #8319, #4489, #9302, #3319, #384, #5979, #6958, #5539, #4381, #1569, #4720, #5092, #4528, #2810, #2762, #2417, #1518, #7247, #6632, #2505, #2372, #1893, #7804, #9114, #4327, #277, #8508, #7747, #2936, #3923, #2711, #6901, #7936, #2277, #5104, #7072, #7584, #622, #1884, #7696, #3590, #6010, #8238, #5872, #7203, #4774, #1465, #4195, #3746, #2221, #5322, #240, #3634 ) ) ;
#5387 = SURFACE_SIDE_STYLE ('',( #2091 ) ) ;
#5388 = ORIENTED_EDGE ( 'NONE', *, *, #7086, .T. ) ;
#5389 = EDGE_LOOP ( 'NONE', ( #3229, #2971, #8366, #7450, #9149, #8323, #215, #3226 ) ) ;
#5390 = LINE ( 'NONE', #1009, #4912 ) ;
#5391 = DIRECTION ( 'NONE',  ( -0.0000000000000000000, -1.000000000000000000, -0.0000000000000000000 ) ) ;
#5392 = CARTESIAN_POINT ( 'NONE',  ( 0.0000000000000000000, 0.5000000000000000000, 1.102499999999997600 ) ) ;
#5393 = AXIS2_PLACEMENT_3D ( 'NONE', #7335, #8073, #5175 ) ;
#5394 = AXIS2_PLACEMENT_3D ( 'NONE', #1218, #7001, #2678 ) ;
#5395 = CARTESIAN_POINT ( 'NONE',  ( 2.200999999999999600, 0.02000000000000018100, 5.137499999999998400 ) ) ;
#5396 = CARTESIAN_POINT ( 'NONE',  ( -4.760769540619038200, 2.205233595624294100, -5.098132494094495600 ) ) ;
#5397 = ORIENTED_EDGE ( 'NONE', *, *, #1371, .T. ) ;
#5398 = COLOUR_RGB ( '',0.7529411764705882200, 0.7529411764705882200, 0.7529411764705882200 ) ;
#5399 = CARTESIAN_POINT ( 'NONE',  ( 0.0000000000000000000, 0.0000000000000000000, -5.587500000000003000 ) ) ;
#5400 = VECTOR ( 'NONE', #5941, 1000.000000000000000 ) ;
#5401 = DIRECTION ( 'NONE',  ( 0.0000000000000000000, -1.000000000000000000, 0.0000000000000000000 ) ) ;
#5402 = EDGE_CURVE ( 'NONE', #1721, #1765, #6244, .T. ) ;
#5403 = CARTESIAN_POINT ( 'NONE',  ( 4.949999999999999300, 0.06516941566556573600, -5.173961638625415900 ) ) ;
#5404 = CARTESIAN_POINT ( 'NONE',  ( 4.601000000000000000, 0.5010000000000000000, 3.786499999999998900 ) ) ;
#5405 = DIRECTION ( 'NONE',  ( 0.0000000000000000000, -1.000000000000000000, 0.0000000000000000000 ) ) ;
#5406 = ORIENTED_EDGE ( 'NONE', *, *, #4600, .T. ) ;
#5407 = PRESENTATION_STYLE_ASSIGNMENT (( #9154 ) ) ;
#5408 = ADVANCED_FACE ( 'NONE', ( #7391 ), #4226, .F. ) ;
#5409 = VECTOR ( 'NONE', #2012, 1000.000000000000000 ) ;
#5410 = DIRECTION ( 'NONE',  ( -1.000000000000000000, 0.0000000000000000000, 0.0000000000000000000 ) ) ;
#5411 = ORIENTED_EDGE ( 'NONE', *, *, #8878, .T. ) ;
#5412 = VECTOR ( 'NONE', #5540, 1000.000000000000000 ) ;
#5413 = CARTESIAN_POINT ( 'NONE',  ( -4.250000000000000000, 0.5000000000000000000, 0.0000000000000000000 ) ) ;
#5414 = EDGE_CURVE ( 'NONE', #4748, #4365, #1735, .T. ) ;
#5415 = ORIENTED_EDGE ( 'NONE', *, *, #7843, .F. ) ;
#5416 = VECTOR ( 'NONE', #1047, 1000.000000000000000 ) ;
#5417 = CARTESIAN_POINT ( 'NONE',  ( -4.760769540619037300, 2.299999999999999800, 7.960114395977986100E-016 ) ) ;
#5418 = PRESENTATION_STYLE_ASSIGNMENT (( #7238 ) ) ;
#5419 = EDGE_LOOP ( 'NONE', ( #7700, #4313, #3637, #7651 ) ) ;
#5420 = LINE ( 'NONE', #5193, #7813 ) ;
#5421 =( GEOMETRIC_REPRESENTATION_CONTEXT ( 3 ) GLOBAL_UNCERTAINTY_ASSIGNED_CONTEXT ( ( #6991 ) ) GLOBAL_UNIT_ASSIGNED_CONTEXT ( ( #1419, #5837, #2139 ) ) REPRESENTATION_CONTEXT ( 'NONE', 'WORKASPACE' ) );
#5422 =( LENGTH_UNIT ( ) NAMED_UNIT ( * ) SI_UNIT ( .MILLI., .METRE. ) );
#5423 = ORIENTED_EDGE ( 'NONE', *, *, #1090, .T. ) ;
#5424 = UNCERTAINTY_MEASURE_WITH_UNIT (LENGTH_MEASURE( 1.000000000000000100E-005 ), #8734, 'distance_accuracy_value', 'NONE');
#5425 = LINE ( 'NONE', #2496, #4713 ) ;
#5426 = EDGE_CURVE ( 'NONE', #273, #4946, #9100, .T. ) ;
#5427 = DIRECTION ( 'NONE',  ( 0.0000000000000000000, -0.9945218953682734000, -0.1045284632676537100 ) ) ;
#5428 = FILL_AREA_STYLE ('',( #9041 ) ) ;
#5429 = ORIENTED_EDGE ( 'NONE', *, *, #1839, .T. ) ;
#5430 = VECTOR ( 'NONE', #7480, 1000.000000000000000 ) ;
#5431 = EDGE_LOOP ( 'NONE', ( #1204, #6433, #8525, #5147 ) ) ;
#5432 = DIRECTION ( 'NONE',  ( 0.0000000000000000000, 1.000000000000000000, -0.0000000000000000000 ) ) ;
#5433 = VECTOR ( 'NONE', #3328, 1000.000000000000000 ) ;
#5434 = CARTESIAN_POINT ( 'NONE',  ( -4.849999999999999600, 0.07000000000000018700, 5.087499999999999500 ) ) ;
#5435 = UNCERTAINTY_MEASURE_WITH_UNIT (LENGTH_MEASURE( 1.000000000000000100E-005 ), #8647, 'distance_accuracy_value', 'NONE');
#5436 = AXIS2_PLACEMENT_3D ( 'NONE', #5358, #5298, #8948 ) ;
#5437 = FACE_OUTER_BOUND ( 'NONE', #490, .T. ) ;
#5438 = ORIENTED_EDGE ( 'NONE', *, *, #8365, .T. ) ;
#5439 = CARTESIAN_POINT ( 'NONE',  ( 4.251000000000000300, 0.5010000000000000000, 1.103499999999997500 ) ) ;
#5440 = EDGE_CURVE ( 'NONE', #6672, #3196, #9326, .T. ) ;
#5441 = CYLINDRICAL_SURFACE ( 'NONE', #9046, 0.1000000000000002600 ) ;
#5442 = DIRECTION ( 'NONE',  ( 0.0000000000000000000, 0.0000000000000000000, 1.000000000000000000 ) ) ;
#5443 = DIRECTION ( 'NONE',  ( 0.0000000000000000000, 0.0000000000000000000, -1.000000000000000000 ) ) ;
#5444 = ORIENTED_EDGE ( 'NONE', *, *, #4674, .T. ) ;
#5445 = VECTOR ( 'NONE', #4794, 1000.000000000000000 ) ;
#5446 = ORIENTED_EDGE ( 'NONE', *, *, #8780, .T. ) ;
#5447 = VECTOR ( 'NONE', #8043, 1000.000000000000000 ) ;
#5448 = DIRECTION ( 'NONE',  ( -0.0000000000000000000, -1.000000000000000000, -0.0000000000000000000 ) ) ;
#5449 = SURFACE_STYLE_FILL_AREA ( #6740 ) ;
#5450 = AXIS2_PLACEMENT_3D ( 'NONE', #323, #1024, #6837 ) ;
#5451 = CARTESIAN_POINT ( 'NONE',  ( 1.574999999999999100, 0.0000000000000000000, 5.557499999999999200 ) ) ;
#5452 = SURFACE_STYLE_FILL_AREA ( #8495 ) ;
#5453 = ADVANCED_FACE ( 'NONE', ( #477 ), #7734, .T. ) ;
#5454 = ORIENTED_EDGE ( 'NONE', *, *, #9024, .T. ) ;
#5455 = LINE ( 'NONE', #8057, #7151 ) ;
#5456 = EDGE_CURVE ( 'NONE', #1517, #1422, #7168, .T. ) ;
#5457 = LINE ( 'NONE', #3209, #7155 ) ;
#5458 = EDGE_CURVE ( 'NONE', #3515, #1757, #5472, .T. ) ;
#5459 = AXIS2_PLACEMENT_3D ( 'NONE', #1813, #7323, #7549 ) ;
#5460 = STYLED_ITEM ( 'NONE', ( #438 ), #9344 ) ;
#5461 = ORIENTED_EDGE ( 'NONE', *, *, #4013, .T. ) ;
#5462 = FACE_OUTER_BOUND ( 'NONE', #752, .T. ) ;
#5463 = ORIENTED_EDGE ( 'NONE', *, *, #6816, .F. ) ;
#5464 = CARTESIAN_POINT ( 'NONE',  ( 4.949271902072315900, 0.06038817980851157700, -5.175418276414937700 ) ) ;
#5465 = CARTESIAN_POINT ( 'NONE',  ( 0.0000000000000000000, 0.0000000000000000000, 0.0000000000000000000 ) ) ;
#5466 = FACE_OUTER_BOUND ( 'NONE', #6286, .T. ) ;
#5467 = DIRECTION ( 'NONE',  ( -0.0000000000000000000, -1.000000000000000000, -0.0000000000000000000 ) ) ;
#5468 = VECTOR ( 'NONE', #6690, 1000.000000000000000 ) ;
#5469 = EDGE_CURVE ( 'NONE', #8807, #3906, #5235, .T. ) ;
#5470 = DIRECTION ( 'NONE',  ( -1.000000000000000000, 0.0000000000000000000, 0.0000000000000000000 ) ) ;
#5471 = VECTOR ( 'NONE', #8760, 1000.000000000000000 ) ;
#5472 = LINE ( 'NONE', #4952, #5796 ) ;
#5473 = CARTESIAN_POINT ( 'NONE',  ( -4.760769540619036500, 2.200000000000000200, 4.998269540619036300 ) ) ;
#5474 = SURFACE_SIDE_STYLE ('',( #1161 ) ) ;
#5475 = ORIENTED_EDGE ( 'NONE', *, *, #5673, .T. ) ;
#5476 = LINE ( 'NONE', #1714, #1165 ) ;
#5477 = ORIENTED_EDGE ( 'NONE', *, *, #4467, .T. ) ;
#5478 = CARTESIAN_POINT ( 'NONE',  ( 0.0000000000000000000, 0.5000000000000000000, -5.237500000000000700 ) ) ;
#5479 = SURFACE_SIDE_STYLE ('',( #3039 ) ) ;
#5480 = PRESENTATION_LAYER_ASSIGNMENT (  '', '', ( #5760 ) ) ;
#5481 = ORIENTED_EDGE ( 'NONE', *, *, #4793, .T. ) ;
#5482 = EDGE_LOOP ( 'NONE', ( #8826, #8788, #9337, #3745 ) ) ;
#5483 = FILL_AREA_STYLE ('',( #6955 ) ) ;
#5484 = CARTESIAN_POINT ( 'NONE',  ( -1.000999999999999900, 0.5010000000000000000, 3.786499999999998900 ) ) ;
#5485 = EDGE_CURVE ( 'NONE', #4979, #8280, #8537, .T. ) ;
#5486 = VECTOR ( 'NONE', #193, 1000.000000000000000 ) ;
#5487 = ORIENTED_EDGE ( 'NONE', *, *, #5821, .T. ) ;
#5488 = DIRECTION ( 'NONE',  ( -0.0000000000000000000, -1.000000000000000000, -0.0000000000000000000 ) ) ;
#5489 = UNCERTAINTY_MEASURE_WITH_UNIT (LENGTH_MEASURE( 1.000000000000000100E-005 ), #9025, 'distance_accuracy_value', 'NONE');
#5490 = MECHANICAL_DESIGN_GEOMETRIC_PRESENTATION_REPRESENTATION (  '', ( #3499 ), #448 ) ;
#5491 = EDGE_LOOP ( 'NONE', ( #5641, #1906, #2201, #5306 ) ) ;
#5492 = CARTESIAN_POINT ( 'NONE',  ( 0.0000000000000000000, 0.0000000000000000000, 5.787499999999999600 ) ) ;
#5493 = CIRCLE ( 'NONE', #4183, 0.04999999999999969700 ) ;
#5494 = EDGE_CURVE ( 'NONE', #2271, #3507, #8427, .T. ) ;
#5495 = VERTEX_POINT ( 'NONE', #6 ) ;
#5496 = ORIENTED_EDGE ( 'NONE', *, *, #4186, .F. ) ;
#5497 = DIRECTION ( 'NONE',  ( 0.05226442768871089600, -0.9972646886342375600, 0.05226442768871088900 ) ) ;
#5498 = CARTESIAN_POINT ( 'NONE',  ( -1.000999999999999900, 0.01999999999999999700, 3.786499999999998900 ) ) ;
#5499 = MECHANICAL_DESIGN_GEOMETRIC_PRESENTATION_REPRESENTATION (  '', ( #7613 ), #4030 ) ;
#5500 = VECTOR ( 'NONE', #6041, 1000.000000000000000 ) ;
#5501 = ADVANCED_FACE ( 'NONE', ( #4306 ), #2177, .F. ) ;
#5502 = VERTEX_POINT ( 'NONE', #1462 ) ;
#5503 = CARTESIAN_POINT ( 'NONE',  ( 1.399999999999999900, 0.5000000000000000000, 4.587499999999999500 ) ) ;
#5504 =( LENGTH_UNIT ( ) NAMED_UNIT ( * ) SI_UNIT ( .MILLI., .METRE. ) );
#5505 = FILL_AREA_STYLE ('',( #7588 ) ) ;
#5506 =( GEOMETRIC_REPRESENTATION_CONTEXT ( 3 ) GLOBAL_UNCERTAINTY_ASSIGNED_CONTEXT ( ( #8355 ) ) GLOBAL_UNIT_ASSIGNED_CONTEXT ( ( #6693, #2371, #980 ) ) REPRESENTATION_CONTEXT ( 'NONE', 'WORKASPACE' ) );
#5507 = EDGE_LOOP ( 'NONE', ( #3754, #6387, #5782, #3555 ) ) ;
#5508 = ORIENTED_EDGE ( 'NONE', *, *, #2684, .F. ) ;
#5509 = VECTOR ( 'NONE', #5992, 1000.000000000000000 ) ;
#5510 = COLOUR_RGB ( '',0.7529411764705882200, 0.7529411764705882200, 0.7529411764705882200 ) ;
#5511 = CARTESIAN_POINT ( 'NONE',  ( -4.950000000000001100, 2.299999999999999800, -5.187500000000000900 ) ) ;
#5512 = ADVANCED_FACE ( 'NONE', ( #4541 ), #7304, .F. ) ;
#5513 = DIRECTION ( 'NONE',  ( 0.0000000000000000000, 0.0000000000000000000, -1.000000000000000000 ) ) ;
#5514 = SURFACE_STYLE_USAGE ( .BOTH. , #9160 ) ;
#5515 = ORIENTED_EDGE ( 'NONE', *, *, #1732, .T. ) ;
#5516 = AXIS2_PLACEMENT_3D ( 'NONE', #6174, #3963, #1097 ) ;
#5517 = CARTESIAN_POINT ( 'NONE',  ( 0.0000000000000000000, 0.5000000000000000000, 5.787499999999999600 ) ) ;
#5518 =( NAMED_UNIT ( * ) SI_UNIT ( $, .STERADIAN. ) SOLID_ANGLE_UNIT ( ) );
#5519 =( NAMED_UNIT ( * ) SI_UNIT ( $, .STERADIAN. ) SOLID_ANGLE_UNIT ( ) );
#5520 = PRESENTATION_STYLE_ASSIGNMENT (( #8849 ) ) ;
#5521 = CARTESIAN_POINT ( 'NONE',  ( 0.0000000000000000000, 0.02000000000000000000, 5.137499999999999300 ) ) ;
#5522 = EDGE_CURVE ( 'NONE', #1354, #6843, #5346, .T. ) ;
#5523 = CARTESIAN_POINT ( 'NONE',  ( 1.836970198721030200E-016, 2.299999999999999800, -1.500000000000000200 ) ) ;
#5524 =( GEOMETRIC_REPRESENTATION_CONTEXT ( 3 ) GLOBAL_UNCERTAINTY_ASSIGNED_CONTEXT ( ( #1087 ) ) GLOBAL_UNIT_ASSIGNED_CONTEXT ( ( #7005, #5619, #8488 ) ) REPRESENTATION_CONTEXT ( 'NONE', 'WORKASPACE' ) );
#5525 = EDGE_LOOP ( 'NONE', ( #3905, #93, #6020, #7893 ) ) ;
#5526 = DIRECTION ( 'NONE',  ( -0.05205003326639415900, 0.9931737993569248500, -0.1043867726673162200 ) ) ;
#5527 = DIRECTION ( 'NONE',  ( 0.0000000000000000000, 0.0000000000000000000, 1.000000000000000000 ) ) ;
#5528 = VERTEX_POINT ( 'NONE', #5815 ) ;
#5529 = VECTOR ( 'NONE', #3024, 1000.000000000000000 ) ;
#5530 = CARTESIAN_POINT ( 'NONE',  ( 0.0000000000000000000, 0.5000000000000000000, 5.787499999999999600 ) ) ;
#5531 = DIRECTION ( 'NONE',  ( 0.0000000000000000000, 0.0000000000000000000, 1.000000000000000000 ) ) ;
#5532 = CARTESIAN_POINT ( 'NONE',  ( -2.861602540378443700, 0.1499999999999999900, 5.557499999999999200 ) ) ;
#5533 = EDGE_CURVE ( 'NONE', #2970, #4363, #1944, .T. ) ;
#5534 = DIRECTION ( 'NONE',  ( -0.8660254037844346000, 0.5000000000000069900, 0.0000000000000000000 ) ) ;
#5535 = FACE_OUTER_BOUND ( 'NONE', #2083, .T. ) ;
#5536 = ORIENTED_EDGE ( 'NONE', *, *, #3467, .T. ) ;
#5537 = PLANE ( 'NONE',  #6840 ) ;
#5538 = LINE ( 'NONE', #7065, #7940 ) ;
#5539 = ADVANCED_FACE ( 'NONE', ( #5572 ), #797, .T. ) ;
#5540 = DIRECTION ( 'NONE',  ( -1.672022627447524500E-016, 0.0000000000000000000, -1.000000000000000000 ) ) ;
#5541 = EDGE_CURVE ( 'NONE', #3535, #5098, #8984, .T. ) ;
#5542 = UNCERTAINTY_MEASURE_WITH_UNIT (LENGTH_MEASURE( 1.000000000000000100E-005 ), #897, 'distance_accuracy_value', 'NONE');
#5543 = LINE ( 'NONE', #6438, #8735 ) ;
#5544 = ORIENTED_EDGE ( 'NONE', *, *, #2802, .T. ) ;
#5545 =( NAMED_UNIT ( * ) PLANE_ANGLE_UNIT ( ) SI_UNIT ( $, .RADIAN. ) );
#5546 = DIRECTION ( 'NONE',  ( 0.0000000000000000000, 1.000000000000000000, 0.0000000000000000000 ) ) ;
#5547 = DIRECTION ( 'NONE',  ( 0.0000000000000000000, -0.0000000000000000000, 1.000000000000000000 ) ) ;
#5548 = CARTESIAN_POINT ( 'NONE',  ( 4.949999999999987700, 0.5000000000000000000, -2.313177747679608000 ) ) ;
#5549 = ADVANCED_FACE ( 'NONE', ( #254 ), #6211, .F. ) ;
#5550 = FILL_AREA_STYLE_COLOUR ( '', #8979 ) ;
#5551 = PRESENTATION_LAYER_ASSIGNMENT (  '', '', ( #8311 ) ) ;
#5552 = VECTOR ( 'NONE', #7387, 1000.000000000000100 ) ;
#5553 = ORIENTED_EDGE ( 'NONE', *, *, #2355, .T. ) ;
#5554 = PRODUCT ( 'BTH500301LUAAUMA1', 'BTH500301LUAAUMA1', '', ( #4697 ) ) ;
#5555 = ORIENTED_EDGE ( 'NONE', *, *, #4975, .F. ) ;
#5556 = DIRECTION ( 'NONE',  ( 0.0000000000000000000, 0.0000000000000000000, -1.000000000000000000 ) ) ;
#5557 = EDGE_CURVE ( 'NONE', #1354, #5341, #3101, .T. ) ;
#5558 = DIRECTION ( 'NONE',  ( 0.0000000000000000000, -1.000000000000000000, 0.0000000000000000000 ) ) ;
#5559 = LINE ( 'NONE', #5167, #1930 ) ;
#5560 = FILL_AREA_STYLE ('',( #1108 ) ) ;
#5561 = ORIENTED_EDGE ( 'NONE', *, *, #1259, .T. ) ;
#5562 = SURFACE_STYLE_FILL_AREA ( #3255 ) ;
#5563 = ORIENTED_EDGE ( 'NONE', *, *, #3789, .T. ) ;
#5564 = MECHANICAL_DESIGN_GEOMETRIC_PRESENTATION_REPRESENTATION (  '', ( #1511 ), #5692 ) ;
#5565 = CARTESIAN_POINT ( 'NONE',  ( 4.670000000000002600, 2.255226423163382500, -2.476981730924696600 ) ) ;
#5566 = PRESENTATION_LAYER_ASSIGNMENT (  '', '', ( #5067 ) ) ;
#5568 = VECTOR ( 'NONE', #1260, 1000.000000000000100 ) ;
#5567 = CARTESIAN_POINT ( 'NONE',  ( -0.1989999999999995100, 0.07000000000000018700, 5.187499999999999100 ) ) ;
#5569 = DIRECTION ( 'NONE',  ( -1.000000000000000000, 0.0000000000000000000, 0.0000000000000000000 ) ) ;
#5570 = CARTESIAN_POINT ( 'NONE',  ( 4.809231030069398100, 2.235892249335057300, -2.474949627369977400 ) ) ;
#5571 = VECTOR ( 'NONE', #739, 999.9999999999998900 ) ;
#5572 = FACE_OUTER_BOUND ( 'NONE', #2344, .T. ) ;
#5573 = ORIENTED_EDGE ( 'NONE', *, *, #4065, .F. ) ;
#5574 = EDGE_LOOP ( 'NONE', ( #991, #1306, #1870, #7340, #8113 ) ) ;
#5575 = EDGE_CURVE ( 'NONE', #2924, #6498, #4995, .T. ) ;
#5576 = DIRECTION ( 'NONE',  ( -1.000000000000000000, 0.0000000000000000000, 0.0000000000000000000 ) ) ;
#5577 = PRESENTATION_STYLE_ASSIGNMENT (( #6219 ) ) ;
#5578 = AXIS2_PLACEMENT_3D ( 'NONE', #8656, #7123, #4310 ) ;
#5579 = DIRECTION ( 'NONE',  ( 1.000000000000000000, 0.0000000000000000000, 0.0000000000000000000 ) ) ;
#5580 = DIRECTION ( 'NONE',  ( -1.000000000000000000, 0.0000000000000000000, 0.0000000000000000000 ) ) ;
#5581 = VECTOR ( 'NONE', #6340, 1000.000000000000000 ) ;
#5582 = ORIENTED_EDGE ( 'NONE', *, *, #5354, .T. ) ;
#5583 = VECTOR ( 'NONE', #8506, 1000.000000000000000 ) ;
#5584 = ORIENTED_EDGE ( 'NONE', *, *, #1968, .T. ) ;
#5585 = EDGE_LOOP ( 'NONE', ( #1979, #3452, #7267, #2240 ) ) ;
#5586 = DIRECTION ( 'NONE',  ( 0.0000000000000000000, 1.000000000000000000, 0.0000000000000000000 ) ) ;
#5587 = DIRECTION ( 'NONE',  ( -0.0000000000000000000, -1.000000000000000000, -0.0000000000000000000 ) ) ;
#5588 = ADVANCED_FACE ( 'NONE', ( #6919 ), #2621, .F. ) ;
#5589 = EDGE_CURVE ( 'NONE', #2079, #5333, #1620, .T. ) ;
#5590 = FILL_AREA_STYLE ('',( #4836 ) ) ;
#5591 = DIRECTION ( 'NONE',  ( 0.0000000000000000000, 0.0000000000000000000, -1.000000000000000000 ) ) ;
#5592 = FILL_AREA_STYLE ('',( #7795 ) ) ;
#5593 = PRESENTATION_STYLE_ASSIGNMENT (( #7047 ) ) ;
#5594 = EDGE_LOOP ( 'NONE', ( #6259, #431, #3170, #4625 ) ) ;
#5595 = DIRECTION ( 'NONE',  ( 0.0000000000000000000, 0.0000000000000000000, 1.000000000000000000 ) ) ;
#5596 = ORIENTED_EDGE ( 'NONE', *, *, #3503, .F. ) ;
#5597 = FACE_OUTER_BOUND ( 'NONE', #1936, .T. ) ;
#5598 = ORIENTED_EDGE ( 'NONE', *, *, #4829, .F. ) ;
#5599 = CARTESIAN_POINT ( 'NONE',  ( 4.251000000000000300, 0.5010000000000000000, -2.298500000000003300 ) ) ;
#5600 = DIRECTION ( 'NONE',  ( -1.000000000000000000, 0.0000000000000000000, -0.0000000000000000000 ) ) ;
#5601 = AXIS2_PLACEMENT_3D ( 'NONE', #8769, #5005, #5748 ) ;
#5602 = ORIENTED_EDGE ( 'NONE', *, *, #6692, .T. ) ;
#5603 = EDGE_LOOP ( 'NONE', ( #7385, #2675, #6729, #3816 ) ) ;
#5604 = LINE ( 'NONE', #2746, #4670 ) ;
#5605 = DIRECTION ( 'NONE',  ( -0.0000000000000000000, 0.0000000000000000000, -1.000000000000000000 ) ) ;
#5606 = DIRECTION ( 'NONE',  ( 0.0000000000000000000, 0.0000000000000000000, -1.000000000000000000 ) ) ;
#5607 = EDGE_CURVE ( 'NONE', #3428, #1183, #7721, .T. ) ;
#5608 =( BOUNDED_CURVE ( )  B_SPLINE_CURVE ( 3, ( #1668, #7476, #6617, #3809 ),
 .UNSPECIFIED., .F., .F. ) 
 B_SPLINE_CURVE_WITH_KNOTS ( ( 4, 4 ),
 ( 3.141592653589791800, 4.660029102824852400 ),
 .UNSPECIFIED. ) 
 CURVE ( )  GEOMETRIC_REPRESENTATION_ITEM ( )  RATIONAL_B_SPLINE_CURVE ( ( 1.000000000000000000, 0.8169162473415264600, 0.8169162473415264600, 1.000000000000000000 ) ) 
 REPRESENTATION_ITEM ( '' )  );
#5609 = DIRECTION ( 'NONE',  ( -1.000000000000000000, 0.0000000000000000000, 0.0000000000000000000 ) ) ;
#5610 = ORIENTED_EDGE ( 'NONE', *, *, #222, .T. ) ;
#5611 = VERTEX_POINT ( 'NONE', #6310 ) ;
#5612 = DIRECTION ( 'NONE',  ( 0.0000000000000000000, 0.0000000000000000000, -1.000000000000000000 ) ) ;
#5613 = ORIENTED_EDGE ( 'NONE', *, *, #7970, .F. ) ;
#5614 = ORIENTED_EDGE ( 'NONE', *, *, #6902, .F. ) ;
#5615 = STYLED_ITEM ( 'NONE', ( #5068 ), #6349 ) ;
#5616 = DIRECTION ( 'NONE',  ( 0.0000000000000000000, -1.000000000000000000, 0.0000000000000000000 ) ) ;
#5617 = DIRECTION ( 'NONE',  ( 1.000000000000000000, 0.0000000000000000000, 8.673617379884013400E-015 ) ) ;
#5618 = EDGE_CURVE ( 'NONE', #5928, #3647, #2058, .T. ) ;
#5619 =( NAMED_UNIT ( * ) PLANE_ANGLE_UNIT ( ) SI_UNIT ( $, .RADIAN. ) );
#5620 = CARTESIAN_POINT ( 'NONE',  ( -4.730000000000000400, 0.5000000000000000000, 0.0000000000000000000 ) ) ;
#5621 = FILL_AREA_STYLE ('',( #9240 ) ) ;
#5622 = EDGE_LOOP ( 'NONE', ( #4242, #7762, #2448, #2385 ) ) ;
#5623 = PRESENTATION_STYLE_ASSIGNMENT (( #4881 ) ) ;
#5624 = DIRECTION ( 'NONE',  ( 0.0000000000000000000, 1.000000000000000000, 0.0000000000000000000 ) ) ;
#5625 = CIRCLE ( 'NONE', #9210, 1.500000000000000200 ) ;
#5626 = CARTESIAN_POINT ( 'NONE',  ( 0.0000000000000000000, 2.250000000000000000, 0.0000000000000000000 ) ) ;
#5627 = ORIENTED_EDGE ( 'NONE', *, *, #6431, .T. ) ;
#5628 = AXIS2_PLACEMENT_3D ( 'NONE', #2354, #4481, #1597 ) ;
#5629 = ORIENTED_EDGE ( 'NONE', *, *, #804, .F. ) ;
#5630 = FACE_OUTER_BOUND ( 'NONE', #4209, .T. ) ;
#5631 = FILL_AREA_STYLE ('',( #8846 ) ) ;
#5632 = LINE ( 'NONE', #4081, #5291 ) ;
#5633 =( NAMED_UNIT ( * ) PLANE_ANGLE_UNIT ( ) SI_UNIT ( $, .RADIAN. ) );
#5634 = VERTEX_POINT ( 'NONE', #7324 ) ;
#5635 = CARTESIAN_POINT ( 'NONE',  ( 4.950000000000001100, 0.07000000000000018700, 5.087499999999998600 ) ) ;
#5636 = CARTESIAN_POINT ( 'NONE',  ( 0.0000000000000000000, 0.5000000000000000000, 5.787499999999999600 ) ) ;
#5637 = EDGE_CURVE ( 'NONE', #3988, #6441, #8413, .T. ) ;
#5638 = DIRECTION ( 'NONE',  ( -0.0000000000000000000, -1.000000000000000000, -0.0000000000000000000 ) ) ;
#5639 = CARTESIAN_POINT ( 'NONE',  ( -3.798999999999999500, 0.5010000000000000000, 3.786499999999998900 ) ) ;
#5640 = MECHANICAL_DESIGN_GEOMETRIC_PRESENTATION_REPRESENTATION (  '', ( #7577 ), #9043 ) ;
#5641 = ORIENTED_EDGE ( 'NONE', *, *, #3696, .T. ) ;
#5642 =( GEOMETRIC_REPRESENTATION_CONTEXT ( 3 ) GLOBAL_UNCERTAINTY_ASSIGNED_CONTEXT ( ( #375 ) ) GLOBAL_UNIT_ASSIGNED_CONTEXT ( ( #1361, #627, #8492 ) ) REPRESENTATION_CONTEXT ( 'NONE', 'WORKASPACE' ) );
#5643 = LINE ( 'NONE', #4407, #8356 ) ;
#5644 = ORIENTED_EDGE ( 'NONE', *, *, #3991, .T. ) ;
#5645 = CARTESIAN_POINT ( 'NONE',  ( 4.949999999999999300, 2.299999999999999800, -5.187500000000000900 ) ) ;
#5646 = DIRECTION ( 'NONE',  ( 0.0000000000000000000, 0.0000000000000000000, 1.000000000000000000 ) ) ;
#5647 = EDGE_CURVE ( 'NONE', #3349, #3577, #7491, .T. ) ;
#5648 = PRESENTATION_STYLE_ASSIGNMENT (( #7672 ) ) ;
#5649 = ADVANCED_FACE ( 'NONE', ( #465 ), #3093, .T. ) ;
#5650 = VECTOR ( 'NONE', #8433, 1000.000000000000000 ) ;
#5651 =( NAMED_UNIT ( * ) PLANE_ANGLE_UNIT ( ) SI_UNIT ( $, .RADIAN. ) );
#5652 = DIRECTION ( 'NONE',  ( -1.000000000000000000, 0.0000000000000000000, 0.0000000000000000000 ) ) ;
#5653 = FILL_AREA_STYLE_COLOUR ( '', #6247 ) ;
#5654 =( GEOMETRIC_REPRESENTATION_CONTEXT ( 3 ) GLOBAL_UNCERTAINTY_ASSIGNED_CONTEXT ( ( #7406 ) ) GLOBAL_UNIT_ASSIGNED_CONTEXT ( ( #566, #5633, #2148 ) ) REPRESENTATION_CONTEXT ( 'NONE', 'WORKASPACE' ) );
#5655 = DIRECTION ( 'NONE',  ( 0.05205003326639415900, -0.9931737993569248500, 0.1043867726673162200 ) ) ;
#5656 = ORIENTED_EDGE ( 'NONE', *, *, #6559, .F. ) ;
#5657 = DIRECTION ( 'NONE',  ( 0.0000000000000000000, 1.000000000000000000, -0.0000000000000000000 ) ) ;
#5658 = UNCERTAINTY_MEASURE_WITH_UNIT (LENGTH_MEASURE( 1.000000000000000100E-005 ), #1394, 'distance_accuracy_value', 'NONE');
#5659 = LINE ( 'NONE', #8909, #6204 ) ;
#5660 = EDGE_CURVE ( 'NONE', #7580, #4357, #136, .T. ) ;
#5661 = DIRECTION ( 'NONE',  ( 0.05226442768871089600, 0.9972646886342375600, 0.05226442768871088900 ) ) ;
#5662 = CIRCLE ( 'NONE', #7834, 0.04999999999999969700 ) ;
#5663 = PRESENTATION_STYLE_ASSIGNMENT (( #9081 ) ) ;
#5664 = ORIENTED_EDGE ( 'NONE', *, *, #3829, .F. ) ;
#5665 = DIRECTION ( 'NONE',  ( 0.0000000000000000000, 0.0000000000000000000, 1.000000000000000000 ) ) ;
#5666 = CARTESIAN_POINT ( 'NONE',  ( 0.0000000000000000000, 0.0000000000000000000, -5.587500000000003000 ) ) ;
#5667 = CARTESIAN_POINT ( 'NONE',  ( 0.0000000000000000000, 0.1499999999999999900, 0.0000000000000000000 ) ) ;
#5668 = PRESENTATION_LAYER_ASSIGNMENT (  '', '', ( #29 ) ) ;
#5669 = LINE ( 'NONE', #1566, #9305 ) ;
#5670 = VERTEX_POINT ( 'NONE', #4425 ) ;
#5671 = VECTOR ( 'NONE', #2180, 1000.000000000000000 ) ;
#5672 = CARTESIAN_POINT ( 'NONE',  ( 4.730000000000000400, 0.5000000000000000000, -2.297500000000003000 ) ) ;
#5673 = EDGE_CURVE ( 'NONE', #7178, #9356, #5559, .T. ) ;
#5674 = VECTOR ( 'NONE', #4561, 1000.000000000000000 ) ;
#5675 = AXIS2_PLACEMENT_3D ( 'NONE', #3946, #4657, #2528 ) ;
#5676 = DIRECTION ( 'NONE',  ( -0.0000000000000000000, 0.9986295347545740600, -0.05233595624294079500 ) ) ;
#5677 = DIRECTION ( 'NONE',  ( -1.000000000000000000, 0.0000000000000000000, -0.0000000000000000000 ) ) ;
#5678 = ORIENTED_EDGE ( 'NONE', *, *, #1201, .T. ) ;
#5679 = LINE ( 'NONE', #812, #8200 ) ;
#5680 = CARTESIAN_POINT ( 'NONE',  ( -4.669999999999999900, 2.255226423163383000, 0.8574999999999997100 ) ) ;
#5681 = MECHANICAL_DESIGN_GEOMETRIC_PRESENTATION_REPRESENTATION (  '', ( #2291 ), #3740 ) ;
#5682 = PRESENTATION_LAYER_ASSIGNMENT (  '', '', ( #5189 ) ) ;
#5683 = CARTESIAN_POINT ( 'NONE',  ( -0.8250000000000001800, 0.0000000000000000000, 5.557499999999999200 ) ) ;
#5684 = SURFACE_STYLE_FILL_AREA ( #1675 ) ;
#5685 = CARTESIAN_POINT ( 'NONE',  ( -4.949999999999986900, 0.5000000000000000000, 1.028177747679607700 ) ) ;
#5686 = ORIENTED_EDGE ( 'NONE', *, *, #6275, .F. ) ;
#5687 = CARTESIAN_POINT ( 'NONE',  ( -4.150000000000000400, 0.0000000000000000000, -4.987500000000003400 ) ) ;
#5688 = CARTESIAN_POINT ( 'NONE',  ( -0.5999999999999999800, 0.5000000000000000000, 0.0000000000000000000 ) ) ;
#5689 = VECTOR ( 'NONE', #6152, 1000.000000000000000 ) ;
#5690 = DIRECTION ( 'NONE',  ( -0.0000000000000000000, 0.9986295347545740600, -0.05233595624294079500 ) ) ;
#5691 = FACE_OUTER_BOUND ( 'NONE', #8692, .T. ) ;
#5692 =( GEOMETRIC_REPRESENTATION_CONTEXT ( 3 ) GLOBAL_UNCERTAINTY_ASSIGNED_CONTEXT ( ( #6576 ) ) GLOBAL_UNIT_ASSIGNED_CONTEXT ( ( #2043, #7825, #4874 ) ) REPRESENTATION_CONTEXT ( 'NONE', 'WORKASPACE' ) );
#5693 = FACE_OUTER_BOUND ( 'NONE', #3325, .T. ) ;
#5694 = ORIENTED_EDGE ( 'NONE', *, *, #7885, .F. ) ;
#5695 = VERTEX_POINT ( 'NONE', #7234 ) ;
#5696 = ADVANCED_FACE ( 'NONE', ( #8641 ), #7969, .T. ) ;
#5697 = CARTESIAN_POINT ( 'NONE',  ( -4.949935176133558400, 0.06707529679915465200, -5.173818708545088200 ) ) ;
#5698 = CARTESIAN_POINT ( 'NONE',  ( -4.857885506151645500, 2.257649248041336600, 1.239482203710382500 ) ) ;
#5699 = FACE_OUTER_BOUND ( 'NONE', #1073, .T. ) ;
#5700 = EDGE_CURVE ( 'NONE', #1522, #6194, #6009, .T. ) ;
#5701 = ORIENTED_EDGE ( 'NONE', *, *, #5074, .T. ) ;
#5702 = LINE ( 'NONE', #1600, #3440 ) ;
#5703 = CARTESIAN_POINT ( 'NONE',  ( 0.0000000000000000000, 0.0000000000000000000, -2.297500000000003000 ) ) ;
#5704 = DIRECTION ( 'NONE',  ( -0.0000000000000000000, 0.0000000000000000000, -1.000000000000000000 ) ) ;
#5705 = ORIENTED_EDGE ( 'NONE', *, *, #4243, .T. ) ;
#5706 = VERTEX_POINT ( 'NONE', #3753 ) ;
#5707 = CARTESIAN_POINT ( 'NONE',  ( 1.399000000000000000, 0.4999999999998839800, 5.187499999999999100 ) ) ;
#5708 = CARTESIAN_POINT ( 'NONE',  ( -4.669999999999999900, 2.299999999999999800, 0.8574999999999997100 ) ) ;
#5709 =( NAMED_UNIT ( * ) PLANE_ANGLE_UNIT ( ) SI_UNIT ( $, .RADIAN. ) );
#5710 = SURFACE_STYLE_USAGE ( .BOTH. , #4457 ) ;
#5711 = PLANE ( 'NONE',  #4955 ) ;
#5712 = LINE ( 'NONE', #8875, #3785 ) ;
#5713 = CARTESIAN_POINT ( 'NONE',  ( 4.250000000000000000, 0.5000000000000000000, 0.0000000000000000000 ) ) ;
#5714 = VERTEX_POINT ( 'NONE', #728 ) ;
#5715 = ORIENTED_EDGE ( 'NONE', *, *, #2925, .F. ) ;
#5716 = LINE ( 'NONE', #9173, #284 ) ;
#5717 = CARTESIAN_POINT ( 'NONE',  ( 0.8250000000000001800, 0.0000000000000000000, 5.557499999999999200 ) ) ;
#5718 = EDGE_CURVE ( 'NONE', #2430, #1354, #4080, .T. ) ;
#5719 = CARTESIAN_POINT ( 'NONE',  ( 0.0000000000000000000, 0.5000000000000000000, -5.887500000000002800 ) ) ;
#5720 = DIRECTION ( 'NONE',  ( 0.0000000000000000000, 0.0000000000000000000, 1.000000000000000000 ) ) ;
#5721 = FILL_AREA_STYLE_COLOUR ( '', #7108 ) ;
#5722 = FACE_OUTER_BOUND ( 'NONE', #8975, .T. ) ;
#5723 = EDGE_LOOP ( 'NONE', ( #1843, #7842, #3418, #8358 ) ) ;
#5724 = VERTEX_POINT ( 'NONE', #7296 ) ;
#5725 =( BOUNDED_CURVE ( )  B_SPLINE_CURVE ( 3, ( #5, #7245, #4981, #8654 ),
 .UNSPECIFIED., .F., .F. ) 
 B_SPLINE_CURVE_WITH_KNOTS ( ( 4, 4 ),
 ( 5.823366606721791100, 7.388692309149528900 ),
 .UNSPECIFIED. ) 
 CURVE ( )  GEOMETRIC_REPRESENTATION_ITEM ( )  RATIONAL_B_SPLINE_CURVE ( ( 1.000000000000000000, 0.8060255275382044400, 0.8060255275382044400, 1.000000000000000000 ) ) 
 REPRESENTATION_ITEM ( '' )  );
#5726 = CARTESIAN_POINT ( 'NONE',  ( 2.598999999999999800, 0.02000000000000018100, 5.137499999999998400 ) ) ;
#5727 = ORIENTED_EDGE ( 'NONE', *, *, #5240, .T. ) ;
#5728 = CARTESIAN_POINT ( 'NONE',  ( -4.670000000000001700, 2.250000000000000000, 1.241707825693109800 ) ) ;
#5729 = EDGE_CURVE ( 'NONE', #1934, #8418, #6694, .T. ) ;
#5730 =( NAMED_UNIT ( * ) SI_UNIT ( $, .STERADIAN. ) SOLID_ANGLE_UNIT ( ) );
#5731 = DIRECTION ( 'NONE',  ( 0.8660254037844370400, 0.5000000000000027800, -0.0000000000000000000 ) ) ;
#5732 = ORIENTED_EDGE ( 'NONE', *, *, #8639, .T. ) ;
#5733 = ORIENTED_EDGE ( 'NONE', *, *, #4092, .T. ) ;
#5734 = LINE ( 'NONE', #3874, #3808 ) ;
#5735 = ADVANCED_FACE ( 'NONE', ( #3862 ), #4330, .T. ) ;
#5736 = DIRECTION ( 'NONE',  ( 0.0000000000000000000, 1.000000000000000000, -0.0000000000000000000 ) ) ;
#5737 = ORIENTED_EDGE ( 'NONE', *, *, #5637, .F. ) ;
#5738 = DIRECTION ( 'NONE',  ( -0.8660254037844370400, 0.5000000000000027800, 0.0000000000000000000 ) ) ;
#5739 = CARTESIAN_POINT ( 'NONE',  ( -4.810701017356765700, 2.207843220975530300, -2.472001555694303100 ) ) ;
#5740 = CARTESIAN_POINT ( 'NONE',  ( 1.399999999999999900, 0.0000000000000000000, -0.0000000000000000000 ) ) ;
#5741 = DIRECTION ( 'NONE',  ( 0.0000000000000000000, -0.0000000000000000000, 1.000000000000000000 ) ) ;
#5742 = EDGE_CURVE ( 'NONE', #3121, #4181, #3762, .T. ) ;
#5743 = CARTESIAN_POINT ( 'NONE',  ( -4.949999999999999300, 0.07000000000000018700, 5.187499999999999100 ) ) ;
#5744 = VERTEX_POINT ( 'NONE', #8951 ) ;
#5745 =( LENGTH_UNIT ( ) NAMED_UNIT ( * ) SI_UNIT ( .MILLI., .METRE. ) );
#5746 = EDGE_LOOP ( 'NONE', ( #1433, #695, #2152, #4633 ) ) ;
#5747 = SURFACE_STYLE_FILL_AREA ( #8787 ) ;
#5748 = DIRECTION ( 'NONE',  ( -0.9986295347545739400, -0.05233595624294126000, 0.0000000000000000000 ) ) ;
#5749 = STYLED_ITEM ( 'NONE', ( #3770 ), #2333 ) ;
#5750 =( GEOMETRIC_REPRESENTATION_CONTEXT ( 3 ) GLOBAL_UNCERTAINTY_ASSIGNED_CONTEXT ( ( #3851 ) ) GLOBAL_UNIT_ASSIGNED_CONTEXT ( ( #3117, #5290, #7374 ) ) REPRESENTATION_CONTEXT ( 'NONE', 'WORKASPACE' ) );
#5751 = VERTEX_POINT ( 'NONE', #4520 ) ;
#5752 = VECTOR ( 'NONE', #138, 1000.000000000000000 ) ;
#5753 = SURFACE_STYLE_USAGE ( .BOTH. , #3661 ) ;
#5754 = CARTESIAN_POINT ( 'NONE',  ( -4.950000000000000200, 0.4999999999998842000, -2.342500377445273500 ) ) ;
#5755 = ORIENTED_EDGE ( 'NONE', *, *, #6753, .T. ) ;
#5756 = PLANE ( 'NONE',  #6161 ) ;
#5757 = EDGE_CURVE ( 'NONE', #5634, #1354, #2297, .T. ) ;
#5758 = DIRECTION ( 'NONE',  ( -1.000000000000000000, 0.0000000000000000000, -6.505213034913066000E-015 ) ) ;
#5759 = DIRECTION ( 'NONE',  ( 0.0000000000000000000, 0.0000000000000000000, 1.000000000000000000 ) ) ;
#5760 = STYLED_ITEM ( 'NONE', ( #2133 ), #4279 ) ;
#5761 = AXIS2_PLACEMENT_3D ( 'NONE', #2576, #6923, #6268 ) ;
#5762 = FILL_AREA_STYLE_COLOUR ( '', #4581 ) ;
#5763 = EDGE_CURVE ( 'NONE', #5495, #2332, #9089, .T. ) ;
#5764 = DIRECTION ( 'NONE',  ( -1.000000000000000000, 0.0000000000000000000, 0.0000000000000000000 ) ) ;
#5765 = VECTOR ( 'NONE', #4386, 1000.000000000000000 ) ;
#5766 = DIRECTION ( 'NONE',  ( 0.0000000000000000000, 0.0000000000000000000, 1.000000000000000000 ) ) ;
#5767 = ORIENTED_EDGE ( 'NONE', *, *, #4301, .T. ) ;
#5768 = PLANE ( 'NONE',  #4508 ) ;
#5769 = CARTESIAN_POINT ( 'NONE',  ( 0.0000000000000000000, 0.5000000000000000000, 0.9624999999999968000 ) ) ;
#5770 = FACE_OUTER_BOUND ( 'NONE', #2743, .T. ) ;
#5771 = ORIENTED_EDGE ( 'NONE', *, *, #6705, .T. ) ;
#5772 = DIRECTION ( 'NONE',  ( 0.0000000000000000000, 0.0000000000000000000, -1.000000000000000000 ) ) ;
#5773 = MECHANICAL_DESIGN_GEOMETRIC_PRESENTATION_REPRESENTATION (  '', ( #6428 ), #8285 ) ;
#5774 = FACE_OUTER_BOUND ( 'NONE', #9378, .T. ) ;
#5775 = SURFACE_STYLE_USAGE ( .BOTH. , #6429 ) ;
#5776 =( NAMED_UNIT ( * ) PLANE_ANGLE_UNIT ( ) SI_UNIT ( $, .RADIAN. ) );
#5777 = EDGE_CURVE ( 'NONE', #4478, #643, #4985, .T. ) ;
#5778 = LINE ( 'NONE', #4406, #3855 ) ;
#5779 = SURFACE_STYLE_USAGE ( .BOTH. , #765 ) ;
#5780 = ORIENTED_EDGE ( 'NONE', *, *, #7305, .T. ) ;
#5781 = CYLINDRICAL_SURFACE ( 'NONE', #8271, 0.1000000000000002600 ) ;
#5782 = ORIENTED_EDGE ( 'NONE', *, *, #4243, .F. ) ;
#5783 = ADVANCED_FACE ( 'NONE', ( #8207 ), #999, .T. ) ;
#5784 = CARTESIAN_POINT ( 'NONE',  ( -4.946450734571866900, 0.05134870066189926200, -5.179553444172698000 ) ) ;
#5785 = SURFACE_STYLE_USAGE ( .BOTH. , #7248 ) ;
#5786 = CARTESIAN_POINT ( 'NONE',  ( -4.250000000000000000, 0.5000000000000000000, -2.297500000000003000 ) ) ;
#5787 = AXIS2_PLACEMENT_3D ( 'NONE', #5113, #2888, #802 ) ;
#5788 = ORIENTED_EDGE ( 'NONE', *, *, #883, .F. ) ;
#5789 = SURFACE_STYLE_FILL_AREA ( #1452 ) ;
#5790 = CARTESIAN_POINT ( 'NONE',  ( 4.519894895764736000, 0.5010000000000000000, -2.142499999999999600 ) ) ;
#5791 = EDGE_CURVE ( 'NONE', #7790, #8704, #6343, .T. ) ;
#5792 = CARTESIAN_POINT ( 'NONE',  ( 4.730000000000000400, 0.0000000000000000000, 0.9624999999999968000 ) ) ;
#5793 = CARTESIAN_POINT ( 'NONE',  ( -4.150000000000000400, 0.5000000000000000000, 0.0000000000000000000 ) ) ;
#5794 = VECTOR ( 'NONE', #4299, 1000.000000000000000 ) ;
#5795 = VECTOR ( 'NONE', #3520, 1000.000000000000000 ) ;
#5796 = VECTOR ( 'NONE', #1370, 1000.000000000000000 ) ;
#5797 = VERTEX_POINT ( 'NONE', #8213 ) ;
#5798 = LINE ( 'NONE', #1887, #1049 ) ;
#5799 = AXIS2_PLACEMENT_3D ( 'NONE', #1195, #2646, #4806 ) ;
#5800 = MECHANICAL_DESIGN_GEOMETRIC_PRESENTATION_REPRESENTATION (  '', ( #5189 ), #662 ) ;
#5801 = DIRECTION ( 'NONE',  ( 1.000000000000000000, 0.0000000000000000000, -0.0000000000000000000 ) ) ;
#5802 =( NAMED_UNIT ( * ) SI_UNIT ( $, .STERADIAN. ) SOLID_ANGLE_UNIT ( ) );
#5803 =( LENGTH_UNIT ( ) NAMED_UNIT ( * ) SI_UNIT ( .MILLI., .METRE. ) );
#5804 = VERTEX_POINT ( 'NONE', #5271 ) ;
#5805 = LINE ( 'NONE', #640, #3654 ) ;
#5806 = PLANE ( 'NONE',  #219 ) ;
#5807 = VERTEX_POINT ( 'NONE', #4463 ) ;
#5808 = LINE ( 'NONE', #1918, #5345 ) ;
#5809 = EDGE_CURVE ( 'NONE', #1710, #1738, #1610, .T. ) ;
#5810 = CARTESIAN_POINT ( 'NONE',  ( 1.000000000000000000, 0.5000000000000000000, 0.0000000000000000000 ) ) ;
#5811 = AXIS2_PLACEMENT_3D ( 'NONE', #5836, #5039, #3649 ) ;
#5812 = ORIENTED_EDGE ( 'NONE', *, *, #2163, .T. ) ;
#5813 = ORIENTED_EDGE ( 'NONE', *, *, #5329, .F. ) ;
#5814 = DIRECTION ( 'NONE',  ( 0.0000000000000000000, 0.0000000000000000000, -1.000000000000000000 ) ) ;
#5815 = CARTESIAN_POINT ( 'NONE',  ( -4.760769540619037300, 2.299999999999999800, -2.526707825693110400 ) ) ;
#5816 = VERTEX_POINT ( 'NONE', #3840 ) ;
#5817 = ORIENTED_EDGE ( 'NONE', *, *, #8313, .T. ) ;
#5818 = CARTESIAN_POINT ( 'NONE',  ( 2.200999999999999600, 0.4999999999998839800, 5.187499999999999100 ) ) ;
#5819 = ADVANCED_FACE ( 'NONE', ( #2285 ), #6684, .T. ) ;
#5820 = SURFACE_STYLE_USAGE ( .BOTH. , #8049 ) ;
#5821 = EDGE_CURVE ( 'NONE', #7509, #2970, #8306, .T. ) ;
#5822 = DIRECTION ( 'NONE',  ( 0.0000000000000000000, 8.131516293641332600E-016, -1.000000000000000000 ) ) ;
#5823 = ORIENTED_EDGE ( 'NONE', *, *, #3801, .T. ) ;
#5824 = EDGE_LOOP ( 'NONE', ( #6978, #6420, #4421, #2084 ) ) ;
#5825 = VECTOR ( 'NONE', #6238, 1000.000000000000000 ) ;
#5826 = CARTESIAN_POINT ( 'NONE',  ( 3.799000000000000400, 0.4999999999998839800, 5.187499999999999100 ) ) ;
#5827 = VERTEX_POINT ( 'NONE', #7426 ) ;
#5828 = CARTESIAN_POINT ( 'NONE',  ( 1.000999999999999900, 0.5010000000000000000, 5.187447592220710400 ) ) ;
#5829 = ADVANCED_FACE ( 'NONE', ( #357 ), #8925, .T. ) ;
#5830 = ORIENTED_EDGE ( 'NONE', *, *, #3256, .F. ) ;
#5831 = CARTESIAN_POINT ( 'NONE',  ( 4.670000000000001700, 0.5000000000000000000, 0.8574999999999997100 ) ) ;
#5832 = STYLED_ITEM ( 'NONE', ( #2207 ), #4340 ) ;
#5833 = ORIENTED_EDGE ( 'NONE', *, *, #8850, .T. ) ;
#5834 = EDGE_CURVE ( 'NONE', #6122, #4498, #1381, .T. ) ;
#5835 =( BOUNDED_CURVE ( )  B_SPLINE_CURVE ( 3, ( #1977, #5548, #7711, #4085 ),
 .UNSPECIFIED., .F., .T. ) 
 B_SPLINE_CURVE_WITH_KNOTS ( ( 4, 4 ),
 ( 2.036085651619851300, 3.601411354047588300 ),
 .UNSPECIFIED. ) 
 CURVE ( )  GEOMETRIC_REPRESENTATION_ITEM ( )  RATIONAL_B_SPLINE_CURVE ( ( 1.000000000000000000, 0.8060255275382047800, 0.8060255275382047800, 1.000000000000000000 ) ) 
 REPRESENTATION_ITEM ( '' )  );
#5836 = CARTESIAN_POINT ( 'NONE',  ( 0.0000000000000000000, 0.0000000000000000000, 0.0000000000000000000 ) ) ;
#5837 =( NAMED_UNIT ( * ) PLANE_ANGLE_UNIT ( ) SI_UNIT ( $, .RADIAN. ) );
#5838 = CARTESIAN_POINT ( 'NONE',  ( -0.5999999999999999800, 0.5000000000000000000, -5.887500000000002800 ) ) ;
#5839 = EDGE_LOOP ( 'NONE', ( #8986, #4842, #8861, #5016, #9342 ) ) ;
#5840 = VECTOR ( 'NONE', #637, 1000.000000000000000 ) ;
#5841 = DIRECTION ( 'NONE',  ( -1.000000000000000000, -0.0000000000000000000, -0.0000000000000000000 ) ) ;
#5842 = MECHANICAL_DESIGN_GEOMETRIC_PRESENTATION_REPRESENTATION (  '', ( #7483 ), #8001 ) ;
#5843 = DIRECTION ( 'NONE',  ( -0.0000000000000000000, 0.0000000000000000000, -1.000000000000000000 ) ) ;
#5844 = CARTESIAN_POINT ( 'NONE',  ( 4.855069641476609900, 2.260785108296682100, -2.477565972274707200 ) ) ;
#5845 = CARTESIAN_POINT ( 'NONE',  ( 3.401000000000000200, 0.5010000000000000000, 4.588499999999999800 ) ) ;
#5846 = EDGE_CURVE ( 'NONE', #7191, #2009, #5896, .T. ) ;
#5847 = DIRECTION ( 'NONE',  ( -0.0000000000000000000, -0.0000000000000000000, 1.000000000000000000 ) ) ;
#5848 = CARTESIAN_POINT ( 'NONE',  ( 4.251000000000000300, 0.5010000000000000000, 0.9634999999999968000 ) ) ;
#5849 = CARTESIAN_POINT ( 'NONE',  ( -3.225000000000000500, 0.1499999999999999900, 5.557499999999999200 ) ) ;
#5850 = ORIENTED_EDGE ( 'NONE', *, *, #9286, .T. ) ;
#5851 = CIRCLE ( 'NONE', #9079, 0.1000000000000000900 ) ;
#5852 = ORIENTED_EDGE ( 'NONE', *, *, #3137, .T. ) ;
#5853 = DIRECTION ( 'NONE',  ( -0.0000000000000000000, 0.0000000000000000000, -1.000000000000000000 ) ) ;
#5854 = FACE_OUTER_BOUND ( 'NONE', #7644, .T. ) ;
#5855 = AXIS2_PLACEMENT_3D ( 'NONE', #912, #5964, #334 ) ;
#5856 = PLANE ( 'NONE',  #731 ) ;
#5857 = DIRECTION ( 'NONE',  ( 1.000000000000000000, -0.0000000000000000000, 0.0000000000000000000 ) ) ;
#5858 = ORIENTED_EDGE ( 'NONE', *, *, #4715, .T. ) ;
#5859 = EDGE_CURVE ( 'NONE', #664, #3543, #2968, .T. ) ;
#5860 = ORIENTED_EDGE ( 'NONE', *, *, #91, .T. ) ;
#5861 = ADVANCED_FACE ( 'NONE', ( #9200 ), #7165, .T. ) ;
#5862 = CARTESIAN_POINT ( 'NONE',  ( 0.5999999999999999800, 0.5000000000000000000, -5.887500000000002800 ) ) ;
#5863 = DIRECTION ( 'NONE',  ( -1.000000000000000000, 0.0000000000000000000, 0.0000000000000000000 ) ) ;
#5864 = SURFACE_STYLE_USAGE ( .BOTH. , #848 ) ;
#5865 = SURFACE_STYLE_FILL_AREA ( #5428 ) ;
#5866 = CARTESIAN_POINT ( 'NONE',  ( 0.0000000000000000000, 0.02000000000000000000, -4.986500000000002200 ) ) ;
#5867 = ORIENTED_EDGE ( 'NONE', *, *, #6491, .F. ) ;
#5868 = CARTESIAN_POINT ( 'NONE',  ( 0.0000000000000000000, 0.5000000000000000000, 3.787499999999999200 ) ) ;
#5869 = LINE ( 'NONE', #6195, #6881 ) ;
#5870 = ORIENTED_EDGE ( 'NONE', *, *, #5210, .F. ) ;
#5871 = CARTESIAN_POINT ( 'NONE',  ( -0.1989999999999999300, 0.5010000000000000000, 3.786499999999998900 ) ) ;
#5872 = ADVANCED_FACE ( 'NONE', ( #6804 ), #6681, .T. ) ;
#5873 = EDGE_CURVE ( 'NONE', #1517, #5528, #9152, .T. ) ;
#5874 = LINE ( 'NONE', #7321, #2595 ) ;
#5875 = ORIENTED_EDGE ( 'NONE', *, *, #9000, .F. ) ;
#5876 = DIRECTION ( 'NONE',  ( 0.0000000000000000000, 0.0000000000000000000, -1.000000000000000000 ) ) ;
#5877 = AXIS2_PLACEMENT_3D ( 'NONE', #7920, #9355, #3561 ) ;
#5878 =( NAMED_UNIT ( * ) PLANE_ANGLE_UNIT ( ) SI_UNIT ( $, .RADIAN. ) );
#5879 = LINE ( 'NONE', #8876, #7581 ) ;
#5880 = CARTESIAN_POINT ( 'NONE',  ( 0.0000000000000000000, 0.5010000000000000000, 0.0000000000000000000 ) ) ;
#5881 = ORIENTED_EDGE ( 'NONE', *, *, #4144, .F. ) ;
#5882 =( GEOMETRIC_REPRESENTATION_CONTEXT ( 3 ) GLOBAL_UNCERTAINTY_ASSIGNED_CONTEXT ( ( #1770 ) ) GLOBAL_UNIT_ASSIGNED_CONTEXT ( ( #1901, #6197, #1189 ) ) REPRESENTATION_CONTEXT ( 'NONE', 'WORKASPACE' ) );
#5883 = VECTOR ( 'NONE', #3492, 1000.000000000000000 ) ;
#5884 = FILL_AREA_STYLE_COLOUR ( '', #1149 ) ;
#5885 = VERTEX_POINT ( 'NONE', #8858 ) ;
#5886 = DIRECTION ( 'NONE',  ( -0.5000000000000069900, -0.8660254037844346000, 0.0000000000000000000 ) ) ;
#5887 = B_SPLINE_CURVE_WITH_KNOTS ( 'NONE', 3,
 ( #6457, #2138, #2871, #7953, #4329, #4358, #59 ),
 .UNSPECIFIED., .F., .F.,
 ( 4, 3, 4 ),
 ( 2.032879073410320800E-019, 1.458980556784122700E-005, 2.519394852416409000E-005 ),
 .UNSPECIFIED. ) ;
#5888 = CARTESIAN_POINT ( 'NONE',  ( -1.399000000000000000, 2.299999999999999800, 5.093165997290524800 ) ) ;
#5889 = VECTOR ( 'NONE', #6606, 1000.000000000000000 ) ;
#5890 = CARTESIAN_POINT ( 'NONE',  ( -1.000000000000000000, 0.5000000000000000000, 3.787499999999999200 ) ) ;
#5891 = EDGE_CURVE ( 'NONE', #2657, #3620, #8754, .T. ) ;
#5892 = EDGE_LOOP ( 'NONE', ( #331, #2023, #8678, #7871 ) ) ;
#5893 = CARTESIAN_POINT ( 'NONE',  ( -4.813257048013643000, 2.300000000000000700, -2.526707820177547200 ) ) ;
#5894 =( NAMED_UNIT ( * ) SI_UNIT ( $, .STERADIAN. ) SOLID_ANGLE_UNIT ( ) );
#5895 =( NAMED_UNIT ( * ) SI_UNIT ( $, .STERADIAN. ) SOLID_ANGLE_UNIT ( ) );
#5896 = LINE ( 'NONE', #5399, #2048 ) ;
#5897 = MECHANICAL_DESIGN_GEOMETRIC_PRESENTATION_REPRESENTATION (  '', ( #8239 ), #3308 ) ;
#5898 = VERTEX_POINT ( 'NONE', #8632 ) ;
#5899 = LINE ( 'NONE', #1036, #4290 ) ;
#5900 = VERTEX_POINT ( 'NONE', #7943 ) ;
#5901 = FILL_AREA_STYLE ('',( #8740 ) ) ;
#5902 = LINE ( 'NONE', #507, #3972 ) ;
#5903 = EDGE_CURVE ( 'NONE', #3334, #1171, #2041, .T. ) ;
#5904 = DIRECTION ( 'NONE',  ( 0.8660254037844373800, 0.5000000000000022200, -0.0000000000000000000 ) ) ;
#5905 = ORIENTED_EDGE ( 'NONE', *, *, #7333, .T. ) ;
#5906 = DIRECTION ( 'NONE',  ( 0.0000000000000000000, 0.0000000000000000000, 1.000000000000000000 ) ) ;
#5907 = VECTOR ( 'NONE', #6851, 1000.000000000000000 ) ;
#5908 = PLANE ( 'NONE',  #7032 ) ;
#5909 = CARTESIAN_POINT ( 'NONE',  ( 4.949999999999999300, 0.4999999999998839800, -5.187500000000000900 ) ) ;
#5910 = CARTESIAN_POINT ( 'NONE',  ( 4.731000000000000800, 0.5010000000000000000, -2.298500000000003300 ) ) ;
#5911 = DIRECTION ( 'NONE',  ( 3.614007241618349300E-016, 0.0000000000000000000, -1.000000000000000000 ) ) ;
#5912 =( GEOMETRIC_REPRESENTATION_CONTEXT ( 3 ) GLOBAL_UNCERTAINTY_ASSIGNED_CONTEXT ( ( #5658 ) ) GLOBAL_UNIT_ASSIGNED_CONTEXT ( ( #1394, #7181, #7109 ) ) REPRESENTATION_CONTEXT ( 'NONE', 'WORKASPACE' ) );
#5913 = VECTOR ( 'NONE', #4268, 1000.000000000000000 ) ;
#5914 = SURFACE_STYLE_FILL_AREA ( #7873 ) ;
#5915 = SURFACE_SIDE_STYLE ('',( #2123 ) ) ;
#5916 = EDGE_CURVE ( 'NONE', #1441, #9185, #4177, .T. ) ;
#5917 = VERTEX_POINT ( 'NONE', #2365 ) ;
#5918 = ORIENTED_EDGE ( 'NONE', *, *, #7028, .F. ) ;
#5919 = CARTESIAN_POINT ( 'NONE',  ( 0.0000000000000000000, 0.5000000000000000000, -4.987500000000003400 ) ) ;
#5920 =( LENGTH_UNIT ( ) NAMED_UNIT ( * ) SI_UNIT ( .MILLI., .METRE. ) );
#5921 = ADVANCED_FACE ( 'NONE', ( #3407 ), #4394, .T. ) ;
#5922 = CIRCLE ( 'NONE', #6121, 0.04999999999999969700 ) ;
#5923 = CARTESIAN_POINT ( 'NONE',  ( 1.000000000000000000, 0.5000000000000000000, 5.787499999999999600 ) ) ;
#5924 =( GEOMETRIC_REPRESENTATION_CONTEXT ( 3 ) GLOBAL_UNCERTAINTY_ASSIGNED_CONTEXT ( ( #1618 ) ) GLOBAL_UNIT_ASSIGNED_CONTEXT ( ( #6733, #8173, #3795 ) ) REPRESENTATION_CONTEXT ( 'NONE', 'WORKASPACE' ) );
#5925 = VERTEX_POINT ( 'NONE', #8156 ) ;
#5927 = VECTOR ( 'NONE', #4286, 1000.000000000000000 ) ;
#5926 = CARTESIAN_POINT ( 'NONE',  ( -4.860632494094494900, 2.205233595624294100, -2.521727650462717300 ) ) ;
#5928 = VERTEX_POINT ( 'NONE', #5229 ) ;
#5929 = CARTESIAN_POINT ( 'NONE',  ( -3.138397459621556300, 0.1499999999999999900, 5.557499999999999200 ) ) ;
#5930 = CARTESIAN_POINT ( 'NONE',  ( -4.842026438489678100, 2.560258285839276800, 4.979663485014221200 ) ) ;
#5931 = ORIENTED_EDGE ( 'NONE', *, *, #2965, .F. ) ;
#5932 = ORIENTED_EDGE ( 'NONE', *, *, #6933, .T. ) ;
#5933 = FACE_OUTER_BOUND ( 'NONE', #4750, .T. ) ;
#5934 = EDGE_CURVE ( 'NONE', #6372, #3715, #1262, .T. ) ;
#5935 =( GEOMETRIC_REPRESENTATION_CONTEXT ( 3 ) GLOBAL_UNCERTAINTY_ASSIGNED_CONTEXT ( ( #9380 ) ) GLOBAL_UNIT_ASSIGNED_CONTEXT ( ( #6815, #3962, #9047 ) ) REPRESENTATION_CONTEXT ( 'NONE', 'WORKASPACE' ) );
#5936 = AXIS2_PLACEMENT_3D ( 'NONE', #2840, #3592, #58 ) ;
#5937 = VECTOR ( 'NONE', #5084, 1000.000000000000100 ) ;
#5938 = UNCERTAINTY_MEASURE_WITH_UNIT (LENGTH_MEASURE( 1.000000000000000100E-005 ), #8927, 'distance_accuracy_value', 'NONE');
#5939 = ORIENTED_EDGE ( 'NONE', *, *, #1667, .F. ) ;
#5940 = LINE ( 'NONE', #6876, #7309 ) ;
#5941 = DIRECTION ( 'NONE',  ( 0.0000000000000000000, 0.0000000000000000000, 1.000000000000000000 ) ) ;
#5942 = EDGE_CURVE ( 'NONE', #2508, #7509, #7590, .T. ) ;
#5943 = ORIENTED_EDGE ( 'NONE', *, *, #8044, .T. ) ;
#5944 = FILL_AREA_STYLE ('',( #7339 ) ) ;
#5945 =( LENGTH_UNIT ( ) NAMED_UNIT ( * ) SI_UNIT ( .MILLI., .METRE. ) );
#5946 = EDGE_LOOP ( 'NONE', ( #3891, #1220, #8777, #3925 ) ) ;
#5947 = CARTESIAN_POINT ( 'NONE',  ( -0.1999999999999999300, 0.0000000000000000000, 5.787499999999999600 ) ) ;
#5948 = CARTESIAN_POINT ( 'NONE',  ( 0.0000000000000000000, 0.0000000000000000000, 3.787499999999999200 ) ) ;
#5949 = ORIENTED_EDGE ( 'NONE', *, *, #2854, .T. ) ;
#5950 = ORIENTED_EDGE ( 'NONE', *, *, #5700, .T. ) ;
#5951 = LINE ( 'NONE', #2944, #3029 ) ;
#5952 = UNCERTAINTY_MEASURE_WITH_UNIT (LENGTH_MEASURE( 1.000000000000000100E-005 ), #5103, 'distance_accuracy_value', 'NONE');
#5953 = VECTOR ( 'NONE', #6794, 1000.000000000000000 ) ;
#5954 = CARTESIAN_POINT ( 'NONE',  ( 4.810701017356765700, 2.202616797812147400, 1.236727650462716900 ) ) ;
#5955 = AXIS2_PLACEMENT_3D ( 'NONE', #8718, #6469, #4848 ) ;
#5956 = SURFACE_STYLE_USAGE ( .BOTH. , #3035 ) ;
#5957 = DIRECTION ( 'NONE',  ( 1.672022627447524500E-016, 1.789195443182277800E-033, 1.000000000000000000 ) ) ;
#5958 = EDGE_CURVE ( 'NONE', #7631, #4339, #4853, .T. ) ;
#5959 = CARTESIAN_POINT ( 'NONE',  ( 4.730000000000000400, 0.5000000000000000000, 0.0000000000000000000 ) ) ;
#5960 = ORIENTED_EDGE ( 'NONE', *, *, #5522, .F. ) ;
#5961 = DIRECTION ( 'NONE',  ( -1.672022627447524500E-016, 0.0000000000000000000, -1.000000000000000000 ) ) ;
#5962 = DIRECTION ( 'NONE',  ( -0.0000000000000000000, -1.000000000000000000, -0.0000000000000000000 ) ) ;
#5963 = VECTOR ( 'NONE', #7883, 1000.000000000000000 ) ;
#5964 = DIRECTION ( 'NONE',  ( -1.000000000000000000, -0.0000000000000000000, 0.0000000000000000000 ) ) ;
#5965 = ORIENTED_EDGE ( 'NONE', *, *, #1868, .F. ) ;
#5966 = CARTESIAN_POINT ( 'NONE',  ( -4.519999999999999600, 0.5000000000000000000, -2.142499999999999600 ) ) ;
#5967 = AXIS2_PLACEMENT_3D ( 'NONE', #1718, #8141, #952 ) ;
#5968 = ORIENTED_EDGE ( 'NONE', *, *, #6738, .F. ) ;
#5969 = VECTOR ( 'NONE', #8203, 1000.000000000000000 ) ;
#5970 = ADVANCED_FACE ( 'NONE', ( #2497 ), #844, .F. ) ;
#5971 = CARTESIAN_POINT ( 'NONE',  ( 4.860632494094494900, 2.205233595624294100, -2.521727650462717300 ) ) ;
#5972 = EDGE_CURVE ( 'NONE', #2657, #5744, #3524, .T. ) ;
#5973 = EDGE_LOOP ( 'NONE', ( #7520, #8511, #7716, #5582 ) ) ;
#5974 = CARTESIAN_POINT ( 'NONE',  ( 2.200000000000000200, 0.5000000000000000000, 0.0000000000000000000 ) ) ;
#5975 = CARTESIAN_POINT ( 'NONE',  ( 3.401000000000000200, 0.5010000000000000000, 4.588499999999999800 ) ) ;
#5976 = ORIENTED_EDGE ( 'NONE', *, *, #1732, .F. ) ;
#5977 = SURFACE_STYLE_USAGE ( .BOTH. , #5387 ) ;
#5978 = ORIENTED_EDGE ( 'NONE', *, *, #3920, .F. ) ;
#5979 = ADVANCED_FACE ( 'NONE', ( #2619 ), #6752, .T. ) ;
#5980 = VECTOR ( 'NONE', #5766, 1000.000000000000000 ) ;
#5981 = LINE ( 'NONE', #4518, #7460 ) ;
#5982 = DIRECTION ( 'NONE',  ( -0.0000000000000000000, 0.0000000000000000000, -1.000000000000000000 ) ) ;
#5983 = ORIENTED_EDGE ( 'NONE', *, *, #7345, .T. ) ;
#5984 = CARTESIAN_POINT ( 'NONE',  ( 0.0000000000000000000, 0.0000000000000000000, 0.9624999999999968000 ) ) ;
#5985 = LINE ( 'NONE', #8394, #6095 ) ;
#5986 = CARTESIAN_POINT ( 'NONE',  ( 1.574999999999999100, 0.1499999999999999900, 5.557499999999999200 ) ) ;
#5987 = CARTESIAN_POINT ( 'NONE',  ( 4.061602540378443900, 0.1499999999999999900, 0.0000000000000000000 ) ) ;
#5988 = DIRECTION ( 'NONE',  ( -1.000000000000000000, -0.0000000000000000000, -0.0000000000000000000 ) ) ;
#5989 = STYLED_ITEM ( 'NONE', ( #4089 ), #2600 ) ;
#5990 = ORIENTED_EDGE ( 'NONE', *, *, #5456, .T. ) ;
#5991 = FACE_OUTER_BOUND ( 'NONE', #3567, .T. ) ;
#5992 = DIRECTION ( 'NONE',  ( -0.0000000000000000000, -1.000000000000000000, -0.0000000000000000000 ) ) ;
#5993 = SURFACE_STYLE_FILL_AREA ( #135 ) ;
#5994 = ORIENTED_EDGE ( 'NONE', *, *, #3078, .T. ) ;
#5995 = EDGE_CURVE ( 'NONE', #5311, #6663, #7255, .T. ) ;
#5996 = FACE_OUTER_BOUND ( 'NONE', #2604, .T. ) ;
#5997 = SURFACE_STYLE_FILL_AREA ( #3409 ) ;
#5998 = CARTESIAN_POINT ( 'NONE',  ( -4.251000000000000300, 0.5010000000000000000, -5.187447592220712200 ) ) ;
#5999 = SURFACE_STYLE_USAGE ( .BOTH. , #1655 ) ;
#6000 = UNCERTAINTY_MEASURE_WITH_UNIT (LENGTH_MEASURE( 1.000000000000000100E-005 ), #6645, 'distance_accuracy_value', 'NONE');
#6001 = LINE ( 'NONE', #4173, #9311 ) ;
#6002 = ORIENTED_EDGE ( 'NONE', *, *, #8028, .F. ) ;
#6003 = CARTESIAN_POINT ( 'NONE',  ( 0.0000000000000000000, 0.5000000000000000000, 0.0000000000000000000 ) ) ;
#6004 = CARTESIAN_POINT ( 'NONE',  ( -4.900000000000000400, 0.0000000000000000000, -0.0000000000000000000 ) ) ;
#6005 = PRESENTATION_LAYER_ASSIGNMENT (  '', '', ( #1475 ) ) ;
#6006 = VECTOR ( 'NONE', #6802, 1000.000000000000000 ) ;
#6007 = DIRECTION ( 'NONE',  ( 0.0000000000000000000, 0.1045284632676583800, 0.9945218953682728500 ) ) ;
#6008 = EDGE_CURVE ( 'NONE', #8418, #3238, #1719, .T. ) ;
#6009 = LINE ( 'NONE', #4296, #7857 ) ;
#6010 = ADVANCED_FACE ( 'NONE', ( #572 ), #3838, .T. ) ;
#6011 = DIRECTION ( 'NONE',  ( 0.0000000000000000000, 0.0000000000000000000, -1.000000000000000000 ) ) ;
#6012 = ORIENTED_EDGE ( 'NONE', *, *, #8042, .T. ) ;
#6013 = ORIENTED_EDGE ( 'NONE', *, *, #8481, .F. ) ;
#6014 = PLANE ( 'NONE',  #2890 ) ;
#6015 = DIRECTION ( 'NONE',  ( 0.0000000000000000000, 1.000000000000000000, 0.0000000000000000000 ) ) ;
#6016 = FACE_OUTER_BOUND ( 'NONE', #4579, .T. ) ;
#6017 = AXIS2_PLACEMENT_3D ( 'NONE', #3357, #8429, #6282 ) ;
#6018 = FACE_OUTER_BOUND ( 'NONE', #8130, .T. ) ;
#6019 = DIRECTION ( 'NONE',  ( 0.0000000000000000000, 0.0000000000000000000, 1.000000000000000000 ) ) ;
#6020 = ORIENTED_EDGE ( 'NONE', *, *, #5791, .F. ) ;
#6021 = EDGE_CURVE ( 'NONE', #4094, #643, #7025, .T. ) ;
#6022 = SURFACE_STYLE_FILL_AREA ( #3352 ) ;
#6023 = CARTESIAN_POINT ( 'NONE',  ( 4.338397459621556400, 0.1499999999999999900, 0.0000000000000000000 ) ) ;
#6024 = LINE ( 'NONE', #9308, #4882 ) ;
#6025 = ORIENTED_EDGE ( 'NONE', *, *, #8524, .F. ) ;
#6026 = SURFACE_STYLE_FILL_AREA ( #2806 ) ;
#6027 = LINE ( 'NONE', #8215, #834 ) ;
#6028 = CARTESIAN_POINT ( 'NONE',  ( -4.862439670827438200, 2.170750609364112000, 1.233103342562163600 ) ) ;
#6029 = ORIENTED_EDGE ( 'NONE', *, *, #4890, .T. ) ;
#6030 = VECTOR ( 'NONE', #8136, 1000.000000000000000 ) ;
#6031 = DIRECTION ( 'NONE',  ( 0.0000000000000000000, -0.0000000000000000000, 1.000000000000000000 ) ) ;
#6032 = PLANE ( 'NONE',  #1300 ) ;
#6033 = PLANE ( 'NONE',  #5967 ) ;
#6034 = PRESENTATION_LAYER_ASSIGNMENT (  '', '', ( #5252 ) ) ;
#6035 = EDGE_CURVE ( 'NONE', #8228, #8242, #7362, .T. ) ;
#6036 = CARTESIAN_POINT ( 'NONE',  ( 0.0000000000000000000, 0.02000000000000000000, 5.137499999999999300 ) ) ;
#6037 = ORIENTED_EDGE ( 'NONE', *, *, #9340, .T. ) ;
#6038 = ORIENTED_EDGE ( 'NONE', *, *, #4665, .F. ) ;
#6039 = DIRECTION ( 'NONE',  ( 1.000000000000000000, 0.0000000000000000000, 0.0000000000000000000 ) ) ;
#6040 = ORIENTED_EDGE ( 'NONE', *, *, #7086, .F. ) ;
#6041 = DIRECTION ( 'NONE',  ( -1.000000000000000000, 0.0000000000000000000, 0.0000000000000000000 ) ) ;
#6042 = ORIENTED_EDGE ( 'NONE', *, *, #3107, .F. ) ;
#6043 = DIRECTION ( 'NONE',  ( -1.000000000000000000, 0.0000000000000000000, -0.0000000000000000000 ) ) ;
#6044 = MECHANICAL_DESIGN_GEOMETRIC_PRESENTATION_REPRESENTATION (  '', ( #2309 ), #8160 ) ;
#6045 =( LENGTH_UNIT ( ) NAMED_UNIT ( * ) SI_UNIT ( .MILLI., .METRE. ) );
#6046 = CYLINDRICAL_SURFACE ( 'NONE', #2566, 0.04999999999999969700 ) ;
#6047 = ORIENTED_EDGE ( 'NONE', *, *, #7611, .T. ) ;
#6048 = VECTOR ( 'NONE', #7264, 1000.000000000000000 ) ;
#6049 =( LENGTH_UNIT ( ) NAMED_UNIT ( * ) SI_UNIT ( .MILLI., .METRE. ) );
#6050 = FILL_AREA_STYLE_COLOUR ( '', #8870 ) ;
#6051 = ORIENTED_EDGE ( 'NONE', *, *, #7041, .T. ) ;
#6052 = EDGE_CURVE ( 'NONE', #8004, #4544, #14, .T. ) ;
#6053 = UNCERTAINTY_MEASURE_WITH_UNIT (LENGTH_MEASURE( 1.000000000000000100E-005 ), #596, 'distance_accuracy_value', 'NONE');
#6054 = VERTEX_POINT ( 'NONE', #4585 ) ;
#6055 = ORIENTED_EDGE ( 'NONE', *, *, #6338, .T. ) ;
#6056 = DIRECTION ( 'NONE',  ( 0.0000000000000000000, 0.0000000000000000000, -1.000000000000000000 ) ) ;
#6057 = ADVANCED_FACE ( 'NONE', ( #5330 ), #6014, .F. ) ;
#6058 = CARTESIAN_POINT ( 'NONE',  ( -4.669999999999999900, 0.5010000000000000000, 0.8574999999999997100 ) ) ;
#6059 = CARTESIAN_POINT ( 'NONE',  ( -0.7383974596215561200, 0.1499999999999999900, 5.557499999999999200 ) ) ;
#6060 = CARTESIAN_POINT ( 'NONE',  ( -4.760769540619038200, 2.200000000000000200, -4.998269540619038100 ) ) ;
#6061 = ORIENTED_EDGE ( 'NONE', *, *, #7187, .F. ) ;
#6062 = VECTOR ( 'NONE', #4155, 1000.000000000000000 ) ;
#6063 = EDGE_CURVE ( 'NONE', #5261, #7835, #8523, .T. ) ;
#6064 = VECTOR ( 'NONE', #6712, 1000.000000000000000 ) ;
#6065 = CARTESIAN_POINT ( 'NONE',  ( -4.900000000000000400, 0.0000000000000000000, -5.237500000000000700 ) ) ;
#6066 = VERTEX_POINT ( 'NONE', #4610 ) ;
#6067 = CARTESIAN_POINT ( 'NONE',  ( -0.5999999999999999800, 0.0000000000000000000, -5.887500000000002800 ) ) ;
#6068 = CARTESIAN_POINT ( 'NONE',  ( -4.810701017356766600, 2.202616797812147400, -2.521727650462717300 ) ) ;
#6069 = DIRECTION ( 'NONE',  ( -0.0000000000000000000, -1.000000000000000000, -0.0000000000000000000 ) ) ;
#6070 = ORIENTED_EDGE ( 'NONE', *, *, #7129, .T. ) ;
#6071 = SURFACE_STYLE_FILL_AREA ( #5560 ) ;
#6072 =( GEOMETRIC_REPRESENTATION_CONTEXT ( 3 ) GLOBAL_UNCERTAINTY_ASSIGNED_CONTEXT ( ( #2527 ) ) GLOBAL_UNIT_ASSIGNED_CONTEXT ( ( #1145, #7667, #510 ) ) REPRESENTATION_CONTEXT ( 'NONE', 'WORKASPACE' ) );
#6073 = EDGE_CURVE ( 'NONE', #3519, #6218, #5778, .T. ) ;
#6074 = ORIENTED_EDGE ( 'NONE', *, *, #6777, .T. ) ;
#6075 = FACE_OUTER_BOUND ( 'NONE', #2877, .T. ) ;
#6076 = CARTESIAN_POINT ( 'NONE',  ( 0.0000000000000000000, 0.5000000000000000000, -4.987500000000003400 ) ) ;
#6077 = CARTESIAN_POINT ( 'NONE',  ( 3.700000000000001100, 0.0000000000000000000, -5.587500000000003000 ) ) ;
#6078 = VECTOR ( 'NONE', #8645, 1000.000000000000000 ) ;
#6079 = EDGE_LOOP ( 'NONE', ( #4814, #712, #629, #7063 ) ) ;
#6080 = CARTESIAN_POINT ( 'NONE',  ( -4.949999999999999300, 0.07000000000000018700, 5.137499999999999300 ) ) ;
#6081 = STYLED_ITEM ( 'NONE', ( #225 ), #6146 ) ;
#6082 = ORIENTED_EDGE ( 'NONE', *, *, #3850, .F. ) ;
#6083 = CARTESIAN_POINT ( 'NONE',  ( 4.760769540619037300, 2.299999999999999800, 1.241707825693110000 ) ) ;
#6084 = EDGE_CURVE ( 'NONE', #9122, #7650, #9301, .T. ) ;
#6085 = CARTESIAN_POINT ( 'NONE',  ( 0.0000000000000000000, 2.250000000000000000, 1.500000000000000200 ) ) ;
#6086 = DIRECTION ( 'NONE',  ( 0.0000000000000000000, 0.0000000000000000000, 1.000000000000000000 ) ) ;
#6087 = DIRECTION ( 'NONE',  ( 1.000000000000000000, -0.0000000000000000000, 0.0000000000000000000 ) ) ;
#6088 = VECTOR ( 'NONE', #447, 1000.000000000000100 ) ;
#6089 = SURFACE_STYLE_USAGE ( .BOTH. , #8284 ) ;
#6090 = VECTOR ( 'NONE', #3097, 1000.000000000000000 ) ;
#6091 = AXIS2_PLACEMENT_3D ( 'NONE', #550, #5616, #6233 ) ;
#6092 = ORIENTED_EDGE ( 'NONE', *, *, #2623, .F. ) ;
#6093 = DIRECTION ( 'NONE',  ( -1.000000000000000000, 0.0000000000000000000, 0.0000000000000000000 ) ) ;
#6094 = PRESENTATION_LAYER_ASSIGNMENT (  '', '', ( #2534 ) ) ;
#6095 = VECTOR ( 'NONE', #6087, 1000.000000000000000 ) ;
#6096 = DIRECTION ( 'NONE',  ( -1.000000000000000000, 0.0000000000000000000, 0.0000000000000000000 ) ) ;
#6097 = ORIENTED_EDGE ( 'NONE', *, *, #4122, .T. ) ;
#6098 = DIRECTION ( 'NONE',  ( 0.0000000000000000000, 0.0000000000000000000, -1.000000000000000000 ) ) ;
#6099 = ADVANCED_FACE ( 'NONE', ( #7714 ), #3395, .T. ) ;
#6100 = LINE ( 'NONE', #5517, #8962 ) ;
#6101 = ORIENTED_EDGE ( 'NONE', *, *, #5729, .T. ) ;
#6102 = EDGE_CURVE ( 'NONE', #664, #5293, #8854, .T. ) ;
#6103 = DIRECTION ( 'NONE',  ( -0.5000000000000069900, 0.8660254037844346000, 0.0000000000000000000 ) ) ;
#6104 = ORIENTED_EDGE ( 'NONE', *, *, #3696, .F. ) ;
#6105 = FACE_OUTER_BOUND ( 'NONE', #2930, .T. ) ;
#6106 = ORIENTED_EDGE ( 'NONE', *, *, #7459, .F. ) ;
#6107 =( GEOMETRIC_REPRESENTATION_CONTEXT ( 3 ) GLOBAL_UNCERTAINTY_ASSIGNED_CONTEXT ( ( #3913 ) ) GLOBAL_UNIT_ASSIGNED_CONTEXT ( ( #2633, #443, #571 ) ) REPRESENTATION_CONTEXT ( 'NONE', 'WORKASPACE' ) );
#6108 = DIRECTION ( 'NONE',  ( -0.0000000000000000000, -1.000000000000000000, -0.0000000000000000000 ) ) ;
#6109 = DIRECTION ( 'NONE',  ( 2.180348522309858400E-015, -0.0000000000000000000, 1.000000000000000000 ) ) ;
#6110 = CARTESIAN_POINT ( 'NONE',  ( -4.949999999999999300, 0.07000000000000018700, 5.187499999999999100 ) ) ;
#6111 = EDGE_CURVE ( 'NONE', #2789, #602, #4064, .T. ) ;
#6112 = ORIENTED_EDGE ( 'NONE', *, *, #482, .F. ) ;
#6113 = PLANE ( 'NONE',  #4 ) ;
#6114 = LINE ( 'NONE', #5929, #7494 ) ;
#6115 = ORIENTED_EDGE ( 'NONE', *, *, #1895, .T. ) ;
#6116 = CARTESIAN_POINT ( 'NONE',  ( 3.700000000000001100, 0.0000000000000000000, 0.0000000000000000000 ) ) ;
#6117 = DIRECTION ( 'NONE',  ( 1.000000000000000000, 0.0000000000000000000, 0.0000000000000000000 ) ) ;
#6118 = DIRECTION ( 'NONE',  ( 0.0000000000000000000, 0.0000000000000000000, 1.000000000000000000 ) ) ;
#6119 = FILL_AREA_STYLE ('',( #4036 ) ) ;
#6120 = CARTESIAN_POINT ( 'NONE',  ( -0.1999999999999999300, 0.0000000000000000000, 3.787499999999999200 ) ) ;
#6121 = AXIS2_PLACEMENT_3D ( 'NONE', #6566, #5216, #160 ) ;
#6122 = VERTEX_POINT ( 'NONE', #8719 ) ;
#6123 = CYLINDRICAL_SURFACE ( 'NONE', #2733, 1.500000000000000200 ) ;
#6124 = CARTESIAN_POINT ( 'NONE',  ( -4.788857061950379200, 2.255226423163383000, 1.191981730924695800 ) ) ;
#6125 = FILL_AREA_STYLE_COLOUR ( '', #636 ) ;
#6126 = VECTOR ( 'NONE', #6333, 1000.000000000000000 ) ;
#6127 = DIRECTION ( 'NONE',  ( 0.0000000000000000000, -1.000000000000000000, 0.0000000000000000000 ) ) ;
#6128 = DIRECTION ( 'NONE',  ( -0.0000000000000000000, -1.000000000000000000, -0.0000000000000000000 ) ) ;
#6129 = EDGE_CURVE ( 'NONE', #273, #7994, #8191, .T. ) ;
#6130 = VECTOR ( 'NONE', #2702, 1000.000000000000000 ) ;
#6131 = VECTOR ( 'NONE', #6069, 1000.000000000000000 ) ;
#6132 = TOROIDAL_SURFACE ( 'NONE', #6863, 0.3842078256931099100, 0.05000000000000000300 ) ;
#6133 = ORIENTED_EDGE ( 'NONE', *, *, #3042, .T. ) ;
#6134 = ORIENTED_EDGE ( 'NONE', *, *, #1246, .T. ) ;
#6135 = CARTESIAN_POINT ( 'NONE',  ( -4.944497758083885600, 0.04719759821045534100, -5.181997758071480200 ) ) ;
#6136 = AXIS2_PLACEMENT_3D ( 'NONE', #8045, #5109, #1526 ) ;
#6137 = FILL_AREA_STYLE_COLOUR ( '', #5168 ) ;
#6138 = LINE ( 'NONE', #2441, #269 ) ;
#6139 = ORIENTED_EDGE ( 'NONE', *, *, #4348, .F. ) ;
#6140 = DIRECTION ( 'NONE',  ( 0.0000000000000000000, -1.000000000000000000, 0.0000000000000000000 ) ) ;
#6141 = EDGE_CURVE ( 'NONE', #1301, #3276, #3617, .T. ) ;
#6142 = ORIENTED_EDGE ( 'NONE', *, *, #1346, .F. ) ;
#6143 = ORIENTED_EDGE ( 'NONE', *, *, #3641, .F. ) ;
#6144 = SURFACE_SIDE_STYLE ('',( #8680 ) ) ;
#6145 = PRESENTATION_LAYER_ASSIGNMENT (  '', '', ( #6509 ) ) ;
#6146 = ADVANCED_FACE ( 'NONE', ( #2383 ), #2150, .F. ) ;
#6147 = CARTESIAN_POINT ( 'NONE',  ( 0.4616025403784444500, 0.1499999999999999900, 0.0000000000000000000 ) ) ;
#6148 = AXIS2_PLACEMENT_3D ( 'NONE', #7986, #4263, #7102 ) ;
#6149 = LINE ( 'NONE', #7173, #1313 ) ;
#6150 =( GEOMETRIC_REPRESENTATION_CONTEXT ( 3 ) GLOBAL_UNCERTAINTY_ASSIGNED_CONTEXT ( ( #8753 ) ) GLOBAL_UNIT_ASSIGNED_CONTEXT ( ( #7706, #1973, #5519 ) ) REPRESENTATION_CONTEXT ( 'NONE', 'WORKASPACE' ) );
#6151 = ORIENTED_EDGE ( 'NONE', *, *, #6532, .F. ) ;
#6152 = DIRECTION ( 'NONE',  ( -0.0000000000000000000, -0.0000000000000000000, 1.000000000000000000 ) ) ;
#6153 = CARTESIAN_POINT ( 'NONE',  ( 4.944497758068601800, 0.04719759823592639700, -5.181997758082260900 ) ) ;
#6154 = DIRECTION ( 'NONE',  ( -1.672022627447524700E-016, 0.0000000000000000000, -1.000000000000000000 ) ) ;
#6155 = ORIENTED_EDGE ( 'NONE', *, *, #5575, .T. ) ;
#6156 = VERTEX_POINT ( 'NONE', #8 ) ;
#6157 = ADVANCED_FACE ( 'NONE', ( #5991 ), #38, .T. ) ;
#6158 = VECTOR ( 'NONE', #2584, 1000.000000000000000 ) ;
#6159 = CARTESIAN_POINT ( 'NONE',  ( -4.250000000000000000, 0.5000000000000000000, -2.597500000000002800 ) ) ;
#6160 = CARTESIAN_POINT ( 'NONE',  ( 4.251000000000000300, 0.5010000000000000000, -2.298500000000003300 ) ) ;
#6161 = AXIS2_PLACEMENT_3D ( 'NONE', #5073, #5814, #1430 ) ;
#6162 = STYLED_ITEM ( 'NONE', ( #5663 ), #8795 ) ;
#6163 = FILL_AREA_STYLE_COLOUR ( '', #9195 ) ;
#6164 =( BOUNDED_SURFACE ( )  B_SPLINE_SURFACE ( 3, 2, ( 
 ( #3642, #753, #8027 ),
 ( #5127, #4417, #4380 ),
 ( #5157, #3679, #5893 ),
 ( #8727, #3588, #7260 ) ),
 .UNSPECIFIED., .F., .F., .F. ) 
 B_SPLINE_SURFACE_WITH_KNOTS ( ( 4, 4 ),
 ( 3, 3 ),
 ( 1.623156204354725400, 3.141592653589794400 ),
 ( 0.0000000000000000000, 1.000000000000000000 ),
 .UNSPECIFIED. ) 
 GEOMETRIC_REPRESENTATION_ITEM ( )  RATIONAL_B_SPLINE_SURFACE ( (
 ( 1.000000000000000000, 0.7090382913072176300, 1.000000000000000000),
 ( 1.000000000000000000, 0.7280390855194591700, 1.000000000000000000),
 ( 1.000000000000000000, 0.7435649452655094200, 1.000000000000000000),
 ( 1.000000000000000000, 0.7431448254773930200, 1.000000000000000000) ) ) 
 REPRESENTATION_ITEM ( '' )  SURFACE ( )  );
#6165 = ORIENTED_EDGE ( 'NONE', *, *, #191, .T. ) ;
#6166 = ORIENTED_EDGE ( 'NONE', *, *, #3920, .T. ) ;
#6167 = VECTOR ( 'NONE', #3724, 1000.000000000000000 ) ;
#6168 = LINE ( 'NONE', #1932, #189 ) ;
#6169 = DIRECTION ( 'NONE',  ( 0.0000000000000000000, -0.0000000000000000000, 1.000000000000000000 ) ) ;
#6170 = EDGE_CURVE ( 'NONE', #6842, #8034, #3072, .T. ) ;
#6171 = ORIENTED_EDGE ( 'NONE', *, *, #2037, .T. ) ;
#6172 = DIRECTION ( 'NONE',  ( 0.0000000000000000000, 0.0000000000000000000, 1.000000000000000000 ) ) ;
#6173 = AXIS2_PLACEMENT_3D ( 'NONE', #3811, #202, #5982 ) ;
#6174 = CARTESIAN_POINT ( 'NONE',  ( -4.849999999999999600, 0.07000000000000000700, 5.137499999999999300 ) ) ;
#6175 = FILL_AREA_STYLE_COLOUR ( '', #9250 ) ;
#6176 = ORIENTED_EDGE ( 'NONE', *, *, #6262, .T. ) ;
#6177 = DIRECTION ( 'NONE',  ( 1.000000000000000000, -0.0000000000000000000, 0.0000000000000000000 ) ) ;
#6178 = FACE_OUTER_BOUND ( 'NONE', #6643, .T. ) ;
#6179 = PLANE ( 'NONE',  #3757 ) ;
#6180 = DIRECTION ( 'NONE',  ( -0.0000000000000000000, 0.9986295347545740600, -0.05233595624294079500 ) ) ;
#6181 = FILL_AREA_STYLE_COLOUR ( '', #4501 ) ;
#6182 = EDGE_CURVE ( 'NONE', #3996, #2200, #4385, .T. ) ;
#6183 = ORIENTED_EDGE ( 'NONE', *, *, #2824, .F. ) ;
#6184 = COLOUR_RGB ( '',0.7529411764705882200, 0.7529411764705882200, 0.7529411764705882200 ) ;
#6185 = DIRECTION ( 'NONE',  ( -0.0000000000000000000, 0.9986295347545740600, -0.05233595624294079500 ) ) ;
#6186 = FACE_OUTER_BOUND ( 'NONE', #4921, .T. ) ;
#6187 = VERTEX_POINT ( 'NONE', #7278 ) ;
#6188 = CARTESIAN_POINT ( 'NONE',  ( 4.731000000000000800, 0.5010000000000000000, 0.9634999999999968000 ) ) ;
#6189 = FACE_OUTER_BOUND ( 'NONE', #4396, .T. ) ;
#6190 = PLANE ( 'NONE',  #7184 ) ;
#6191 = CARTESIAN_POINT ( 'NONE',  ( -4.949999999999999300, 0.4999999999998839800, 5.187499999999999100 ) ) ;
#6192 = ADVANCED_FACE ( 'NONE', ( #4729 ), #8731, .T. ) ;
#6193 = AXIS2_PLACEMENT_3D ( 'NONE', #819, #6523, #1510 ) ;
#6194 = VERTEX_POINT ( 'NONE', #7468 ) ;
#6195 = CARTESIAN_POINT ( 'NONE',  ( -3.225000000000000500, 0.0000000000000000000, 5.787499999999999600 ) ) ;
#6196 = EDGE_CURVE ( 'NONE', #5035, #2657, #3846, .T. ) ;
#6197 =( NAMED_UNIT ( * ) PLANE_ANGLE_UNIT ( ) SI_UNIT ( $, .RADIAN. ) );
#6198 = CARTESIAN_POINT ( 'NONE',  ( 0.0000000000000000000, 0.5000000000000000000, -2.297500000000003000 ) ) ;
#6199 = CARTESIAN_POINT ( 'NONE',  ( -4.900000000000000400, 0.5000000000000000000, -5.237500000000000700 ) ) ;
#6200 = DIRECTION ( 'NONE',  ( 1.000000000000000000, -0.0000000000000000000, -8.685520583982885200E-015 ) ) ;
#6201 = ORIENTED_EDGE ( 'NONE', *, *, #1850, .T. ) ;
#6202 =( LENGTH_UNIT ( ) NAMED_UNIT ( * ) SI_UNIT ( .MILLI., .METRE. ) );
#6203 = ADVANCED_FACE ( 'NONE', ( #6894 ), #6033, .F. ) ;
#6204 = VECTOR ( 'NONE', #2443, 1000.000000000000100 ) ;
#6205 = CARTESIAN_POINT ( 'NONE',  ( -4.860632494094494900, 2.205233595624294100, -2.521727650462717300 ) ) ;
#6206 = SURFACE_SIDE_STYLE ('',( #6022 ) ) ;
#6207 = MECHANICAL_DESIGN_GEOMETRIC_PRESENTATION_REPRESENTATION (  '', ( #2157 ), #5912 ) ;
#6208 = VECTOR ( 'NONE', #8138, 999.9999999999998900 ) ;
#6209 = SURFACE_SIDE_STYLE ('',( #2270 ) ) ;
#6210 = FILL_AREA_STYLE ('',( #1200 ) ) ;
#6211 = PLANE ( 'NONE',  #3254 ) ;
#6212 = EDGE_CURVE ( 'NONE', #498, #9366, #5659, .T. ) ;
#6213 = LINE ( 'NONE', #663, #3843 ) ;
#6214 = CARTESIAN_POINT ( 'NONE',  ( 0.0000000000000000000, 0.5000000000000000000, -5.587500000000003000 ) ) ;
#6215 = VERTEX_POINT ( 'NONE', #8966 ) ;
#6216 = CARTESIAN_POINT ( 'NONE',  ( -2.200000000000000200, 0.0000000000000000000, 3.787499999999999200 ) ) ;
#6217 = PRESENTATION_STYLE_ASSIGNMENT (( #2669 ) ) ;
#6218 = VERTEX_POINT ( 'NONE', #7436 ) ;
#6219 = SURFACE_STYLE_USAGE ( .BOTH. , #9057 ) ;
#6220 = DIRECTION ( 'NONE',  ( 0.05226442768871090300, 0.9972646886342375600, 0.05226442768871135400 ) ) ;
#6221 = MECHANICAL_DESIGN_GEOMETRIC_PRESENTATION_REPRESENTATION (  '', ( #2531 ), #5924 ) ;
#6222 = CARTESIAN_POINT ( 'NONE',  ( 3.400000000000000400, 0.0000000000000000000, 4.587499999999999500 ) ) ;
#6223 = COLOUR_RGB ( '',0.7529411764705882200, 0.7529411764705882200, 0.7529411764705882200 ) ;
#6224 = UNCERTAINTY_MEASURE_WITH_UNIT (LENGTH_MEASURE( 1.000000000000000100E-005 ), #1746, 'distance_accuracy_value', 'NONE');
#6225 = DIRECTION ( 'NONE',  ( 0.0000000000000000000, 0.0000000000000000000, 1.000000000000000000 ) ) ;
#6226 = ORIENTED_EDGE ( 'NONE', *, *, #3416, .F. ) ;
#6227 = VECTOR ( 'NONE', #7646, 1000.000000000000000 ) ;
#6228 = EDGE_CURVE ( 'NONE', #2114, #2924, #909, .T. ) ;
#6229 =( NAMED_UNIT ( * ) SI_UNIT ( $, .STERADIAN. ) SOLID_ANGLE_UNIT ( ) );
#6230 = CARTESIAN_POINT ( 'NONE',  ( 4.860632494094494900, 2.205233595624294100, 1.236727650462716700 ) ) ;
#6231 = MANIFOLD_SOLID_BREP ( 'LPattern1[2]', #8713 ) ;
#6232 = AXIS2_PLACEMENT_3D ( 'NONE', #8106, #2252, #127 ) ;
#6233 = DIRECTION ( 'NONE',  ( 0.0000000000000000000, -0.0000000000000000000, -1.000000000000000000 ) ) ;
#6234 = DIRECTION ( 'NONE',  ( -0.0000000000000000000, -1.000000000000000000, -0.0000000000000000000 ) ) ;
#6235 = ORIENTED_EDGE ( 'NONE', *, *, #1562, .T. ) ;
#6236 = LINE ( 'NONE', #7233, #8308 ) ;
#6237 = DIRECTION ( 'NONE',  ( 0.0000000000000000000, 0.0000000000000000000, 1.000000000000000000 ) ) ;
#6238 = DIRECTION ( 'NONE',  ( 0.0000000000000000000, 0.0000000000000000000, 1.000000000000000000 ) ) ;
#6239 = DIRECTION ( 'NONE',  ( 0.0000000000000000000, 1.000000000000000000, -0.0000000000000000000 ) ) ;
#6240 = ADVANCED_FACE ( 'NONE', ( #4721 ), #6736, .F. ) ;
#6241 = FACE_OUTER_BOUND ( 'NONE', #723, .T. ) ;
#6242 = EDGE_CURVE ( 'NONE', #4469, #6308, #5879, .T. ) ;
#6243 = CARTESIAN_POINT ( 'NONE',  ( 0.0000000000000000000, 0.02000000000000000000, 5.137499999999999300 ) ) ;
#6244 = LINE ( 'NONE', #4135, #1503 ) ;
#6245 = DIRECTION ( 'NONE',  ( 0.0000000000000000000, 8.131516293641332600E-016, -1.000000000000000000 ) ) ;
#6246 = ORIENTED_EDGE ( 'NONE', *, *, #1491, .F. ) ;
#6247 = COLOUR_RGB ( '',0.7529411764705882200, 0.7529411764705882200, 0.7529411764705882200 ) ;
#6248 = VERTEX_POINT ( 'NONE', #3799 ) ;
#6249 = CARTESIAN_POINT ( 'NONE',  ( -4.731000000000000800, 0.01999999999999999700, -2.298500000000003300 ) ) ;
#6250 = CARTESIAN_POINT ( 'NONE',  ( 3.401000000000000200, 0.5010000000000000000, 5.187447592220710400 ) ) ;
#6251 = PRESENTATION_STYLE_ASSIGNMENT (( #4057 ) ) ;
#6252 = PRESENTATION_STYLE_ASSIGNMENT (( #5775 ) ) ;
#6253 = AXIS2_PLACEMENT_3D ( 'NONE', #8783, #3706, #3767 ) ;
#6254 = VERTEX_POINT ( 'NONE', #5975 ) ;
#6255 = CARTESIAN_POINT ( 'NONE',  ( 0.0000000000000000000, 2.250000000000000000, 0.0000000000000000000 ) ) ;
#6256 = VERTEX_POINT ( 'NONE', #6700 ) ;
#6258 = LINE ( 'NONE', #2087, #8983 ) ;
#6257 = PLANE ( 'NONE',  #7898 ) ;
#6259 = ORIENTED_EDGE ( 'NONE', *, *, #1259, .F. ) ;
#6260 = ADVANCED_FACE ( 'NONE', ( #2830 ), #1626, .F. ) ;
#6261 = CARTESIAN_POINT ( 'NONE',  ( 1.938397459621555000, 0.1499999999999999900, 5.787499999999999600 ) ) ;
#6262 = EDGE_CURVE ( 'NONE', #7580, #956, #8615, .T. ) ;
#6263 = VECTOR ( 'NONE', #5077, 1000.000000000000000 ) ;
#6264 = LINE ( 'NONE', #9298, #5367 ) ;
#6265 = VERTEX_POINT ( 'NONE', #3973 ) ;
#6266 = CARTESIAN_POINT ( 'NONE',  ( -0.7383974596215561200, 0.1499999999999999900, 5.557499999999999200 ) ) ;
#6267 = ORIENTED_EDGE ( 'NONE', *, *, #5059, .F. ) ;
#6268 = DIRECTION ( 'NONE',  ( 1.000000000000000000, 0.0000000000000000000, 0.0000000000000000000 ) ) ;
#6269 =( LENGTH_UNIT ( ) NAMED_UNIT ( * ) SI_UNIT ( .MILLI., .METRE. ) );
#6270 = AXIS2_PLACEMENT_3D ( 'NONE', #6060, #3884, #3853 ) ;
#6271 = DIRECTION ( 'NONE',  ( -0.0000000000000000000, -1.000000000000000000, -0.0000000000000000000 ) ) ;
#6272 = PLANE ( 'NONE',  #2783 ) ;
#6273 = ORIENTED_EDGE ( 'NONE', *, *, #635, .T. ) ;
#6274 = LINE ( 'NONE', #7693, #394 ) ;
#6275 = EDGE_CURVE ( 'NONE', #9185, #4594, #5985, .T. ) ;
#6276 = VERTEX_POINT ( 'NONE', #348 ) ;
#6277 = LINE ( 'NONE', #6306, #7889 ) ;
#6278 = FILL_AREA_STYLE ('',( #1768 ) ) ;
#6279 = SURFACE_STYLE_USAGE ( .BOTH. , #3380 ) ;
#6280 = VECTOR ( 'NONE', #2294, 1000.000000000000100 ) ;
#6281 = CARTESIAN_POINT ( 'NONE',  ( 1.399999999999999900, 0.5000000000000000000, 5.787499999999999600 ) ) ;
#6282 = DIRECTION ( 'NONE',  ( 0.0000000000000000000, 0.0000000000000000000, -1.000000000000000000 ) ) ;
#6283 = ORIENTED_EDGE ( 'NONE', *, *, #1215, .T. ) ;
#6284 = PRESENTATION_LAYER_ASSIGNMENT (  '', '', ( #5186 ) ) ;
#6285 = CARTESIAN_POINT ( 'NONE',  ( 2.598999999999999800, 0.01999999999999999700, 4.588499999999999800 ) ) ;
#6286 = EDGE_LOOP ( 'NONE', ( #7192, #184, #8908, #8252 ) ) ;
#6287 = SURFACE_STYLE_FILL_AREA ( #6759 ) ;
#6288 = EDGE_CURVE ( 'NONE', #4811, #5885, #2140, .T. ) ;
#6289 = PLANE ( 'NONE',  #917 ) ;
#6290 = ORIENTED_EDGE ( 'NONE', *, *, #4637, .T. ) ;
#6291 = LINE ( 'NONE', #6434, #9028 ) ;
#6292 = ADVANCED_FACE ( 'NONE', ( #4168 ), #1076, .F. ) ;
#6293 = AXIS2_PLACEMENT_3D ( 'NONE', #2458, #8831, #3932 ) ;
#6294 = LINE ( 'NONE', #1016, #80 ) ;
#6295 = AXIS2_PLACEMENT_3D ( 'NONE', #5163, #7353, #4493 ) ;
#6296 = ORIENTED_EDGE ( 'NONE', *, *, #8390, .F. ) ;
#6297 =( NAMED_UNIT ( * ) PLANE_ANGLE_UNIT ( ) SI_UNIT ( $, .RADIAN. ) );
#6298 = CARTESIAN_POINT ( 'NONE',  ( 0.0000000000000000000, 0.5000000000000000000, 3.787499999999999200 ) ) ;
#6299 = ORIENTED_EDGE ( 'NONE', *, *, #6634, .F. ) ;
#6300 = LINE ( 'NONE', #4130, #652 ) ;
#6301 = PLANE ( 'NONE',  #6091 ) ;
#6302 = DIRECTION ( 'NONE',  ( -0.0000000000000000000, -1.000000000000000000, -0.0000000000000000000 ) ) ;
#6303 = EDGE_CURVE ( 'NONE', #4324, #3616, #1244, .T. ) ;
#6304 = CARTESIAN_POINT ( 'NONE',  ( -4.251000000000000300, 0.5010000000000000000, -2.298500000000003300 ) ) ;
#6305 = VERTEX_POINT ( 'NONE', #3201 ) ;
#6306 = CARTESIAN_POINT ( 'NONE',  ( 4.842026438489679800, 2.560258285839277300, 4.979663485014221200 ) ) ;
#6307 = DIRECTION ( 'NONE',  ( -0.0000000000000000000, -1.000000000000000000, -0.0000000000000000000 ) ) ;
#6308 = VERTEX_POINT ( 'NONE', #8281 ) ;
#6309 = CARTESIAN_POINT ( 'NONE',  ( -4.670000000000000800, 0.5000000000000000000, -2.292500000000000400 ) ) ;
#6310 = CARTESIAN_POINT ( 'NONE',  ( -1.938397459621556300, 0.1499999999999999900, 5.787499999999999600 ) ) ;
#6311 = AXIS2_PLACEMENT_3D ( 'NONE', #8179, #6768, #3803 ) ;
#6312 = CARTESIAN_POINT ( 'NONE',  ( 0.0000000000000000000, 2.250000000000000000, 0.0000000000000000000 ) ) ;
#6313 = EDGE_CURVE ( 'NONE', #8807, #395, #1356, .T. ) ;
#6314 = CARTESIAN_POINT ( 'NONE',  ( 0.0000000000000000000, 0.02000000000000000000, -5.137500000000001100 ) ) ;
#6315 = ORIENTED_EDGE ( 'NONE', *, *, #5846, .F. ) ;
#6316 = LINE ( 'NONE', #9183, #5650 ) ;
#6317 = CARTESIAN_POINT ( 'NONE',  ( -4.900340192062548000, 0.4974258758392641800, 1.007229448648606600 ) ) ;
#6318 = CARTESIAN_POINT ( 'NONE',  ( -2.600000000000000100, 0.5000000000000000000, 5.787499999999999600 ) ) ;
#6319 = FILL_AREA_STYLE_COLOUR ( '', #4857 ) ;
#6320 = AXIS2_PLACEMENT_3D ( 'NONE', #6553, #2238, #2969 ) ;
#6321 = LINE ( 'NONE', #4907, #7138 ) ;
#6322 = FILL_AREA_STYLE ('',( #647 ) ) ;
#6323 = EDGE_CURVE ( 'NONE', #4123, #6265, #5425, .T. ) ;
#6324 = PLANE ( 'NONE',  #688 ) ;
#6325 = PRESENTATION_LAYER_ASSIGNMENT (  '', '', ( #162 ) ) ;
#6326 = LINE ( 'NONE', #8843, #1364 ) ;
#6327 = CARTESIAN_POINT ( 'NONE',  ( -4.061602540378443000, 0.1499999999999999900, 5.557499999999999200 ) ) ;
#6328 = FACE_OUTER_BOUND ( 'NONE', #4143, .T. ) ;
#6329 = DIRECTION ( 'NONE',  ( 1.000000000000000000, 0.0000000000000000000, -0.0000000000000000000 ) ) ;
#6330 = DIRECTION ( 'NONE',  ( 1.000000000000000000, 0.0000000000000000000, 0.0000000000000000000 ) ) ;
#6331 = CARTESIAN_POINT ( 'NONE',  ( -4.599999999999999600, 0.5000000000000000000, 3.787499999999999200 ) ) ;
#6332 = PRESENTATION_LAYER_ASSIGNMENT (  '', '', ( #1380 ) ) ;
#6333 = DIRECTION ( 'NONE',  ( -1.000000000000000000, 0.0000000000000000000, -0.0000000000000000000 ) ) ;
#6334 = VERTEX_POINT ( 'NONE', #1045 ) ;
#6335 = DIRECTION ( 'NONE',  ( -1.000000000000000000, 0.0000000000000000000, 0.0000000000000000000 ) ) ;
#6336 = VECTOR ( 'NONE', #4194, 1000.000000000000000 ) ;
#6337 = ORIENTED_EDGE ( 'NONE', *, *, #5176, .F. ) ;
#6338 = EDGE_CURVE ( 'NONE', #6218, #7552, #2821, .T. ) ;
#6339 = LINE ( 'NONE', #580, #6800 ) ;
#6340 = DIRECTION ( 'NONE',  ( -0.0000000000000000000, -1.000000000000000000, -0.0000000000000000000 ) ) ;
#6341 = DIRECTION ( 'NONE',  ( -1.000000000000000000, 0.0000000000000000000, -0.0000000000000000000 ) ) ;
#6342 = UNCERTAINTY_MEASURE_WITH_UNIT (LENGTH_MEASURE( 1.000000000000000100E-005 ), #7428, 'distance_accuracy_value', 'NONE');
#6343 = LINE ( 'NONE', #3162, #6447 ) ;
#6344 = CARTESIAN_POINT ( 'NONE',  ( -3.400000000000000400, 0.0000000000000000000, 5.787499999999999600 ) ) ;
#6345 = ORIENTED_EDGE ( 'NONE', *, *, #7744, .T. ) ;
#6346 = ORIENTED_EDGE ( 'NONE', *, *, #7396, .T. ) ;
#6347 = AXIS2_PLACEMENT_3D ( 'NONE', #5465, #5432, #9017 ) ;
#6348 = VECTOR ( 'NONE', #1082, 1000.000000000000000 ) ;
#6349 = ADVANCED_FACE ( 'NONE', ( #676 ), #1821, .T. ) ;
#6350 = CARTESIAN_POINT ( 'NONE',  ( 0.0000000000000000000, 0.5000000000000000000, 3.787499999999999200 ) ) ;
#6351 = SURFACE_STYLE_USAGE ( .BOTH. , #3423 ) ;
#6352 = CARTESIAN_POINT ( 'NONE',  ( -4.424999999999999800, 0.1499999999999999900, 5.557499999999999200 ) ) ;
#6353 = EDGE_CURVE ( 'NONE', #3124, #5133, #4833, .T. ) ;
#6354 = VERTEX_POINT ( 'NONE', #8499 ) ;
#6355 = LINE ( 'NONE', #6399, #4420 ) ;
#6356 = PRESENTATION_LAYER_ASSIGNMENT (  '', '', ( #2981 ) ) ;
#6357 = CARTESIAN_POINT ( 'NONE',  ( 4.900000000000000400, 0.5000000000000000000, 0.0000000000000000000 ) ) ;
#6358 = CARTESIAN_POINT ( 'NONE',  ( 4.760769540619038200, 2.300000000000000700, 1.196687623478217800 ) ) ;
#6359 = LINE ( 'NONE', #7894, #3435 ) ;
#6360 = LINE ( 'NONE', #385, #7390 ) ;
#6361 = ORIENTED_EDGE ( 'NONE', *, *, #4727, .F. ) ;
#6362 = FACE_OUTER_BOUND ( 'NONE', #9126, .T. ) ;
#6363 = VERTEX_POINT ( 'NONE', #4879 ) ;
#6364 = CARTESIAN_POINT ( 'NONE',  ( -3.799999999999999400, 0.0000000000000000000, 0.0000000000000000000 ) ) ;
#6365 = EDGE_CURVE ( 'NONE', #505, #5751, #4949, .T. ) ;
#6366 = CARTESIAN_POINT ( 'NONE',  ( 4.251000000000000300, 0.5010000000000000000, -2.598500000000003100 ) ) ;
#6367 = CARTESIAN_POINT ( 'NONE',  ( -2.861602540378443700, 0.1499999999999999900, 5.557499999999999200 ) ) ;
#6368 = VECTOR ( 'NONE', #282, 1000.000000000000000 ) ;
#6369 = DIRECTION ( 'NONE',  ( 0.0000000000000000000, 1.000000000000000000, 0.0000000000000000000 ) ) ;
#6370 = ORIENTED_EDGE ( 'NONE', *, *, #8626, .T. ) ;
#6371 = CARTESIAN_POINT ( 'NONE',  ( 0.0000000000000000000, 0.02000000000000000000, 5.137499999999999300 ) ) ;
#6372 = VERTEX_POINT ( 'NONE', #7830 ) ;
#6373 = ORIENTED_EDGE ( 'NONE', *, *, #6880, .F. ) ;
#6374 =( GEOMETRIC_REPRESENTATION_CONTEXT ( 3 ) GLOBAL_UNCERTAINTY_ASSIGNED_CONTEXT ( ( #3626 ) ) GLOBAL_UNIT_ASSIGNED_CONTEXT ( ( #3099, #7325, #118 ) ) REPRESENTATION_CONTEXT ( 'NONE', 'WORKASPACE' ) );
#6375 = CYLINDRICAL_SURFACE ( 'NONE', #630, 0.1000000000000000900 ) ;
#6376 = ORIENTED_EDGE ( 'NONE', *, *, #871, .T. ) ;
#6377 = ORIENTED_EDGE ( 'NONE', *, *, #7279, .F. ) ;
#6378 = VECTOR ( 'NONE', #8165, 999.9999999999998900 ) ;
#6379 = CARTESIAN_POINT ( 'NONE',  ( 4.760769540619036500, 2.205233595624294100, -5.098132494094495600 ) ) ;
#6380 = CARTESIAN_POINT ( 'NONE',  ( 4.670000000000001700, 2.299999999999999800, -2.142500000000000500 ) ) ;
#6381 = EDGE_CURVE ( 'NONE', #4946, #8696, #6316, .T. ) ;
#6382 = FILL_AREA_STYLE_COLOUR ( '', #9066 ) ;
#6383 = ORIENTED_EDGE ( 'NONE', *, *, #3904, .T. ) ;
#6384 = EDGE_LOOP ( 'NONE', ( #6267, #5069, #5131, #6721 ) ) ;
#6385 = CARTESIAN_POINT ( 'NONE',  ( -4.250000000000000000, 0.5000000000000000000, -2.297500000000003000 ) ) ;
#6386 = ORIENTED_EDGE ( 'NONE', *, *, #3401, .F. ) ;
#6387 = ORIENTED_EDGE ( 'NONE', *, *, #6008, .T. ) ;
#6388 = FILL_AREA_STYLE ('',( #1321 ) ) ;
#6389 = AXIS2_PLACEMENT_3D ( 'NONE', #3190, #8188, #1763 ) ;
#6390 = DIRECTION ( 'NONE',  ( -0.0000000000000000000, 0.0000000000000000000, -1.000000000000000000 ) ) ;
#6391 = EDGE_CURVE ( 'NONE', #3124, #6501, #3055, .T. ) ;
#6392 = UNCERTAINTY_MEASURE_WITH_UNIT (LENGTH_MEASURE( 1.000000000000000100E-005 ), #1857, 'distance_accuracy_value', 'NONE');
#6393 = CARTESIAN_POINT ( 'NONE',  ( 0.0000000000000000000, 0.5000000000000000000, 1.102499999999997600 ) ) ;
#6394 = VERTEX_POINT ( 'NONE', #9276 ) ;
#6395 = ORIENTED_EDGE ( 'NONE', *, *, #3819, .F. ) ;
#6396 = LINE ( 'NONE', #188, #405 ) ;
#6397 = CARTESIAN_POINT ( 'NONE',  ( 0.0000000000000000000, 0.5000000000000000000, -5.887500000000002800 ) ) ;
#6398 = FACE_OUTER_BOUND ( 'NONE', #2999, .T. ) ;
#6399 = CARTESIAN_POINT ( 'NONE',  ( 0.0000000000000000000, 0.0000000000000000000, -4.987500000000002500 ) ) ;
#6400 = DIRECTION ( 'NONE',  ( 1.000000000000000000, 0.0000000000000000000, 0.0000000000000000000 ) ) ;
#6401 = AXIS2_PLACEMENT_3D ( 'NONE', #4171, #3472, #7002 ) ;
#6402 = VERTEX_POINT ( 'NONE', #7720 ) ;
#6403 = TOROIDAL_SURFACE ( 'NONE', #830, 0.3842078256931099100, 0.05000000000000000300 ) ;
#6404 = CARTESIAN_POINT ( 'NONE',  ( 4.936069514110597500, 0.06853458251118353700, -5.187500000000160800 ) ) ;
#6405 = ORIENTED_EDGE ( 'NONE', *, *, #5485, .T. ) ;
#6406 = CARTESIAN_POINT ( 'NONE',  ( -4.944497758083885600, 0.04719759821045534100, -5.181997758071480200 ) ) ;
#6407 = EDGE_CURVE ( 'NONE', #8556, #3577, #2257, .T. ) ;
#6408 = CARTESIAN_POINT ( 'NONE',  ( 4.731000000000000800, 0.5000000000000000000, -2.292500000000000400 ) ) ;
#6409 = AXIS2_PLACEMENT_3D ( 'NONE', #8578, #7787, #4993 ) ;
#6410 = ORIENTED_EDGE ( 'NONE', *, *, #237, .F. ) ;
#6411 = LINE ( 'NONE', #1724, #5416 ) ;
#6412 =( GEOMETRIC_REPRESENTATION_CONTEXT ( 3 ) GLOBAL_UNCERTAINTY_ASSIGNED_CONTEXT ( ( #7223 ) ) GLOBAL_UNIT_ASSIGNED_CONTEXT ( ( #970, #7510, #4639 ) ) REPRESENTATION_CONTEXT ( 'NONE', 'WORKASPACE' ) );
#6413 = ORIENTED_EDGE ( 'NONE', *, *, #3532, .T. ) ;
#6414 = CARTESIAN_POINT ( 'NONE',  ( 0.0000000000000000000, 0.5000000000000000000, 0.0000000000000000000 ) ) ;
#6415 = DIRECTION ( 'NONE',  ( 0.0000000000000000000, 0.0000000000000000000, 1.000000000000000000 ) ) ;
#6416 = DIRECTION ( 'NONE',  ( 1.000000000000000000, -0.0000000000000000000, 0.0000000000000000000 ) ) ;
#6417 = DIRECTION ( 'NONE',  ( 0.0000000000000000000, -0.0000000000000000000, -1.000000000000000000 ) ) ;
#6418 = EDGE_CURVE ( 'NONE', #8418, #3806, #1114, .T. ) ;
#6419 = DIRECTION ( 'NONE',  ( -0.0000000000000000000, 0.9986295347545740600, -0.05233595624294079500 ) ) ;
#6420 = ORIENTED_EDGE ( 'NONE', *, *, #8380, .F. ) ;
#6421 =( NAMED_UNIT ( * ) SI_UNIT ( $, .STERADIAN. ) SOLID_ANGLE_UNIT ( ) );
#6422 = CIRCLE ( 'NONE', #2126, 0.04999999999999969700 ) ;
#6423 = CARTESIAN_POINT ( 'NONE',  ( -4.950000000000001100, 0.4999999999998842000, -5.087637046524544200 ) ) ;
#6424 = ORIENTED_EDGE ( 'NONE', *, *, #5777, .F. ) ;
#6425 = DIRECTION ( 'NONE',  ( 0.0000000000000000000, 1.000000000000000000, 0.0000000000000000000 ) ) ;
#6426 = DIRECTION ( 'NONE',  ( -1.000000000000000000, 0.0000000000000000000, 0.0000000000000000000 ) ) ;
#6427 = LINE ( 'NONE', #8950, #4165 ) ;
#6428 = STYLED_ITEM ( 'NONE', ( #1841 ), #4708 ) ;
#6429 = SURFACE_SIDE_STYLE ('',( #8224 ) ) ;
#6430 = ORIENTED_EDGE ( 'NONE', *, *, #3053, .T. ) ;
#6431 = EDGE_CURVE ( 'NONE', #4979, #7835, #6659, .T. ) ;
#6432 = VECTOR ( 'NONE', #6968, 1000.000000000000000 ) ;
#6433 = ORIENTED_EDGE ( 'NONE', *, *, #7673, .F. ) ;
#6434 = CARTESIAN_POINT ( 'NONE',  ( -4.742812232984610100, 2.547879437140440300, -5.080175186460066600 ) ) ;
#6435 = ORIENTED_EDGE ( 'NONE', *, *, #1371, .F. ) ;
#6436 = PLANE ( 'NONE',  #6656 ) ;
#6437 =( LENGTH_UNIT ( ) NAMED_UNIT ( * ) SI_UNIT ( .MILLI., .METRE. ) );
#6438 = CARTESIAN_POINT ( 'NONE',  ( -2.598999999999999800, 0.5010000000000000000, 3.786499999999998900 ) ) ;
#6439 = LINE ( 'NONE', #3669, #9281 ) ;
#6440 = MECHANICAL_DESIGN_GEOMETRIC_PRESENTATION_REPRESENTATION (  '', ( #4984 ), #276 ) ;
#6441 = VERTEX_POINT ( 'NONE', #3451 ) ;
#6442 = CIRCLE ( 'NONE', #7154, 0.04999999999999969700 ) ;
#6443 = EDGE_CURVE ( 'NONE', #1092, #8406, #2482, .T. ) ;
#6444 = LINE ( 'NONE', #7648, #5200 ) ;
#6445 = PLANE ( 'NONE',  #4766 ) ;
#6446 =( GEOMETRIC_REPRESENTATION_CONTEXT ( 3 ) GLOBAL_UNCERTAINTY_ASSIGNED_CONTEXT ( ( #9042 ) ) GLOBAL_UNIT_ASSIGNED_CONTEXT ( ( #9212, #4786, #2692 ) ) REPRESENTATION_CONTEXT ( 'NONE', 'WORKASPACE' ) );
#6447 = VECTOR ( 'NONE', #3782, 1000.000000000000000 ) ;
#6448 = VERTEX_POINT ( 'NONE', #4812 ) ;
#6449 = CIRCLE ( 'NONE', #7774, 0.1000000000000002600 ) ;
#6450 = ORIENTED_EDGE ( 'NONE', *, *, #2965, .T. ) ;
#6451 =( NAMED_UNIT ( * ) PLANE_ANGLE_UNIT ( ) SI_UNIT ( $, .RADIAN. ) );
#6452 = VECTOR ( 'NONE', #4690, 1000.000000000000000 ) ;
#6453 = STYLED_ITEM ( 'NONE', ( #2115 ), #1143 ) ;
#6454 = DIRECTION ( 'NONE',  ( 1.672022627447524500E-016, -0.0000000000000000000, 1.000000000000000000 ) ) ;
#6455 = UNCERTAINTY_MEASURE_WITH_UNIT (LENGTH_MEASURE( 1.000000000000000100E-005 ), #6765, 'distance_accuracy_value', 'NONE');
#6456 = AXIS2_PLACEMENT_3D ( 'NONE', #685, #7978, #4202 ) ;
#6457 = CARTESIAN_POINT ( 'NONE',  ( -4.935898757011786500, 0.07000000000000040900, -5.187500000000000900 ) ) ;
#6458 = VERTEX_POINT ( 'NONE', #6285 ) ;
#6459 = ORIENTED_EDGE ( 'NONE', *, *, #4820, .T. ) ;
#6460 = DIRECTION ( 'NONE',  ( -1.000000000000000000, 0.0000000000000000000, -0.0000000000000000000 ) ) ;
#6461 = FILL_AREA_STYLE ('',( #821 ) ) ;
#6462 = CIRCLE ( 'NONE', #9031, 0.1499999999999999700 ) ;
#6463 = VECTOR ( 'NONE', #9283, 1000.000000000000000 ) ;
#6464 = AXIS2_PLACEMENT_3D ( 'NONE', #4917, #3849, #1030 ) ;
#6465 = ORIENTED_EDGE ( 'NONE', *, *, #5846, .T. ) ;
#6466 = CARTESIAN_POINT ( 'NONE',  ( 3.974999999999999200, 0.1499999999999999900, 5.557499999999999200 ) ) ;
#6467 = VECTOR ( 'NONE', #5704, 1000.000000000000000 ) ;
#6468 =( NAMED_UNIT ( * ) SI_UNIT ( $, .STERADIAN. ) SOLID_ANGLE_UNIT ( ) );
#6469 = DIRECTION ( 'NONE',  ( 1.000000000000000000, 0.0000000000000000000, -0.0000000000000000000 ) ) ;
#6470 = ADVANCED_FACE ( 'NONE', ( #3722 ), #7759, .T. ) ;
#6471 = VECTOR ( 'NONE', #2111, 1000.000000000000000 ) ;
#6472 = EDGE_CURVE ( 'NONE', #322, #747, #7342, .T. ) ;
#6473 = ORIENTED_EDGE ( 'NONE', *, *, #2450, .T. ) ;
#6474 = SURFACE_STYLE_FILL_AREA ( #6648 ) ;
#6475 = PRESENTATION_LAYER_ASSIGNMENT (  '', '', ( #4403 ) ) ;
#6476 = CARTESIAN_POINT ( 'NONE',  ( -4.251000000000000300, 0.07000000000000018700, -5.137500000000001100 ) ) ;
#6477 = EDGE_LOOP ( 'NONE', ( #7876, #1505, #347, #1057 ) ) ;
#6478 = FACE_OUTER_BOUND ( 'NONE', #6786, .T. ) ;
#6479 = VERTEX_POINT ( 'NONE', #6216 ) ;
#6480 = PLANE ( 'NONE',  #6456 ) ;
#6481 = DIRECTION ( 'NONE',  ( 0.0000000000000000000, 0.0000000000000000000, 1.000000000000000000 ) ) ;
#6482 = PRESENTATION_STYLE_ASSIGNMENT (( #7054 ) ) ;
#6483 = CARTESIAN_POINT ( 'NONE',  ( -0.8250000000000001800, 0.1499999999999999900, 5.557499999999999200 ) ) ;
#6484 = AXIS2_PLACEMENT_3D ( 'NONE', #614, #2928, #2156 ) ;
#6485 = ORIENTED_EDGE ( 'NONE', *, *, #3659, .F. ) ;
#6486 = ORIENTED_EDGE ( 'NONE', *, *, #252, .F. ) ;
#6487 = PRESENTATION_STYLE_ASSIGNMENT (( #7815 ) ) ;
#6488 = CARTESIAN_POINT ( 'NONE',  ( 4.285792174306892300, 2.250000000000000000, -2.142499999999999600 ) ) ;
#6489 = ORIENTED_EDGE ( 'NONE', *, *, #4549, .T. ) ;
#6490 = VERTEX_POINT ( 'NONE', #5532 ) ;
#6491 = EDGE_CURVE ( 'NONE', #8702, #5277, #8498, .T. ) ;
#6492 = PLANE ( 'NONE',  #424 ) ;
#6493 = DIRECTION ( 'NONE',  ( -0.0000000000000000000, -1.000000000000000000, -0.0000000000000000000 ) ) ;
#6494 = CARTESIAN_POINT ( 'NONE',  ( -1.399000000000000000, 2.299999999999999800, 5.187499999999999100 ) ) ;
#6495 = CARTESIAN_POINT ( 'NONE',  ( -4.338397459621555500, 0.1499999999999999900, 0.0000000000000000000 ) ) ;
#6496 = VECTOR ( 'NONE', #6093, 1000.000000000000000 ) ;
#6497 = EDGE_LOOP ( 'NONE', ( #6370, #3408, #8352, #1068 ) ) ;
#6498 = VERTEX_POINT ( 'NONE', #6250 ) ;
#6499 = PRESENTATION_STYLE_ASSIGNMENT (( #6771 ) ) ;
#6500 = STYLED_ITEM ( 'NONE', ( #721 ), #5512 ) ;
#6501 = VERTEX_POINT ( 'NONE', #533 ) ;
#6502 = CARTESIAN_POINT ( 'NONE',  ( -1.399000000000000000, 0.01999999999999999700, 3.786499999999998900 ) ) ;
#6503 = CARTESIAN_POINT ( 'NONE',  ( 4.760769540619036500, 2.200000000000000200, -4.998269540619038900 ) ) ;
#6504 = EDGE_CURVE ( 'NONE', #7638, #4799, #7564, .T. ) ;
#6505 = CARTESIAN_POINT ( 'NONE',  ( -4.251000000000000300, 2.299999999999999800, -5.093165997290526500 ) ) ;
#6506 = ORIENTED_EDGE ( 'NONE', *, *, #2994, .T. ) ;
#6507 = ORIENTED_EDGE ( 'NONE', *, *, #3268, .T. ) ;
#6508 =( NAMED_UNIT ( * ) PLANE_ANGLE_UNIT ( ) SI_UNIT ( $, .RADIAN. ) );
#6509 = STYLED_ITEM ( 'NONE', ( #4479 ), #944 ) ;
#6510 = CARTESIAN_POINT ( 'NONE',  ( 2.600000000000000100, 0.5000000000000000000, 5.787499999999999600 ) ) ;
#6511 = UNCERTAINTY_MEASURE_WITH_UNIT (LENGTH_MEASURE( 1.000000000000000100E-005 ), #9145, 'distance_accuracy_value', 'NONE');
#6512 =( GEOMETRIC_REPRESENTATION_CONTEXT ( 3 ) GLOBAL_UNCERTAINTY_ASSIGNED_CONTEXT ( ( #4762 ) ) GLOBAL_UNIT_ASSIGNED_CONTEXT ( ( #937, #4589, #3221 ) ) REPRESENTATION_CONTEXT ( 'NONE', 'WORKASPACE' ) );
#6513 = VERTEX_POINT ( 'NONE', #2915 ) ;
#6514 = FILL_AREA_STYLE_COLOUR ( '', #5118 ) ;
#6515 = DIRECTION ( 'NONE',  ( 1.672022627447524700E-016, 0.0000000000000000000, 1.000000000000000000 ) ) ;
#6516 = LINE ( 'NONE', #1013, #3700 ) ;
#6517 = EDGE_CURVE ( 'NONE', #3398, #4795, #1899, .T. ) ;
#6518 = CARTESIAN_POINT ( 'NONE',  ( 4.670000000000001700, 0.5000000000000000000, -2.142500000000000500 ) ) ;
#6519 = ORIENTED_EDGE ( 'NONE', *, *, #4467, .F. ) ;
#6520 = ADVANCED_FACE ( 'NONE', ( #2249 ), #5066, .T. ) ;
#6521 = ORIENTED_EDGE ( 'NONE', *, *, #9233, .F. ) ;
#6522 =( NAMED_UNIT ( * ) SI_UNIT ( $, .STERADIAN. ) SOLID_ANGLE_UNIT ( ) );
#6523 = DIRECTION ( 'NONE',  ( -1.000000000000000000, 0.0000000000000000000, 0.0000000000000000000 ) ) ;
#6524 = AXIS2_PLACEMENT_3D ( 'NONE', #472, #9282, #4950 ) ;
#6525 = COLOUR_RGB ( '',0.7529411764705882200, 0.7529411764705882200, 0.7529411764705882200 ) ;
#6526 = CARTESIAN_POINT ( 'NONE',  ( 4.731000000000000800, 0.5010000000000000000, -2.298500000000003300 ) ) ;
#6527 =( GEOMETRIC_REPRESENTATION_CONTEXT ( 3 ) GLOBAL_UNCERTAINTY_ASSIGNED_CONTEXT ( ( #7100 ) ) GLOBAL_UNIT_ASSIGNED_CONTEXT ( ( #8885, #356, #5730 ) ) REPRESENTATION_CONTEXT ( 'NONE', 'WORKASPACE' ) );
#6528 = ORIENTED_EDGE ( 'NONE', *, *, #8098, .F. ) ;
#6529 = ORIENTED_EDGE ( 'NONE', *, *, #6973, .F. ) ;
#6530 = VECTOR ( 'NONE', #8513, 1000.000000000000000 ) ;
#6531 = ADVANCED_FACE ( 'NONE', ( #7933 ), #2112, .F. ) ;
#6532 = EDGE_CURVE ( 'NONE', #1171, #8228, #1460, .T. ) ;
#6533 = DIRECTION ( 'NONE',  ( 0.0000000000000000000, 0.0000000000000000000, 1.000000000000000000 ) ) ;
#6534 = EDGE_CURVE ( 'NONE', #4725, #9369, #4604, .T. ) ;
#6535 = ORIENTED_EDGE ( 'NONE', *, *, #1186, .F. ) ;
#6536 = DIRECTION ( 'NONE',  ( 1.000000000000000000, 0.0000000000000000000, -0.0000000000000000000 ) ) ;
#6537 = CARTESIAN_POINT ( 'NONE',  ( -0.3749999999999994400, 0.0000000000000000000, 5.787499999999999600 ) ) ;
#6538 = FILL_AREA_STYLE ('',( #8785 ) ) ;
#6539 = AXIS2_PLACEMENT_3D ( 'NONE', #2855, #1344, #2056 ) ;
#6540 = PRESENTATION_STYLE_ASSIGNMENT (( #3371 ) ) ;
#6541 = VECTOR ( 'NONE', #5558, 1000.000000000000000 ) ;
#6542 = CARTESIAN_POINT ( 'NONE',  ( 4.150000000000000400, 0.5000000000000000000, -2.597500000000002800 ) ) ;
#6543 = FACE_OUTER_BOUND ( 'NONE', #2315, .T. ) ;
#6544 = DIRECTION ( 'NONE',  ( -1.000000000000000000, 0.0000000000000000000, 0.0000000000000000000 ) ) ;
#6545 = EDGE_CURVE ( 'NONE', #1528, #6354, #4152, .T. ) ;
#6546 = CARTESIAN_POINT ( 'NONE',  ( -1.399999999999999900, 0.0000000000000000000, 0.0000000000000000000 ) ) ;
#6547 = LINE ( 'NONE', #5719, #6890 ) ;
#6548 = CARTESIAN_POINT ( 'NONE',  ( 0.0000000000000000000, 0.02000000000000000000, 3.786499999999998900 ) ) ;
#6549 = VERTEX_POINT ( 'NONE', #7207 ) ;
#6550 = SURFACE_STYLE_FILL_AREA ( #6538 ) ;
#6551 = ORIENTED_EDGE ( 'NONE', *, *, #7112, .T. ) ;
#6552 = CARTESIAN_POINT ( 'NONE',  ( 2.201000000000000100, 0.5010000000000000000, 4.588499999999999800 ) ) ;
#6553 = CARTESIAN_POINT ( 'NONE',  ( 5.999999999999999100, 0.1499999999999999900, 0.0000000000000000000 ) ) ;
#6554 =( GEOMETRIC_REPRESENTATION_CONTEXT ( 3 ) GLOBAL_UNCERTAINTY_ASSIGNED_CONTEXT ( ( #8580 ) ) GLOBAL_UNIT_ASSIGNED_CONTEXT ( ( #3391, #1178, #6915 ) ) REPRESENTATION_CONTEXT ( 'NONE', 'WORKASPACE' ) );
#6555 = LINE ( 'NONE', #3342, #3516 ) ;
#6556 = DIRECTION ( 'NONE',  ( -1.000000000000000000, 0.0000000000000000000, 0.0000000000000000000 ) ) ;
#6557 = CARTESIAN_POINT ( 'NONE',  ( 2.598999999999999800, 0.5010000000000000000, 4.588499999999999800 ) ) ;
#6558 = LINE ( 'NONE', #8337, #4622 ) ;
#6559 = EDGE_CURVE ( 'NONE', #7384, #9004, #8343, .T. ) ;
#6560 = SURFACE_SIDE_STYLE ('',( #7090 ) ) ;
#6561 = LINE ( 'NONE', #8476, #4513 ) ;
#6562 = ORIENTED_EDGE ( 'NONE', *, *, #7917, .F. ) ;
#6563 = LINE ( 'NONE', #3421, #5671 ) ;
#6564 = CARTESIAN_POINT ( 'NONE',  ( 4.285792174306892300, 2.299999999999999800, 0.0000000000000000000 ) ) ;
#6565 = DIRECTION ( 'NONE',  ( 0.0000000000000000000, 0.0000000000000000000, -1.000000000000000000 ) ) ;
#6566 = CARTESIAN_POINT ( 'NONE',  ( -4.601000000000000000, 0.07000000000000018700, 5.137499999999999300 ) ) ;
#6567 = ADVANCED_FACE ( 'NONE', ( #4045 ), #5806, .F. ) ;
#6568 = DIRECTION ( 'NONE',  ( 0.0000000000000000000, 0.0000000000000000000, 1.000000000000000000 ) ) ;
#6569 = VERTEX_POINT ( 'NONE', #7148 ) ;
#6570 = PRESENTATION_STYLE_ASSIGNMENT (( #2203 ) ) ;
#6571 = ORIENTED_EDGE ( 'NONE', *, *, #6129, .F. ) ;
#6572 = FILL_AREA_STYLE ('',( #8660 ) ) ;
#6573 = EDGE_CURVE ( 'NONE', #6354, #8139, #2135, .T. ) ;
#6574 = LINE ( 'NONE', #1126, #1731 ) ;
#6575 = DIRECTION ( 'NONE',  ( -1.000000000000000000, 0.0000000000000000000, 0.0000000000000000000 ) ) ;
#6576 = UNCERTAINTY_MEASURE_WITH_UNIT (LENGTH_MEASURE( 1.000000000000000100E-005 ), #2043, 'distance_accuracy_value', 'NONE');
#6577 = DIRECTION ( 'NONE',  ( 0.0000000000000000000, -0.1045284632676537100, 0.9945218953682734000 ) ) ;
#6578 = CARTESIAN_POINT ( 'NONE',  ( -4.944497758083885600, 0.04719759821045534100, -5.181997758071480200 ) ) ;
#6579 = CARTESIAN_POINT ( 'NONE',  ( 0.0000000000000000000, 0.5010000000000000000, 0.0000000000000000000 ) ) ;
#6580 = SURFACE_STYLE_FILL_AREA ( #2251 ) ;
#6581 = ADVANCED_FACE ( 'NONE', ( #1003 ), #8804, .F. ) ;
#6582 = FILL_AREA_STYLE_COLOUR ( '', #1564 ) ;
#6583 = ORIENTED_EDGE ( 'NONE', *, *, #6407, .T. ) ;
#6584 = VECTOR ( 'NONE', #4681, 1000.000000000000000 ) ;
#6585 = EDGE_LOOP ( 'NONE', ( #8901, #1766, #5032, #4894 ) ) ;
#6586 = STYLED_ITEM ( 'NONE', ( #3213 ), #2178 ) ;
#6587 = PRESENTATION_LAYER_ASSIGNMENT (  '', '', ( #5266 ) ) ;
#6588 = LINE ( 'NONE', #2446, #5689 ) ;
#6589 = DIRECTION ( 'NONE',  ( 1.000000000000000000, 0.0000000000000000000, 0.0000000000000000000 ) ) ;
#6590 = CARTESIAN_POINT ( 'NONE',  ( -4.250000000000000000, 0.5000000000000000000, 0.0000000000000000000 ) ) ;
#6591 = PRESENTATION_STYLE_ASSIGNMENT (( #1268 ) ) ;
#6592 = SURFACE_STYLE_FILL_AREA ( #1799 ) ;
#6593 = FILL_AREA_STYLE_COLOUR ( '', #6873 ) ;
#6594 = VERTEX_POINT ( 'NONE', #8863 ) ;
#6595 = ORIENTED_EDGE ( 'NONE', *, *, #5718, .T. ) ;
#6596 = EDGE_CURVE ( 'NONE', #395, #1026, #3933, .T. ) ;
#6597 = PLANE ( 'NONE',  #410 ) ;
#6598 = STYLED_ITEM ( 'NONE', ( #1473 ), #9023 ) ;
#6599 = ORIENTED_EDGE ( 'NONE', *, *, #1742, .T. ) ;
#6600 = ORIENTED_EDGE ( 'NONE', *, *, #400, .F. ) ;
#6601 = FACE_OUTER_BOUND ( 'NONE', #3593, .T. ) ;
#6602 = DIRECTION ( 'NONE',  ( 0.0000000000000000000, 0.0000000000000000000, -1.000000000000000000 ) ) ;
#6603 = ORIENTED_EDGE ( 'NONE', *, *, #6073, .T. ) ;
#6604 = CARTESIAN_POINT ( 'NONE',  ( 0.0000000000000000000, 0.5000000000000000000, 0.0000000000000000000 ) ) ;
#6605 = DIRECTION ( 'NONE',  ( -0.0000000000000000000, 0.9986295347545740600, -0.05233595624294079500 ) ) ;
#6606 = DIRECTION ( 'NONE',  ( 0.0000000000000000000, -1.000000000000000000, 0.0000000000000000000 ) ) ;
#6607 =( NAMED_UNIT ( * ) SI_UNIT ( $, .STERADIAN. ) SOLID_ANGLE_UNIT ( ) );
#6608 = EDGE_CURVE ( 'NONE', #5898, #8010, #203, .T. ) ;
#6609 = DIRECTION ( 'NONE',  ( 0.0000000000000000000, 1.000000000000000000, -0.0000000000000000000 ) ) ;
#6610 = CARTESIAN_POINT ( 'NONE',  ( 4.900000000000001200, 0.02000000000000000000, 5.087499999999998600 ) ) ;
#6611 = ORIENTED_EDGE ( 'NONE', *, *, #279, .F. ) ;
#6612 = PRESENTATION_STYLE_ASSIGNMENT (( #624 ) ) ;
#6613 = DIRECTION ( 'NONE',  ( -0.0000000000000000000, -1.000000000000000000, -0.0000000000000000000 ) ) ;
#6614 = FILL_AREA_STYLE ('',( #6514 ) ) ;
#6615 = ORIENTED_EDGE ( 'NONE', *, *, #8989, .F. ) ;
#6616 = SURFACE_STYLE_USAGE ( .BOTH. , #655 ) ;
#6617 = CARTESIAN_POINT ( 'NONE',  ( -4.809231030069395500, 2.235892249335057700, -2.474949627369976500 ) ) ;
#6618 = DIRECTION ( 'NONE',  ( 1.000000000000000000, 0.0000000000000000000, -0.0000000000000000000 ) ) ;
#6619 = MECHANICAL_DESIGN_GEOMETRIC_PRESENTATION_REPRESENTATION (  '', ( #2076 ), #3061 ) ;
#6620 = ORIENTED_EDGE ( 'NONE', *, *, #69, .T. ) ;
#6621 = ORIENTED_EDGE ( 'NONE', *, *, #2378, .F. ) ;
#6622 = EDGE_CURVE ( 'NONE', #5797, #2880, #2125, .T. ) ;
#6623 = DIRECTION ( 'NONE',  ( -1.000000000000000000, 0.0000000000000000000, 0.0000000000000000000 ) ) ;
#6624 = CARTESIAN_POINT ( 'NONE',  ( 4.670000000000001700, 0.5000000000000000000, -2.142500000000000500 ) ) ;
#6625 = DIRECTION ( 'NONE',  ( -0.0000000000000000000, 0.9986295347545740600, -0.05233595624294079500 ) ) ;
#6626 = CARTESIAN_POINT ( 'NONE',  ( -4.869421506289467200, 2.037529252581912900, -2.504101213736515100 ) ) ;
#6627 = CARTESIAN_POINT ( 'NONE',  ( 0.0000000000000000000, 0.0000000000000000000, 5.787499999999999600 ) ) ;
#6628 = ORIENTED_EDGE ( 'NONE', *, *, #2182, .T. ) ;
#6629 = DIRECTION ( 'NONE',  ( 1.672022627447524700E-016, -0.0000000000000000000, 1.000000000000000000 ) ) ;
#6630 = STYLED_ITEM ( 'NONE', ( #1153 ), #5588 ) ;
#6631 = LINE ( 'NONE', #8257, #7546 ) ;
#6632 = ADVANCED_FACE ( 'NONE', ( #4039 ), #3720, .T. ) ;
#6633 = DIRECTION ( 'NONE',  ( 0.0000000000000000000, 0.0000000000000000000, -1.000000000000000000 ) ) ;
#6634 = EDGE_CURVE ( 'NONE', #7291, #1249, #4941, .T. ) ;
#6635 = UNCERTAINTY_MEASURE_WITH_UNIT (LENGTH_MEASURE( 1.000000000000000100E-005 ), #4496, 'distance_accuracy_value', 'NONE');
#6636 = DIRECTION ( 'NONE',  ( 1.000000000000000000, 0.0000000000000000000, 0.0000000000000000000 ) ) ;
#6637 = FILL_AREA_STYLE_COLOUR ( '', #3329 ) ;
#6638 = DIRECTION ( 'NONE',  ( -1.000000000000000000, 0.0000000000000000000, 0.0000000000000000000 ) ) ;
#6639 = AXIS2_PLACEMENT_3D ( 'NONE', #8822, #926, #6670 ) ;
#6640 = VERTEX_POINT ( 'NONE', #7327 ) ;
#6641 = CARTESIAN_POINT ( 'NONE',  ( -2.861602540378443700, 0.1499999999999999900, 0.0000000000000000000 ) ) ;
#6642 = CARTESIAN_POINT ( 'NONE',  ( -1.399999999999999900, 0.0000000000000000000, 5.787499999999999600 ) ) ;
#6643 = EDGE_LOOP ( 'NONE', ( #3678, #5994, #3968, #764, #562, #2328, #6528, #7973, #5881, #460, #8383, #4326, #4566, #5833, #3187, #7152, #5508, #8085, #1480, #176, #9073, #5830, #7081, #6106, #6620, #5701, #7859, #1096 ) ) ;
#6644 = PRESENTATION_LAYER_ASSIGNMENT (  '', '', ( #2906 ) ) ;
#6645 =( LENGTH_UNIT ( ) NAMED_UNIT ( * ) SI_UNIT ( .MILLI., .METRE. ) );
#6646 = AXIS2_PLACEMENT_3D ( 'NONE', #5708, #8630, #2899 ) ;
#6647 = DIRECTION ( 'NONE',  ( -1.000000000000000000, 0.0000000000000000000, 0.0000000000000000000 ) ) ;
#6648 = FILL_AREA_STYLE ('',( #653 ) ) ;
#6649 = UNCERTAINTY_MEASURE_WITH_UNIT (LENGTH_MEASURE( 1.000000000000000100E-005 ), #5337, 'distance_accuracy_value', 'NONE');
#6650 = ORIENTED_EDGE ( 'NONE', *, *, #1519, .T. ) ;
#6651 = PRESENTATION_STYLE_ASSIGNMENT (( #5184 ) ) ;
#6652 = LINE ( 'NONE', #4525, #8370 ) ;
#6653 = FILL_AREA_STYLE_COLOUR ( '', #3059 ) ;
#6654 = PRESENTATION_STYLE_ASSIGNMENT (( #3868 ) ) ;
#6655 =( NAMED_UNIT ( * ) SI_UNIT ( $, .STERADIAN. ) SOLID_ANGLE_UNIT ( ) );
#6656 = AXIS2_PLACEMENT_3D ( 'NONE', #1556, #6633, #3729 ) ;
#6657 = VECTOR ( 'NONE', #1470, 1000.000000000000000 ) ;
#6658 = DIRECTION ( 'NONE',  ( -0.0000000000000000000, -1.000000000000000000, -0.0000000000000000000 ) ) ;
#6659 = LINE ( 'NONE', #4185, #4376 ) ;
#6660 = DIRECTION ( 'NONE',  ( 0.0000000000000000000, 0.0000000000000000000, 1.000000000000000000 ) ) ;
#6661 = EDGE_CURVE ( 'NONE', #7228, #8516, #2464, .T. ) ;
#6662 = VECTOR ( 'NONE', #5196, 1000.000000000000000 ) ;
#6663 = VERTEX_POINT ( 'NONE', #5100 ) ;
#6664 = FILL_AREA_STYLE_COLOUR ( '', #2193 ) ;
#6665 = STYLED_ITEM ( 'NONE', ( #5294 ), #415 ) ;
#6666 = FILL_AREA_STYLE ('',( #890 ) ) ;
#6667 = SURFACE_STYLE_FILL_AREA ( #3827 ) ;
#6668 = SURFACE_STYLE_USAGE ( .BOTH. , #8845 ) ;
#6669 = VERTEX_POINT ( 'NONE', #5838 ) ;
#6670 = DIRECTION ( 'NONE',  ( 0.0000000000000000000, 0.0000000000000000000, 1.000000000000000000 ) ) ;
#6671 = SURFACE_STYLE_FILL_AREA ( #5590 ) ;
#6672 = VERTEX_POINT ( 'NONE', #2239 ) ;
#6673 = CARTESIAN_POINT ( 'NONE',  ( 4.857692519519754400, 2.261331652343349300, -2.524675722138390200 ) ) ;
#6674 = CARTESIAN_POINT ( 'NONE',  ( -1.661602540378443800, 0.1499999999999999900, 0.0000000000000000000 ) ) ;
#6675 = EDGE_CURVE ( 'NONE', #2430, #6843, #4596, .T. ) ;
#6676 = VECTOR ( 'NONE', #1540, 999.9999999999998900 ) ;
#6677 = ORIENTED_EDGE ( 'NONE', *, *, #4108, .T. ) ;
#6678 = ADVANCED_FACE ( 'NONE', ( #7801 ), #2341, .T. ) ;
#6679 = DIRECTION ( 'NONE',  ( 0.0000000000000000000, 0.0000000000000000000, 1.000000000000000000 ) ) ;
#6680 = FACE_OUTER_BOUND ( 'NONE', #6497, .T. ) ;
#6681 = PLANE ( 'NONE',  #2945 ) ;
#6682 = FACE_OUTER_BOUND ( 'NONE', #8438, .T. ) ;
#6683 = SURFACE_SIDE_STYLE ('',( #214 ) ) ;
#6684 = CYLINDRICAL_SURFACE ( 'NONE', #3598, 0.04999999999999969700 ) ;
#6685 = DIRECTION ( 'NONE',  ( 0.0000000000000000000, 0.0000000000000000000, -1.000000000000000000 ) ) ;
#6686 = MECHANICAL_DESIGN_GEOMETRIC_PRESENTATION_REPRESENTATION (  '', ( #8706 ), #6554 ) ;
#6687 = ORIENTED_EDGE ( 'NONE', *, *, #6141, .T. ) ;
#6688 = CIRCLE ( 'NONE', #6293, 0.05000000000000012800 ) ;
#6689 = EDGE_LOOP ( 'NONE', ( #4626, #1705, #9027, #318, #8115, #3214, #6742, #8005, #47, #7471, #3076, #1238, #5737, #1006, #5584, #7998, #3693, #7016, #9162, #8061, #4531, #6104, #5918, #9109, #1772, #380, #3630, #610, #591, #823, #6562, #9338, #1317, #2072, #8219, #4460, #7395, #1400 ) ) ;
#6690 = DIRECTION ( 'NONE',  ( 0.0000000000000000000, 0.0000000000000000000, -1.000000000000000000 ) ) ;
#6691 = SURFACE_STYLE_USAGE ( .BOTH. , #8249 ) ;
#6692 = EDGE_CURVE ( 'NONE', #6248, #6265, #775, .T. ) ;
#6693 =( LENGTH_UNIT ( ) NAMED_UNIT ( * ) SI_UNIT ( .MILLI., .METRE. ) );
#6694 = LINE ( 'NONE', #8065, #822 ) ;
#6695 = ORIENTED_EDGE ( 'NONE', *, *, #7069, .F. ) ;
#6696 = LINE ( 'NONE', #2168, #4298 ) ;
#6697 = CARTESIAN_POINT ( 'NONE',  ( 4.809327463485842300, 2.234051203774247300, -2.474756125684218300 ) ) ;
#6698 = CARTESIAN_POINT ( 'NONE',  ( 3.102243649053865400, 2.291081205873082700, 5.787499999999999600 ) ) ;
#6699 =( LENGTH_UNIT ( ) NAMED_UNIT ( * ) SI_UNIT ( .MILLI., .METRE. ) );
#6700 = CARTESIAN_POINT ( 'NONE',  ( 4.250999999999999400, 0.4999999999998844300, -5.187500000000000900 ) ) ;
#6701 = CARTESIAN_POINT ( 'NONE',  ( -4.424999999999999800, 0.0000000000000000000, 5.787499999999999600 ) ) ;
#6702 = UNCERTAINTY_MEASURE_WITH_UNIT (LENGTH_MEASURE( 1.000000000000000100E-005 ), #3112, 'distance_accuracy_value', 'NONE');
#6703 = PLANE ( 'NONE',  #9033 ) ;
#6704 = VECTOR ( 'NONE', #4091, 1000.000000000000000 ) ;
#6705 = EDGE_CURVE ( 'NONE', #3906, #1190, #668, .T. ) ;
#6706 = ORIENTED_EDGE ( 'NONE', *, *, #3998, .F. ) ;
#6707 = VECTOR ( 'NONE', #8227, 1000.000000000000000 ) ;
#6708 = VERTEX_POINT ( 'NONE', #5335 ) ;
#6709 = LINE ( 'NONE', #7297, #729 ) ;
#6710 = MECHANICAL_DESIGN_GEOMETRIC_PRESENTATION_REPRESENTATION (  '', ( #7386 ), #3034 ) ;
#6711 = ORIENTED_EDGE ( 'NONE', *, *, #8536, .T. ) ;
#6712 = DIRECTION ( 'NONE',  ( -0.0000000000000000000, -1.000000000000000000, -0.0000000000000000000 ) ) ;
#6713 = AXIS2_PLACEMENT_3D ( 'NONE', #1846, #492, #1228 ) ;
#6714 = ORIENTED_EDGE ( 'NONE', *, *, #6692, .F. ) ;
#6715 = DIRECTION ( 'NONE',  ( 1.000000000000000000, 0.0000000000000000000, 0.0000000000000000000 ) ) ;
#6716 = DIRECTION ( 'NONE',  ( 0.0000000000000000000, 0.0000000000000000000, -1.000000000000000000 ) ) ;
#6717 = DIRECTION ( 'NONE',  ( 0.05226442768871088200, 0.9972646886342375600, -0.05226442768871088900 ) ) ;
#6718 = DIRECTION ( 'NONE',  ( 1.000000000000000000, 0.0000000000000000000, -0.0000000000000000000 ) ) ;
#6719 = COLOUR_RGB ( '',0.7529411764705882200, 0.7529411764705882200, 0.7529411764705882200 ) ;
#6720 = EDGE_CURVE ( 'NONE', #3381, #3806, #312, .T. ) ;
#6721 = ORIENTED_EDGE ( 'NONE', *, *, #6916, .F. ) ;
#6722 = COLOUR_RGB ( '',0.7529411764705882200, 0.7529411764705882200, 0.7529411764705882200 ) ;
#6723 = EDGE_CURVE ( 'NONE', #3360, #9244, #4361, .T. ) ;
#6724 = ORIENTED_EDGE ( 'NONE', *, *, #69, .F. ) ;
#6725 = ORIENTED_EDGE ( 'NONE', *, *, #3043, .T. ) ;
#6726 = ORIENTED_EDGE ( 'NONE', *, *, #5046, .F. ) ;
#6727 =( GEOMETRIC_REPRESENTATION_CONTEXT ( 3 ) GLOBAL_UNCERTAINTY_ASSIGNED_CONTEXT ( ( #1379 ) ) GLOBAL_UNIT_ASSIGNED_CONTEXT ( ( #4318, #748, #2064 ) ) REPRESENTATION_CONTEXT ( 'NONE', 'WORKASPACE' ) );
#6728 = ADVANCED_FACE ( 'NONE', ( #6186 ), #8708, .T. ) ;
#6729 = ORIENTED_EDGE ( 'NONE', *, *, #7701, .T. ) ;
#6730 = DIRECTION ( 'NONE',  ( -1.000000000000000000, 0.0000000000000000000, -0.0000000000000000000 ) ) ;
#6731 = FACE_OUTER_BOUND ( 'NONE', #7576, .T. ) ;
#6732 = DIRECTION ( 'NONE',  ( 1.000000000000000000, 0.0000000000000000000, 0.0000000000000000000 ) ) ;
#6733 =( LENGTH_UNIT ( ) NAMED_UNIT ( * ) SI_UNIT ( .MILLI., .METRE. ) );
#6734 = ORIENTED_EDGE ( 'NONE', *, *, #5426, .F. ) ;
#6735 = ORIENTED_EDGE ( 'NONE', *, *, #2196, .T. ) ;
#6736 = PLANE ( 'NONE',  #7551 ) ;
#6737 = VECTOR ( 'NONE', #5078, 1000.000000000000000 ) ;
#6738 = EDGE_CURVE ( 'NONE', #5528, #5804, #2926, .T. ) ;
#6739 = ORIENTED_EDGE ( 'NONE', *, *, #2092, .T. ) ;
#6740 = FILL_AREA_STYLE ('',( #7819 ) ) ;
#6741 = DIRECTION ( 'NONE',  ( -1.000000000000000000, 0.0000000000000000000, 0.0000000000000000000 ) ) ;
#6742 = ORIENTED_EDGE ( 'NONE', *, *, #8932, .T. ) ;
#6743 =( NAMED_UNIT ( * ) SI_UNIT ( $, .STERADIAN. ) SOLID_ANGLE_UNIT ( ) );
#6744 = DIRECTION ( 'NONE',  ( -1.000000000000000000, 0.0000000000000000000, 0.0000000000000000000 ) ) ;
#6745 = ORIENTED_EDGE ( 'NONE', *, *, #9000, .T. ) ;
#6746 = EDGE_LOOP ( 'NONE', ( #876, #5406, #5870, #2793, #4977, #3227, #483, #3896 ) ) ;
#6747 = ADVANCED_FACE ( 'NONE', ( #1454 ), #6783, .F. ) ;
#6748 = CARTESIAN_POINT ( 'NONE',  ( 1.399000000000000000, 0.01999999999999999700, 4.588499999999999800 ) ) ;
#6749 = LINE ( 'NONE', #4256, #981 ) ;
#6750 = DIRECTION ( 'NONE',  ( 0.5000000000000027800, 0.8660254037844370400, 0.0000000000000000000 ) ) ;
#6751 = LINE ( 'NONE', #1697, #9362 ) ;
#6752 = PLANE ( 'NONE',  #5436 ) ;
#6753 = EDGE_CURVE ( 'NONE', #7121, #6760, #4253, .T. ) ;
#6754 = ORIENTED_EDGE ( 'NONE', *, *, #7253, .T. ) ;
#6755 = VECTOR ( 'NONE', #7210, 1000.000000000000000 ) ;
#6756 = CARTESIAN_POINT ( 'NONE',  ( 0.5999999999999977600, 0.5000000000000000000, 2.168404344971001700E-016 ) ) ;
#6757 = EDGE_LOOP ( 'NONE', ( #4858, #8581, #9299, #427 ) ) ;
#6758 = UNCERTAINTY_MEASURE_WITH_UNIT (LENGTH_MEASURE( 1.000000000000000100E-005 ), #5504, 'distance_accuracy_value', 'NONE');
#6759 = FILL_AREA_STYLE ('',( #1617 ) ) ;
#6760 = VERTEX_POINT ( 'NONE', #1035 ) ;
#6761 = PRESENTATION_STYLE_ASSIGNMENT (( #7487 ) ) ;
#6762 = CARTESIAN_POINT ( 'NONE',  ( 0.0000000000000000000, 0.0000000000000000000, 3.787499999999999200 ) ) ;
#6763 = EDGE_CURVE ( 'NONE', #2361, #6215, #6652, .T. ) ;
#6764 = CARTESIAN_POINT ( 'NONE',  ( 2.024999999999999900, 0.0000000000000000000, 5.787499999999999600 ) ) ;
#6765 =( LENGTH_UNIT ( ) NAMED_UNIT ( * ) SI_UNIT ( .MILLI., .METRE. ) );
#6766 = CIRCLE ( 'NONE', #1347, 0.04999999999999969700 ) ;
#6767 = AXIS2_PLACEMENT_3D ( 'NONE', #7051, #9368, #563 ) ;
#6768 = DIRECTION ( 'NONE',  ( -1.000000000000000000, 0.0000000000000000000, -0.0000000000000000000 ) ) ;
#6769 = AXIS2_PLACEMENT_3D ( 'NONE', #7034, #2708, #7135 ) ;
#6770 = ORIENTED_EDGE ( 'NONE', *, *, #1308, .T. ) ;
#6771 = SURFACE_STYLE_USAGE ( .BOTH. , #8206 ) ;
#6772 = PRESENTATION_STYLE_ASSIGNMENT (( #4321 ) ) ;
#6773 = ADVANCED_FACE ( 'NONE', ( #7449 ), #211, .T. ) ;
#6774 = CARTESIAN_POINT ( 'NONE',  ( 4.760769540619037300, 2.299999999999999800, -7.960114395977986100E-016 ) ) ;
#6775 = ORIENTED_EDGE ( 'NONE', *, *, #33, .F. ) ;
#6776 = SURFACE_STYLE_USAGE ( .BOTH. , #5327 ) ;
#6777 = EDGE_CURVE ( 'NONE', #882, #1249, #3817, .T. ) ;
#6778 = DIRECTION ( 'NONE',  ( -1.000000000000000000, 0.0000000000000000000, 0.0000000000000000000 ) ) ;
#6779 = ORIENTED_EDGE ( 'NONE', *, *, #6443, .T. ) ;
#6780 =( LENGTH_UNIT ( ) NAMED_UNIT ( * ) SI_UNIT ( .MILLI., .METRE. ) );
#6781 = DIRECTION ( 'NONE',  ( 0.0000000000000000000, 0.0000000000000000000, 1.000000000000000000 ) ) ;
#6782 = AXIS2_PLACEMENT_3D ( 'NONE', #6624, #4645, #336 ) ;
#6783 = PLANE ( 'NONE',  #6389 ) ;
#6784 = LINE ( 'NONE', #4356, #8954 ) ;
#6785 = PRESENTATION_LAYER_ASSIGNMENT (  '', '', ( #5336 ) ) ;
#6786 = EDGE_LOOP ( 'NONE', ( #6952, #8338, #5715, #560 ) ) ;
#6787 = ADVANCED_FACE ( 'NONE', ( #7099 ), #4700, .F. ) ;
#6788 = PLANE ( 'NONE',  #955 ) ;
#6789 = CYLINDRICAL_SURFACE ( 'NONE', #5578, 0.04999999999999985000 ) ;
#6790 = ORIENTED_EDGE ( 'NONE', *, *, #1058, .F. ) ;
#6791 = EDGE_CURVE ( 'NONE', #246, #4953, #3289, .T. ) ;
#6792 = LINE ( 'NONE', #2785, #4849 ) ;
#6793 = CARTESIAN_POINT ( 'NONE',  ( -3.799999999999999400, 0.0000000000000000000, 5.787499999999999600 ) ) ;
#6794 = DIRECTION ( 'NONE',  ( -0.0000000000000000000, -1.000000000000000000, -0.0000000000000000000 ) ) ;
#6795 = ORIENTED_EDGE ( 'NONE', *, *, #1005, .T. ) ;
#6796 = FACE_OUTER_BOUND ( 'NONE', #803, .T. ) ;
#6797 = ORIENTED_EDGE ( 'NONE', *, *, #1019, .F. ) ;
#6798 =( NAMED_UNIT ( * ) SI_UNIT ( $, .STERADIAN. ) SOLID_ANGLE_UNIT ( ) );
#6799 = AXIS2_PLACEMENT_3D ( 'NONE', #2219, #8504, #4311 ) ;
#6800 = VECTOR ( 'NONE', #5258, 1000.000000000000000 ) ;
#6801 = FACE_OUTER_BOUND ( 'NONE', #4887, .T. ) ;
#6802 = DIRECTION ( 'NONE',  ( -1.000000000000000000, 0.0000000000000000000, 0.0000000000000000000 ) ) ;
#6803 = EDGE_CURVE ( 'NONE', #2432, #1414, #5632, .T. ) ;
#6804 = FACE_OUTER_BOUND ( 'NONE', #4018, .T. ) ;
#6805 = EDGE_LOOP ( 'NONE', ( #1345, #5053, #8535, #4659 ) ) ;
#6806 = VERTEX_POINT ( 'NONE', #1783 ) ;
#6807 = LINE ( 'NONE', #1328, #2860 ) ;
#6808 = CARTESIAN_POINT ( 'NONE',  ( 2.598999999999999800, 0.02000000000000000000, 0.0000000000000000000 ) ) ;
#6809 = DIRECTION ( 'NONE',  ( 0.0000000000000000000, -0.1045284632676493600, 0.9945218953682738400 ) ) ;
#6810 =( GEOMETRIC_REPRESENTATION_CONTEXT ( 3 ) GLOBAL_UNCERTAINTY_ASSIGNED_CONTEXT ( ( #3394 ) ) GLOBAL_UNIT_ASSIGNED_CONTEXT ( ( #874, #8121, #8891 ) ) REPRESENTATION_CONTEXT ( 'NONE', 'WORKASPACE' ) );
#6811 = DIRECTION ( 'NONE',  ( -0.0000000000000000000, -1.000000000000000000, -0.0000000000000000000 ) ) ;
#6812 = ORIENTED_EDGE ( 'NONE', *, *, #8221, .F. ) ;
#6813 = CYLINDRICAL_SURFACE ( 'NONE', #850, 0.1000000000000002600 ) ;
#6814 = ORIENTED_EDGE ( 'NONE', *, *, #1525, .T. ) ;
#6815 =( LENGTH_UNIT ( ) NAMED_UNIT ( * ) SI_UNIT ( .MILLI., .METRE. ) );
#6816 = EDGE_CURVE ( 'NONE', #8534, #2759, #3001, .T. ) ;
#6817 = VECTOR ( 'NONE', #2647, 1000.000000000000000 ) ;
#6818 = CARTESIAN_POINT ( 'NONE',  ( -2.200000000000000200, 0.5000000000000000000, 0.0000000000000000000 ) ) ;
#6819 = UNCERTAINTY_MEASURE_WITH_UNIT (LENGTH_MEASURE( 1.000000000000000100E-005 ), #5945, 'distance_accuracy_value', 'NONE');
#6820 = ADVANCED_FACE ( 'NONE', ( #1678 ), #363, .F. ) ;
#6821 = ORIENTED_EDGE ( 'NONE', *, *, #1681, .F. ) ;
#6822 = LINE ( 'NONE', #2631, #3547 ) ;
#6823 = CIRCLE ( 'NONE', #8348, 0.3842078256931099100 ) ;
#6824 = CARTESIAN_POINT ( 'NONE',  ( 1.399000000000000000, 0.5010000000000000000, 4.588499999999999800 ) ) ;
#6825 = ORIENTED_EDGE ( 'NONE', *, *, #7904, .F. ) ;
#6826 = ORIENTED_EDGE ( 'NONE', *, *, #8699, .T. ) ;
#6827 =( NAMED_UNIT ( * ) PLANE_ANGLE_UNIT ( ) SI_UNIT ( $, .RADIAN. ) );
#6828 = CARTESIAN_POINT ( 'NONE',  ( -4.335518269075303800, 2.255226423163382500, -2.142499999999998700 ) ) ;
#6829 =( GEOMETRIC_REPRESENTATION_CONTEXT ( 3 ) GLOBAL_UNCERTAINTY_ASSIGNED_CONTEXT ( ( #5938 ) ) GLOBAL_UNIT_ASSIGNED_CONTEXT ( ( #8927, #268, #8896 ) ) REPRESENTATION_CONTEXT ( 'NONE', 'WORKASPACE' ) );
#6830 = CARTESIAN_POINT ( 'NONE',  ( 4.251000000000000300, 0.5010000000000000000, -2.298500000000003300 ) ) ;
#6831 = LINE ( 'NONE', #2495, #154 ) ;
#6832 = EDGE_CURVE ( 'NONE', #6842, #843, #4482, .T. ) ;
#6833 = ORIENTED_EDGE ( 'NONE', *, *, #1649, .T. ) ;
#6834 = ORIENTED_EDGE ( 'NONE', *, *, #2378, .T. ) ;
#6835 = FILL_AREA_STYLE ('',( #1694 ) ) ;
#6836 = ORIENTED_EDGE ( 'NONE', *, *, #6170, .T. ) ;
#6837 = DIRECTION ( 'NONE',  ( 0.0000000000000000000, 0.0000000000000000000, -1.000000000000000000 ) ) ;
#6838 = ORIENTED_EDGE ( 'NONE', *, *, #7826, .F. ) ;
#6839 = PLANE ( 'NONE',  #7206 ) ;
#6840 = AXIS2_PLACEMENT_3D ( 'NONE', #3463, #9253, #7085 ) ;
#6841 = AXIS2_PLACEMENT_3D ( 'NONE', #4696, #9040, #361 ) ;
#6842 = VERTEX_POINT ( 'NONE', #4024 ) ;
#6843 = VERTEX_POINT ( 'NONE', #1062 ) ;
#6844 = VECTOR ( 'NONE', #2015, 1000.000000000000000 ) ;
#6845 = CARTESIAN_POINT ( 'NONE',  ( 4.816944583281721900, 2.300000000000000300, 1.241707825693109800 ) ) ;
#6846 = ORIENTED_EDGE ( 'NONE', *, *, #3153, .T. ) ;
#6847 = EDGE_CURVE ( 'NONE', #4572, #1190, #7919, .T. ) ;
#6848 = CARTESIAN_POINT ( 'NONE',  ( -3.798999999999999500, 2.299999999999999800, 5.187499999999999100 ) ) ;
#6849 = ORIENTED_EDGE ( 'NONE', *, *, #7938, .F. ) ;
#6850 = DIRECTION ( 'NONE',  ( -0.9986295347545740600, 0.05233595624294079500, 1.669731178547042200E-016 ) ) ;
#6851 = DIRECTION ( 'NONE',  ( -0.0000000000000000000, -1.000000000000000000, -0.0000000000000000000 ) ) ;
#6852 = FILL_AREA_STYLE ('',( #4534 ) ) ;
#6853 = DIRECTION ( 'NONE',  ( 0.0000000000000000000, 0.0000000000000000000, 1.000000000000000000 ) ) ;
#6854 = ORIENTED_EDGE ( 'NONE', *, *, #3217, .T. ) ;
#6855 = EDGE_CURVE ( 'NONE', #3959, #938, #87, .T. ) ;
#6856 = PLANE ( 'NONE',  #2097 ) ;
#6857 = CARTESIAN_POINT ( 'NONE',  ( 0.0000000000000000000, 0.02000000000000000000, -2.298500000000003300 ) ) ;
#6858 = DIRECTION ( 'NONE',  ( -1.000000000000000000, 0.0000000000000000000, 0.0000000000000000000 ) ) ;
#6859 = DIRECTION ( 'NONE',  ( 0.0000000000000000000, 1.000000000000000000, -0.0000000000000000000 ) ) ;
#6860 = ORIENTED_EDGE ( 'NONE', *, *, #7212, .T. ) ;
#6861 = VECTOR ( 'NONE', #9090, 1000.000000000000000 ) ;
#6862 = ADVANCED_FACE ( 'NONE', ( #3369 ), #2573, .T. ) ;
#6863 = AXIS2_PLACEMENT_3D ( 'NONE', #1919, #7598, #1086 ) ;
#6864 = CIRCLE ( 'NONE', #8611, 0.1000000000000002600 ) ;
#6865 = EDGE_LOOP ( 'NONE', ( #2343, #8330, #9306, #5388, #7500, #4233, #181, #4785 ) ) ;
#6866 = SURFACE_STYLE_FILL_AREA ( #8947 ) ;
#6867 = EDGE_CURVE ( 'NONE', #4932, #5724, #7554, .T. ) ;
#6868 = DIRECTION ( 'NONE',  ( 0.0000000000000000000, -1.000000000000000000, 0.0000000000000000000 ) ) ;
#6869 = UNCERTAINTY_MEASURE_WITH_UNIT (LENGTH_MEASURE( 1.000000000000000100E-005 ), #2951, 'distance_accuracy_value', 'NONE');
#6870 = LINE ( 'NONE', #6004, #3046 ) ;
#6871 = SURFACE_STYLE_USAGE ( .BOTH. , #2611 ) ;
#6872 = SURFACE_STYLE_USAGE ( .BOTH. , #8988 ) ;
#6873 = COLOUR_RGB ( '',0.7529411764705882200, 0.7529411764705882200, 0.7529411764705882200 ) ;
#6874 = CARTESIAN_POINT ( 'NONE',  ( -0.1999999999999999300, 0.5000000000000000000, 3.787499999999999200 ) ) ;
#6875 = ORIENTED_EDGE ( 'NONE', *, *, #1595, .T. ) ;
#6876 = CARTESIAN_POINT ( 'NONE',  ( -4.150999999999999800, 0.5010000000000000000, -4.986500000000003000 ) ) ;
#6877 = DIRECTION ( 'NONE',  ( 0.0000000000000000000, 0.0000000000000000000, 1.000000000000000000 ) ) ;
#6878 = MECHANICAL_DESIGN_GEOMETRIC_PRESENTATION_REPRESENTATION (  '', ( #1983 ), #6512 ) ;
#6879 = DIRECTION ( 'NONE',  ( 0.0000000000000000000, 0.0000000000000000000, 1.000000000000000000 ) ) ;
#6880 = EDGE_CURVE ( 'NONE', #2197, #5133, #657, .T. ) ;
#6881 = VECTOR ( 'NONE', #4016, 1000.000000000000000 ) ;
#6882 = DIRECTION ( 'NONE',  ( 0.0000000000000000000, -1.000000000000000000, 0.0000000000000000000 ) ) ;
#6883 = ORIENTED_EDGE ( 'NONE', *, *, #8655, .F. ) ;
#6884 = DIRECTION ( 'NONE',  ( 1.000000000000000000, -0.0000000000000000000, 0.0000000000000000000 ) ) ;
#6885 = STYLED_ITEM ( 'NONE', ( #2421 ), #1984 ) ;
#6886 = EDGE_LOOP ( 'NONE', ( #1852, #7493, #3711, #8167 ) ) ;
#6887 = MECHANICAL_DESIGN_GEOMETRIC_PRESENTATION_REPRESENTATION (  '', ( #112 ), #1081 ) ;
#6888 = VECTOR ( 'NONE', #6636, 1000.000000000000000 ) ;
#6889 = COLOUR_RGB ( '',0.7529411764705882200, 0.7529411764705882200, 0.7529411764705882200 ) ;
#6890 = VECTOR ( 'NONE', #6623, 1000.000000000000000 ) ;
#6891 = VERTEX_POINT ( 'NONE', #2066 ) ;
#6892 = EDGE_CURVE ( 'NONE', #5296, #882, #1561, .T. ) ;
#6893 = CARTESIAN_POINT ( 'NONE',  ( -3.798999999999999500, 0.4999999999998839800, 5.187499999999999100 ) ) ;
#6894 = FACE_OUTER_BOUND ( 'NONE', #509, .T. ) ;
#6895 =( LENGTH_UNIT ( ) NAMED_UNIT ( * ) SI_UNIT ( .MILLI., .METRE. ) );
#6896 = FACE_OUTER_BOUND ( 'NONE', #2093, .T. ) ;
#6897 = ORIENTED_EDGE ( 'NONE', *, *, #5834, .T. ) ;
#6898 = DIRECTION ( 'NONE',  ( 1.000000000000000000, 0.0000000000000000000, -0.0000000000000000000 ) ) ;
#6899 = DIRECTION ( 'NONE',  ( 0.0000000000000000000, 1.000000000000000000, 0.0000000000000000000 ) ) ;
#6900 = CARTESIAN_POINT ( 'NONE',  ( -1.000000000000000000, 0.5000000000000000000, 5.787499999999999600 ) ) ;
#6901 = ADVANCED_FACE ( 'NONE', ( #7326 ), #6272, .F. ) ;
#6902 = EDGE_CURVE ( 'NONE', #4048, #341, #8161, .T. ) ;
#6903 = EDGE_LOOP ( 'NONE', ( #5349, #5429, #350, #7632 ) ) ;
#6904 = CARTESIAN_POINT ( 'NONE',  ( -4.950000000000001100, 0.4999999999998842000, -5.087637046524544200 ) ) ;
#6905 = ORIENTED_EDGE ( 'NONE', *, *, #3998, .T. ) ;
#6906 = PLANE ( 'NONE',  #1644 ) ;
#6907 = DIRECTION ( 'NONE',  ( 0.0000000000000000000, 0.0000000000000000000, -1.000000000000000000 ) ) ;
#6908 = VECTOR ( 'NONE', #432, 1000.000000000000000 ) ;
#6909 = SURFACE_STYLE_USAGE ( .BOTH. , #5479 ) ;
#6910 = AXIS2_PLACEMENT_3D ( 'NONE', #5319, #7502, #1050 ) ;
#6911 = VERTEX_POINT ( 'NONE', #3434 ) ;
#6912 = DIRECTION ( 'NONE',  ( 0.0000000000000000000, 0.0000000000000000000, 1.000000000000000000 ) ) ;
#6913 = DIRECTION ( 'NONE',  ( -0.0000000000000000000, 0.0000000000000000000, -1.000000000000000000 ) ) ;
#6914 = SURFACE_STYLE_USAGE ( .BOTH. , #4691 ) ;
#6915 =( NAMED_UNIT ( * ) SI_UNIT ( $, .STERADIAN. ) SOLID_ANGLE_UNIT ( ) );
#6916 = EDGE_CURVE ( 'NONE', #582, #8120, #6864, .T. ) ;
#6917 = DIRECTION ( 'NONE',  ( -1.000000000000000000, 0.0000000000000000000, 0.0000000000000000000 ) ) ;
#6918 = FACE_OUTER_BOUND ( 'NONE', #6689, .T. ) ;
#6919 = FACE_OUTER_BOUND ( 'NONE', #6886, .T. ) ;
#6920 = ORIENTED_EDGE ( 'NONE', *, *, #2977, .T. ) ;
#6921 = LINE ( 'NONE', #2320, #8220 ) ;
#6922 = CARTESIAN_POINT ( 'NONE',  ( -4.760769540619037300, 2.255226423163383000, 1.191981730924696100 ) ) ;
#6923 = DIRECTION ( 'NONE',  ( 0.0000000000000000000, 0.0000000000000000000, 1.000000000000000000 ) ) ;
#6924 =( GEOMETRIC_REPRESENTATION_CONTEXT ( 3 ) GLOBAL_UNCERTAINTY_ASSIGNED_CONTEXT ( ( #6224 ) ) GLOBAL_UNIT_ASSIGNED_CONTEXT ( ( #1746, #6827, #1106 ) ) REPRESENTATION_CONTEXT ( 'NONE', 'WORKASPACE' ) );
#6925 = SURFACE_SIDE_STYLE ('',( #1555 ) ) ;
#6926 = FILL_AREA_STYLE ('',( #4767 ) ) ;
#6927 =( NAMED_UNIT ( * ) PLANE_ANGLE_UNIT ( ) SI_UNIT ( $, .RADIAN. ) );
#6928 = PRESENTATION_STYLE_ASSIGNMENT (( #499 ) ) ;
#6929 = CARTESIAN_POINT ( 'NONE',  ( 4.948023636465795700, 0.05608129529729547600, -5.177300817119855100 ) ) ;
#6930 = ORIENTED_EDGE ( 'NONE', *, *, #8420, .T. ) ;
#6931 = LINE ( 'NONE', #7164, #484 ) ;
#6932 = LINE ( 'NONE', #6494, #1832 ) ;
#6933 = EDGE_CURVE ( 'NONE', #3138, #8941, #9146, .T. ) ;
#6934 = ORIENTED_EDGE ( 'NONE', *, *, #2545, .T. ) ;
#6935 = VECTOR ( 'NONE', #5665, 1000.000000000000000 ) ;
#6936 = DIRECTION ( 'NONE',  ( -1.000000000000000000, 0.0000000000000000000, 0.0000000000000000000 ) ) ;
#6937 = DIRECTION ( 'NONE',  ( 0.0000000000000000000, 0.0000000000000000000, 1.000000000000000000 ) ) ;
#6938 = CARTESIAN_POINT ( 'NONE',  ( 4.150000000000000400, 0.5000000000000000000, 0.0000000000000000000 ) ) ;
#6939 = CARTESIAN_POINT ( 'NONE',  ( -2.201000000000000100, 0.07000000000000018700, 5.137499999999999300 ) ) ;
#6940 = SURFACE_STYLE_USAGE ( .BOTH. , #5474 ) ;
#6941 = LINE ( 'NONE', #2724, #4560 ) ;
#6942 = CARTESIAN_POINT ( 'NONE',  ( 2.200000000000000200, 0.0000000000000000000, -0.0000000000000000000 ) ) ;
#6943 = AXIS2_PLACEMENT_3D ( 'NONE', #5143, #5013, #701 ) ;
#6944 = ORIENTED_EDGE ( 'NONE', *, *, #5440, .T. ) ;
#6945 = VECTOR ( 'NONE', #5579, 1000.000000000000000 ) ;
#6946 = MECHANICAL_DESIGN_GEOMETRIC_PRESENTATION_REPRESENTATION (  '', ( #9270 ), #9388 ) ;
#6947 = ORIENTED_EDGE ( 'NONE', *, *, #9050, .F. ) ;
#6948 = CLOSED_SHELL ( 'NONE', ( #8403, #2333, #4340, #6747, #1229, #4619, #1831, #6292, #5355, #6203, #4582, #6787, #5549, #4818, #1088, #2556, #7854, #293, #708, #6157, #9220, #5735, #944, #1922, #4014, #9389, #9344, #6057, #7988, #5512, #5588, #7399, #994, #369 ) ) ;
#6949 = CARTESIAN_POINT ( 'NONE',  ( 4.937575001899237000, 0.06139898453523458300, -5.186938315272382000 ) ) ;
#6950 = ORIENTED_EDGE ( 'NONE', *, *, #3173, .T. ) ;
#6951 = CARTESIAN_POINT ( 'NONE',  ( -4.810701017356765700, 2.207843220975530300, 1.187001555694303000 ) ) ;
#6952 = ORIENTED_EDGE ( 'NONE', *, *, #3517, .T. ) ;
#6953 = ORIENTED_EDGE ( 'NONE', *, *, #7532, .F. ) ;
#6954 = FACE_OUTER_BOUND ( 'NONE', #2424, .T. ) ;
#6955 = FILL_AREA_STYLE_COLOUR ( '', #3437 ) ;
#6956 = DIRECTION ( 'NONE',  ( 0.0000000000000000000, 0.0000000000000000000, -1.000000000000000000 ) ) ;
#6957 = SURFACE_STYLE_FILL_AREA ( #2987 ) ;
#6958 = ADVANCED_FACE ( 'NONE', ( #1102 ), #8576, .T. ) ;
#6959 = EDGE_LOOP ( 'NONE', ( #2895, #1728, #3316, #4442, #4224, #593, #4054, #1164, #867, #7429, #3230, #416, #2034, #7961, #3120, #1971 ) ) ;
#6960 =( GEOMETRIC_REPRESENTATION_CONTEXT ( 3 ) GLOBAL_UNCERTAINTY_ASSIGNED_CONTEXT ( ( #8981 ) ) GLOBAL_UNIT_ASSIGNED_CONTEXT ( ( #8590, #9315, #3765 ) ) REPRESENTATION_CONTEXT ( 'NONE', 'WORKASPACE' ) );
#6961 = ORIENTED_EDGE ( 'NONE', *, *, #1467, .F. ) ;
#6962 = AXIS2_PLACEMENT_3D ( 'NONE', #2382, #8884, #1726 ) ;
#6963 = CARTESIAN_POINT ( 'NONE',  ( 0.0000000000000000000, 0.5000000000000000000, 5.787499999999999600 ) ) ;
#6964 = APPLICATION_CONTEXT ( 'automotive_design' ) ;
#6965 = ORIENTED_EDGE ( 'NONE', *, *, #692, .T. ) ;
#6966 = ORIENTED_EDGE ( 'NONE', *, *, #1850, .F. ) ;
#6967 = SURFACE_STYLE_FILL_AREA ( #8000 ) ;
#6968 = DIRECTION ( 'NONE',  ( 1.000000000000000000, -0.0000000000000000000, 0.0000000000000000000 ) ) ;
#6969 = DIRECTION ( 'NONE',  ( -1.000000000000000000, 0.0000000000000000000, 0.0000000000000000000 ) ) ;
#6970 = PRESENTATION_STYLE_ASSIGNMENT (( #9322 ) ) ;
#6971 = CARTESIAN_POINT ( 'NONE',  ( 4.809327463485842300, 2.234051203774246800, 1.189756125684218000 ) ) ;
#6972 = FILL_AREA_STYLE_COLOUR ( '', #9036 ) ;
#6973 = EDGE_CURVE ( 'NONE', #6248, #3620, #4473, .T. ) ;
#6974 = CARTESIAN_POINT ( 'NONE',  ( -4.251000000000000300, 0.02000000000000000000, 0.0000000000000000000 ) ) ;
#6975 =( GEOMETRIC_REPRESENTATION_CONTEXT ( 3 ) GLOBAL_UNCERTAINTY_ASSIGNED_CONTEXT ( ( #8929 ) ) GLOBAL_UNIT_ASSIGNED_CONTEXT ( ( #1386, #53, #6421 ) ) REPRESENTATION_CONTEXT ( 'NONE', 'WORKASPACE' ) );
#6976 = CARTESIAN_POINT ( 'NONE',  ( -4.250000000000000000, 0.0000000000000000000, -0.0000000000000000000 ) ) ;
#6977 = DIRECTION ( 'NONE',  ( 0.0000000000000000000, -1.000000000000000000, 0.0000000000000000000 ) ) ;
#6978 = ORIENTED_EDGE ( 'NONE', *, *, #8350, .T. ) ;
#6979 = FILL_AREA_STYLE ('',( #7655 ) ) ;
#6980 = SURFACE_STYLE_FILL_AREA ( #1810 ) ;
#6981 = CARTESIAN_POINT ( 'NONE',  ( 2.600000000000000100, 0.5000000000000000000, 4.587499999999999500 ) ) ;
#6982 = AXIS2_PLACEMENT_3D ( 'NONE', #5215, #5178, #1529 ) ;
#6983 = ORIENTED_EDGE ( 'NONE', *, *, #2298, .F. ) ;
#6984 = CARTESIAN_POINT ( 'NONE',  ( 0.0000000000000000000, 0.02000000000000000000, 0.9634999999999968000 ) ) ;
#6985 = EDGE_CURVE ( 'NONE', #478, #7718, #6168, .T. ) ;
#6986 = ORIENTED_EDGE ( 'NONE', *, *, #6832, .F. ) ;
#6987 = SURFACE_STYLE_FILL_AREA ( #8969 ) ;
#6988 = PLANE ( 'NONE',  #8397 ) ;
#6989 = ORIENTED_EDGE ( 'NONE', *, *, #4600, .F. ) ;
#6990 = PLANE ( 'NONE',  #3783 ) ;
#6991 = UNCERTAINTY_MEASURE_WITH_UNIT (LENGTH_MEASURE( 1.000000000000000100E-005 ), #1419, 'distance_accuracy_value', 'NONE');
#6992 = CARTESIAN_POINT ( 'NONE',  ( 4.760769540619037300, 2.250000000000000000, 1.241707825693109800 ) ) ;
#6993 = AXIS2_PLACEMENT_3D ( 'NONE', #5845, #6565, #3384 ) ;
#6994 = ORIENTED_EDGE ( 'NONE', *, *, #3839, .F. ) ;
#6995 = LINE ( 'NONE', #6385, #1355 ) ;
#6996 = CARTESIAN_POINT ( 'NONE',  ( 0.0000000000000000000, 0.5000000000000000000, 0.9624999999999968000 ) ) ;
#6997 = EDGE_CURVE ( 'NONE', #2896, #7185, #7317, .T. ) ;
#6998 = FACE_OUTER_BOUND ( 'NONE', #9048, .T. ) ;
#6999 = AXIS2_PLACEMENT_3D ( 'NONE', #4283, #44, #5822 ) ;
#7000 = DIRECTION ( 'NONE',  ( 1.000000000000000000, -0.0000000000000000000, 0.0000000000000000000 ) ) ;
#7001 = DIRECTION ( 'NONE',  ( 0.0000000000000000000, 1.000000000000000000, -0.0000000000000000000 ) ) ;
#7002 = DIRECTION ( 'NONE',  ( -0.0000000000000000000, 0.0000000000000000000, -1.000000000000000000 ) ) ;
#7003 = COLOUR_RGB ( '',0.7529411764705882200, 0.7529411764705882200, 0.7529411764705882200 ) ;
#7004 = ORIENTED_EDGE ( 'NONE', *, *, #7786, .T. ) ;
#7005 =( LENGTH_UNIT ( ) NAMED_UNIT ( * ) SI_UNIT ( .MILLI., .METRE. ) );
#7006 = COLOUR_RGB ( '',0.7529411764705882200, 0.7529411764705882200, 0.7529411764705882200 ) ;
#7007 = DIRECTION ( 'NONE',  ( -0.05205003326639411800, -0.9931737993569248500, 0.1043867726673162200 ) ) ;
#7008 =( NAMED_UNIT ( * ) SI_UNIT ( $, .STERADIAN. ) SOLID_ANGLE_UNIT ( ) );
#7009 = STYLED_ITEM ( 'NONE', ( #9275 ), #6581 ) ;
#7010 = PRESENTATION_STYLE_ASSIGNMENT (( #9231 ) ) ;
#7011 = DIRECTION ( 'NONE',  ( 1.000000000000000000, 0.0000000000000000000, -0.0000000000000000000 ) ) ;
#7012 = DIRECTION ( 'NONE',  ( 1.000000000000000000, 0.0000000000000000000, -0.0000000000000000000 ) ) ;
#7013 = EDGE_CURVE ( 'NONE', #1757, #2909, #406, .T. ) ;
#7014 = LINE ( 'NONE', #8640, #8071 ) ;
#7015 = CARTESIAN_POINT ( 'NONE',  ( -4.251000000000000300, 0.5010000000000000000, 0.9634999999999968000 ) ) ;
#7016 = ORIENTED_EDGE ( 'NONE', *, *, #6228, .F. ) ;
#7017 = CARTESIAN_POINT ( 'NONE',  ( -2.201000000000000100, 0.5010000000000000000, 3.786499999999998900 ) ) ;
#7018 = LINE ( 'NONE', #5076, #3177 ) ;
#7019 = ORIENTED_EDGE ( 'NONE', *, *, #4136, .F. ) ;
#7020 = CARTESIAN_POINT ( 'NONE',  ( 4.061602540378443900, 0.1499999999999999900, 0.0000000000000000000 ) ) ;
#7021 = FACE_OUTER_BOUND ( 'NONE', #4925, .T. ) ;
#7022 = MECHANICAL_DESIGN_GEOMETRIC_PRESENTATION_REPRESENTATION (  '', ( #5067 ), #4393 ) ;
#7023 = CARTESIAN_POINT ( 'NONE',  ( -4.251000000000000300, 0.02000000000000000000, -5.137500000000001100 ) ) ;
#7024 =( LENGTH_UNIT ( ) NAMED_UNIT ( * ) SI_UNIT ( .MILLI., .METRE. ) );
#7025 = LINE ( 'NONE', #5984, #2960 ) ;
#7026 = ORIENTED_EDGE ( 'NONE', *, *, #504, .T. ) ;
#7027 = VECTOR ( 'NONE', #6237, 1000.000000000000000 ) ;
#7028 = EDGE_CURVE ( 'NONE', #4437, #7200, #766, .T. ) ;
#7029 = LINE ( 'NONE', #3108, #3961 ) ;
#7030 = EDGE_CURVE ( 'NONE', #3359, #6479, #9256, .T. ) ;
#7031 = CARTESIAN_POINT ( 'NONE',  ( 0.0000000000000000000, 0.5010000000000001100, 5.187447592220710400 ) ) ;
#7032 = AXIS2_PLACEMENT_3D ( 'NONE', #1589, #8717, #6536 ) ;
#7033 = SURFACE_SIDE_STYLE ('',( #1184 ) ) ;
#7034 = CARTESIAN_POINT ( 'NONE',  ( -4.949999999999999300, 0.07000000000000018700, 5.137499999999999300 ) ) ;
#7035 = ORIENTED_EDGE ( 'NONE', *, *, #3517, .F. ) ;
#7036 = EDGE_LOOP ( 'NONE', ( #5817, #3212, #8746, #1965, #2471, #7096 ) ) ;
#7037 = CARTESIAN_POINT ( 'NONE',  ( -4.251000000000000300, 0.5010000000000000000, 0.9634999999999968000 ) ) ;
#7038 = LINE ( 'NONE', #6331, #4871 ) ;
#7039 = DIRECTION ( 'NONE',  ( -1.000000000000000000, 0.0000000000000000000, 0.0000000000000000000 ) ) ;
#7040 = FILL_AREA_STYLE_COLOUR ( '', #142 ) ;
#7041 = EDGE_CURVE ( 'NONE', #7322, #1403, #990, .T. ) ;
#7042 = CARTESIAN_POINT ( 'NONE',  ( 0.0000000000000000000, 2.200000000000000200, -4.998269540619038900 ) ) ;
#7043 = LINE ( 'NONE', #2144, #5571 ) ;
#7044 = CARTESIAN_POINT ( 'NONE',  ( 4.061602540378443900, 0.1499999999999999900, 5.557499999999999200 ) ) ;
#7045 = CARTESIAN_POINT ( 'NONE',  ( 1.938397459621555000, 0.1499999999999999900, 0.0000000000000000000 ) ) ;
#7046 = ORIENTED_EDGE ( 'NONE', *, *, #1401, .T. ) ;
#7047 = SURFACE_STYLE_USAGE ( .BOTH. , #559 ) ;
#7048 = CARTESIAN_POINT ( 'NONE',  ( -2.201000000000000100, 0.5010000000000000000, 3.786499999999998900 ) ) ;
#7049 = UNCERTAINTY_MEASURE_WITH_UNIT (LENGTH_MEASURE( 1.000000000000000100E-005 ), #8544, 'distance_accuracy_value', 'NONE');
#7050 = VECTOR ( 'NONE', #1077, 1000.000000000000000 ) ;
#7051 = CARTESIAN_POINT ( 'NONE',  ( 0.0000000000000000000, 0.5000000000000000000, 0.9624999999999968000 ) ) ;
#7052 = LINE ( 'NONE', #3482, #4205 ) ;
#7053 = ORIENTED_EDGE ( 'NONE', *, *, #1577, .F. ) ;
#7054 = SURFACE_STYLE_USAGE ( .BOTH. , #2694 ) ;
#7055 = EDGE_LOOP ( 'NONE', ( #9010, #8016, #5097, #7445, #5198, #2507 ) ) ;
#7057 = VECTOR ( 'NONE', #5410, 1000.000000000000000 ) ;
#7056 = CARTESIAN_POINT ( 'NONE',  ( -3.401000000000000200, 2.299999999999999800, 5.187499999999999100 ) ) ;
#7058 = CARTESIAN_POINT ( 'NONE',  ( 2.600000000000000100, 0.5000000000000000000, 0.0000000000000000000 ) ) ;
#7059 = EDGE_CURVE ( 'NONE', #9261, #7220, #8583, .T. ) ;
#7060 = LINE ( 'NONE', #4683, #7177 ) ;
#7061 = ORIENTED_EDGE ( 'NONE', *, *, #2080, .F. ) ;
#7062 = ORIENTED_EDGE ( 'NONE', *, *, #4989, .F. ) ;
#7063 = ORIENTED_EDGE ( 'NONE', *, *, #514, .T. ) ;
#7064 = ORIENTED_EDGE ( 'NONE', *, *, #530, .F. ) ;
#7065 = CARTESIAN_POINT ( 'NONE',  ( 3.799999999999999400, 0.0000000000000000000, -0.0000000000000000000 ) ) ;
#7066 = STYLED_ITEM ( 'NONE', ( #691 ), #6157 ) ;
#7067 = DIRECTION ( 'NONE',  ( 1.000000000000000000, 0.0000000000000000000, 0.0000000000000000000 ) ) ;
#7068 = DIRECTION ( 'NONE',  ( -1.000000000000000000, 0.0000000000000000000, 0.0000000000000000000 ) ) ;
#7069 = EDGE_CURVE ( 'NONE', #5695, #6054, #7091, .T. ) ;
#7070 = VERTEX_POINT ( 'NONE', #5251 ) ;
#7071 = VERTEX_POINT ( 'NONE', #6828 ) ;
#7072 = ADVANCED_FACE ( 'NONE', ( #6398 ), #3912, .F. ) ;
#7073 = FACE_OUTER_BOUND ( 'NONE', #5302, .T. ) ;
#7074 = CARTESIAN_POINT ( 'NONE',  ( -4.599999999999999600, 0.5000000000000000000, 3.787499999999999200 ) ) ;
#7075 = PLANE ( 'NONE',  #5628 ) ;
#7076 = CARTESIAN_POINT ( 'NONE',  ( 0.1989999999999999300, 2.299999999999999800, 5.093165997290524800 ) ) ;
#7077 = FILL_AREA_STYLE ('',( #5653 ) ) ;
#7078 = DIRECTION ( 'NONE',  ( 0.0000000000000000000, -1.000000000000000000, 0.0000000000000000000 ) ) ;
#7079 =( GEOMETRIC_REPRESENTATION_CONTEXT ( 3 ) GLOBAL_UNCERTAINTY_ASSIGNED_CONTEXT ( ( #555 ) ) GLOBAL_UNIT_ASSIGNED_CONTEXT ( ( #109, #8117, #4454 ) ) REPRESENTATION_CONTEXT ( 'NONE', 'WORKASPACE' ) );
#7080 = ORIENTED_EDGE ( 'NONE', *, *, #5426, .T. ) ;
#7081 = ORIENTED_EDGE ( 'NONE', *, *, #1769, .T. ) ;
#7082 = LINE ( 'NONE', #8335, #7652 ) ;
#7083 = CARTESIAN_POINT ( 'NONE',  ( 0.0000000000000000000, 0.5000000000000000000, -5.587500000000003000 ) ) ;
#7084 = DIRECTION ( 'NONE',  ( 0.0000000000000000000, -1.000000000000000000, 0.0000000000000000000 ) ) ;
#7085 = DIRECTION ( 'NONE',  ( 1.000000000000000000, 0.0000000000000000000, -0.0000000000000000000 ) ) ;
#7086 = EDGE_CURVE ( 'NONE', #5333, #4725, #6294, .T. ) ;
#7087 = DIRECTION ( 'NONE',  ( -0.0000000000000000000, 0.0000000000000000000, -1.000000000000000000 ) ) ;
#7088 = CARTESIAN_POINT ( 'NONE',  ( 4.731000000000000800, 0.5000000000000000000, -2.142500000000000500 ) ) ;
#7089 = ORIENTED_EDGE ( 'NONE', *, *, #3591, .T. ) ;
#7090 = SURFACE_STYLE_FILL_AREA ( #9309 ) ;
#7091 = LINE ( 'NONE', #3828, #5953 ) ;
#7092 = PRESENTATION_LAYER_ASSIGNMENT (  '', '', ( #8386 ) ) ;
#7093 = ORIENTED_EDGE ( 'NONE', *, *, #8137, .F. ) ;
#7094 = DIRECTION ( 'NONE',  ( 1.672022627447524700E-016, -0.0000000000000000000, 1.000000000000000000 ) ) ;
#7095 = DIRECTION ( 'NONE',  ( -1.000000000000000000, 0.0000000000000000000, 0.0000000000000000000 ) ) ;
#7096 = ORIENTED_EDGE ( 'NONE', *, *, #950, .F. ) ;
#7097 = EDGE_CURVE ( 'NONE', #8924, #6806, #645, .T. ) ;
#7098 = DIRECTION ( 'NONE',  ( -0.0000000000000000000, -1.000000000000000000, -0.0000000000000000000 ) ) ;
#7099 = FACE_OUTER_BOUND ( 'NONE', #972, .T. ) ;
#7100 = UNCERTAINTY_MEASURE_WITH_UNIT (LENGTH_MEASURE( 1.000000000000000100E-005 ), #8885, 'distance_accuracy_value', 'NONE');
#7101 = ORIENTED_EDGE ( 'NONE', *, *, #7701, .F. ) ;
#7102 = DIRECTION ( 'NONE',  ( 0.0000000000000000000, 8.131516293641332600E-016, -1.000000000000000000 ) ) ;
#7103 = PLANE ( 'NONE',  #976 ) ;
#7104 = EDGE_LOOP ( 'NONE', ( #852, #26, #7681, #291 ) ) ;
#7105 = LINE ( 'NONE', #5384, #5173 ) ;
#7106 = DIRECTION ( 'NONE',  ( -0.5000000000000022200, 0.8660254037844373800, 0.0000000000000000000 ) ) ;
#7107 = AXIS2_PLACEMENT_3D ( 'NONE', #957, #1725, #2414 ) ;
#7108 = COLOUR_RGB ( '',0.7529411764705882200, 0.7529411764705882200, 0.7529411764705882200 ) ;
#7109 =( NAMED_UNIT ( * ) SI_UNIT ( $, .STERADIAN. ) SOLID_ANGLE_UNIT ( ) );
#7110 = EDGE_LOOP ( 'NONE', ( #6795, #6142, #7289, #8898 ) ) ;
#7111 = VECTOR ( 'NONE', #4418, 1000.000000000000000 ) ;
#7112 = EDGE_CURVE ( 'NONE', #5898, #7773, #1333, .T. ) ;
#7113 = UNCERTAINTY_MEASURE_WITH_UNIT (LENGTH_MEASURE( 1.000000000000000100E-005 ), #2565, 'distance_accuracy_value', 'NONE');
#7114 = DIRECTION ( 'NONE',  ( -0.9945218953682734000, -0.1045284632676537100, 0.0000000000000000000 ) ) ;
#7115 = PLANE ( 'NONE',  #6767 ) ;
#7116 = FACE_OUTER_BOUND ( 'NONE', #9207, .T. ) ;
#7117 = LINE ( 'NONE', #829, #7809 ) ;
#7118 = CARTESIAN_POINT ( 'NONE',  ( 4.900000000000001200, 0.07000000000000018700, 5.087499999999998600 ) ) ;
#7119 = CARTESIAN_POINT ( 'NONE',  ( 0.0000000000000000000, 0.0000000000000000000, 5.787499999999999600 ) ) ;
#7120 = CARTESIAN_POINT ( 'NONE',  ( 2.200000000000000200, 0.5000000000000000000, 5.787499999999999600 ) ) ;
#7121 = VERTEX_POINT ( 'NONE', #5343 ) ;
#7122 = CARTESIAN_POINT ( 'NONE',  ( 3.400000000000000400, 0.5000000000000000000, 0.0000000000000000000 ) ) ;
#7123 = DIRECTION ( 'NONE',  ( -0.05205003326639417300, 0.9931737993569250700, -0.1043867726673162300 ) ) ;
#7124 = VECTOR ( 'NONE', #8607, 1000.000000000000000 ) ;
#7125 = AXIS2_PLACEMENT_3D ( 'NONE', #5137, #2940, #23 ) ;
#7126 = VECTOR ( 'NONE', #8860, 1000.000000000000000 ) ;
#7127 = ORIENTED_EDGE ( 'NONE', *, *, #4075, .F. ) ;
#7128 =( NAMED_UNIT ( * ) PLANE_ANGLE_UNIT ( ) SI_UNIT ( $, .RADIAN. ) );
#7129 = EDGE_CURVE ( 'NONE', #732, #7545, #3480, .T. ) ;
#7130 = CARTESIAN_POINT ( 'NONE',  ( -3.401000000000000200, 0.4999999999998839800, 5.187499999999999100 ) ) ;
#7131 = AXIS2_PLACEMENT_3D ( 'NONE', #7313, #221, #7408 ) ;
#7132 = LINE ( 'NONE', #6505, #8960 ) ;
#7133 = ORIENTED_EDGE ( 'NONE', *, *, #871, .F. ) ;
#7134 = SURFACE_SIDE_STYLE ('',( #3810 ) ) ;
#7135 = DIRECTION ( 'NONE',  ( 0.0000000000000000000, 0.0000000000000000000, -1.000000000000000000 ) ) ;
#7136 = FACE_OUTER_BOUND ( 'NONE', #9312, .T. ) ;
#7137 = DIRECTION ( 'NONE',  ( -8.685520583982807900E-015, 0.0000000000000000000, 1.000000000000000000 ) ) ;
#7138 = VECTOR ( 'NONE', #9271, 1000.000000000000000 ) ;
#7139 = SURFACE_SIDE_STYLE ('',( #1008 ) ) ;
#7140 = MECHANICAL_DESIGN_GEOMETRIC_PRESENTATION_REPRESENTATION (  '', ( #5186 ), #7622 ) ;
#7141 = ORIENTED_EDGE ( 'NONE', *, *, #2557, .T. ) ;
#7142 = CARTESIAN_POINT ( 'NONE',  ( -3.798999999999999500, 0.5010000000000000000, 3.786499999999998900 ) ) ;
#7143 = DIRECTION ( 'NONE',  ( 1.000000000000000000, 0.0000000000000000000, 0.0000000000000000000 ) ) ;
#7144 = VECTOR ( 'NONE', #8794, 1000.000000000000000 ) ;
#7145 = ORIENTED_EDGE ( 'NONE', *, *, #2403, .T. ) ;
#7146 = CIRCLE ( 'NONE', #8978, 0.1501051042352655700 ) ;
#7147 = DIRECTION ( 'NONE',  ( 0.0000000000000000000, -1.000000000000000000, 0.0000000000000000000 ) ) ;
#7148 = CARTESIAN_POINT ( 'NONE',  ( -2.598999999999999800, 0.5010000000000000000, 3.786499999999998900 ) ) ;
#7149 = SURFACE_SIDE_STYLE ('',( #1883 ) ) ;
#7150 = ORIENTED_EDGE ( 'NONE', *, *, #2390, .T. ) ;
#7151 = VECTOR ( 'NONE', #2864, 1000.000000000000000 ) ;
#7152 = ORIENTED_EDGE ( 'NONE', *, *, #545, .T. ) ;
#7153 = PRESENTATION_LAYER_ASSIGNMENT (  '', '', ( #5989 ) ) ;
#7154 = AXIS2_PLACEMENT_3D ( 'NONE', #780, #2416, #3860 ) ;
#7155 = VECTOR ( 'NONE', #2503, 1000.000000000000000 ) ;
#7156 = CARTESIAN_POINT ( 'NONE',  ( -4.947224187815824500, 0.05357209431680662300, -5.178464184599015100 ) ) ;
#7157 = DIRECTION ( 'NONE',  ( 1.000000000000000000, 0.0000000000000000000, 0.0000000000000000000 ) ) ;
#7158 = FILL_AREA_STYLE ('',( #9285 ) ) ;
#7159 = EDGE_CURVE ( 'NONE', #6806, #4374, #6631, .T. ) ;
#7160 = VERTEX_POINT ( 'NONE', #6793 ) ;
#7161 = STYLED_ITEM ( 'NONE', ( #9052 ), #625 ) ;
#7162 = SURFACE_SIDE_STYLE ('',( #2832 ) ) ;
#7163 = CARTESIAN_POINT ( 'NONE',  ( 4.760769540619037300, 2.255226423163383000, 1.191981730924696100 ) ) ;
#7164 = CARTESIAN_POINT ( 'NONE',  ( 2.598999999999999800, 2.299999999999999800, 5.093165997290524800 ) ) ;
#7165 = PLANE ( 'NONE',  #1676 ) ;
#7166 = CARTESIAN_POINT ( 'NONE',  ( -4.285792174306890500, 2.299999999999999800, -2.142499999999998300 ) ) ;
#7167 = FACE_OUTER_BOUND ( 'NONE', #5507, .T. ) ;
#7168 = LINE ( 'NONE', #1962, #8762 ) ;
#7169 =( NAMED_UNIT ( * ) SI_UNIT ( $, .STERADIAN. ) SOLID_ANGLE_UNIT ( ) );
#7170 = ORIENTED_EDGE ( 'NONE', *, *, #6472, .T. ) ;
#7171 = LINE ( 'NONE', #6762, #7057 ) ;
#7172 = ORIENTED_EDGE ( 'NONE', *, *, #3268, .F. ) ;
#7173 = CARTESIAN_POINT ( 'NONE',  ( 4.900000000000000400, 0.5000000000000000000, -5.237500000000000700 ) ) ;
#7174 = EDGE_CURVE ( 'NONE', #3276, #8516, #8260, .T. ) ;
#7175 = DIRECTION ( 'NONE',  ( -1.000000000000000000, -0.0000000000000000000, 0.0000000000000000000 ) ) ;
#7176 = CARTESIAN_POINT ( 'NONE',  ( -4.950000000000000200, 0.4999999999998842000, 1.057500377445272500 ) ) ;
#7177 = VECTOR ( 'NONE', #377, 1000.000000000000000 ) ;
#7178 = VERTEX_POINT ( 'NONE', #315 ) ;
#7179 = LINE ( 'NONE', #1382, #5244 ) ;
#7180 = LINE ( 'NONE', #1677, #5468 ) ;
#7181 =( NAMED_UNIT ( * ) PLANE_ANGLE_UNIT ( ) SI_UNIT ( $, .RADIAN. ) );
#7182 = ORIENTED_EDGE ( 'NONE', *, *, #6622, .T. ) ;
#7183 = DIRECTION ( 'NONE',  ( 0.0000000000000000000, 0.0000000000000000000, 1.000000000000000000 ) ) ;
#7184 = AXIS2_PLACEMENT_3D ( 'NONE', #3307, #6859, #7634 ) ;
#7185 = VERTEX_POINT ( 'NONE', #4682 ) ;
#7186 = CARTESIAN_POINT ( 'NONE',  ( -4.949438315272382200, 0.06139898453523398600, -5.175075001899239500 ) ) ;
#7187 = EDGE_CURVE ( 'NONE', #4869, #1686, #4023, .T. ) ;
#7188 = ORIENTED_EDGE ( 'NONE', *, *, #8256, .T. ) ;
#7189 = PLANE ( 'NONE',  #3103 ) ;
#7190 = CARTESIAN_POINT ( 'NONE',  ( -4.760769540619037300, 2.255226423163382500, -2.476981730924696600 ) ) ;
#7191 = VERTEX_POINT ( 'NONE', #7464 ) ;
#7192 = ORIENTED_EDGE ( 'NONE', *, *, #3581, .T. ) ;
#7193 = AXIS2_PLACEMENT_3D ( 'NONE', #4429, #119, #851 ) ;
#7194 = CARTESIAN_POINT ( 'NONE',  ( 4.900000000000000400, 0.0000000000000000000, 0.0000000000000000000 ) ) ;
#7195 =( NAMED_UNIT ( * ) PLANE_ANGLE_UNIT ( ) SI_UNIT ( $, .RADIAN. ) );
#7196 = EDGE_LOOP ( 'NONE', ( #1750, #6571, #8031, #1446 ) ) ;
#7197 = EDGE_CURVE ( 'NONE', #8704, #4505, #6516, .T. ) ;
#7198 = ORIENTED_EDGE ( 'NONE', *, *, #9273, .F. ) ;
#7199 = CARTESIAN_POINT ( 'NONE',  ( -4.519894895764734200, 0.5010000000000000000, -2.142499999999999600 ) ) ;
#7200 = VERTEX_POINT ( 'NONE', #1716 ) ;
#7201 = ORIENTED_EDGE ( 'NONE', *, *, #1046, .T. ) ;
#7202 = PRESENTATION_STYLE_ASSIGNMENT (( #5753 ) ) ;
#7203 = ADVANCED_FACE ( 'NONE', ( #4688 ), #8998, .T. ) ;
#7204 = CARTESIAN_POINT ( 'NONE',  ( 4.760769540619038200, 2.200000000000000200, 4.998269540619036300 ) ) ;
#7205 =( NAMED_UNIT ( * ) SI_UNIT ( $, .STERADIAN. ) SOLID_ANGLE_UNIT ( ) );
#7206 = AXIS2_PLACEMENT_3D ( 'NONE', #1177, #6225, #1144 ) ;
#7207 = CARTESIAN_POINT ( 'NONE',  ( 4.150999999999999800, 0.01999999999999999700, -2.598500000000003100 ) ) ;
#7208 = AXIS2_PLACEMENT_3D ( 'NONE', #428, #6307, #9174 ) ;
#7209 = ORIENTED_EDGE ( 'NONE', *, *, #6182, .F. ) ;
#7210 = DIRECTION ( 'NONE',  ( -1.000000000000000000, 0.0000000000000000000, 0.0000000000000000000 ) ) ;
#7211 = VECTOR ( 'NONE', #6108, 1000.000000000000000 ) ;
#7212 = EDGE_CURVE ( 'NONE', #4521, #2552, #2685, .T. ) ;
#7213 = ORIENTED_EDGE ( 'NONE', *, *, #8946, .F. ) ;
#7214 = DIRECTION ( 'NONE',  ( 0.0000000000000000000, 0.0000000000000000000, -1.000000000000000000 ) ) ;
#7215 = EDGE_CURVE ( 'NONE', #9104, #2645, #8041, .T. ) ;
#7216 = DIRECTION ( 'NONE',  ( 0.0000000000000000000, 0.0000000000000000000, 1.000000000000000000 ) ) ;
#7217 = PLANE ( 'NONE',  #5955 ) ;
#7218 = DIRECTION ( 'NONE',  ( 0.8660254037844346000, 0.5000000000000069900, -0.0000000000000000000 ) ) ;
#7219 = AXIS2_PLACEMENT_3D ( 'NONE', #5154, #3675, #5853 ) ;
#7220 = VERTEX_POINT ( 'NONE', #7753 ) ;
#7221 = VECTOR ( 'NONE', #7270, 1000.000000000000000 ) ;
#7222 = PLANE ( 'NONE',  #1495 ) ;
#7223 = UNCERTAINTY_MEASURE_WITH_UNIT (LENGTH_MEASURE( 1.000000000000000100E-005 ), #970, 'distance_accuracy_value', 'NONE');
#7224 = CARTESIAN_POINT ( 'NONE',  ( -4.760769540619036500, 2.299999999999999800, 4.998269540619037200 ) ) ;
#7225 = SURFACE_STYLE_USAGE ( .BOTH. , #7134 ) ;
#7226 = EDGE_CURVE ( 'NONE', #4856, #4223, #1095, .T. ) ;
#7227 = CARTESIAN_POINT ( 'NONE',  ( -3.400000000000000400, 0.0000000000000000000, 0.0000000000000000000 ) ) ;
#7228 = VERTEX_POINT ( 'NONE', #9180 ) ;
#7229 = VECTOR ( 'NONE', #13, 1000.000000000000000 ) ;
#7230 = DIRECTION ( 'NONE',  ( -0.0000000000000000000, -1.000000000000000000, -0.0000000000000000000 ) ) ;
#7231 = UNCERTAINTY_MEASURE_WITH_UNIT (LENGTH_MEASURE( 1.000000000000000100E-005 ), #8381, 'distance_accuracy_value', 'NONE');
#7232 = CARTESIAN_POINT ( 'NONE',  ( 4.670000000000001700, 2.255226423163383000, 0.8574999999999997100 ) ) ;
#7233 = CARTESIAN_POINT ( 'NONE',  ( 0.0000000000000000000, 2.299999999999999800, 1.241707825693110000 ) ) ;
#7234 = CARTESIAN_POINT ( 'NONE',  ( -2.600000000000000100, 0.5000000000000000000, 3.787499999999999200 ) ) ;
#7235 = STYLED_ITEM ( 'NONE', ( #3987 ), #5355 ) ;
#7236 = DIRECTION ( 'NONE',  ( 0.0000000000000000000, 0.0000000000000000000, 1.000000000000000000 ) ) ;
#7237 = ORIENTED_EDGE ( 'NONE', *, *, #6262, .F. ) ;
#7238 = SURFACE_STYLE_USAGE ( .BOTH. , #8585 ) ;
#7239 = PRESENTATION_STYLE_ASSIGNMENT (( #6668 ) ) ;
#7240 = EDGE_CURVE ( 'NONE', #2552, #3269, #5625, .T. ) ;
#7241 = FACE_OUTER_BOUND ( 'NONE', #7055, .T. ) ;
#7242 = DIRECTION ( 'NONE',  ( 0.0000000000000000000, 0.0000000000000000000, 1.000000000000000000 ) ) ;
#7243 = VECTOR ( 'NONE', #9358, 1000.000000000000000 ) ;
#7244 = ORIENTED_EDGE ( 'NONE', *, *, #3839, .T. ) ;
#7245 = CARTESIAN_POINT ( 'NONE',  ( 4.929407305613744400, 0.5000000000000000000, 1.007500000000000500 ) ) ;
#7246 = CARTESIAN_POINT ( 'NONE',  ( -2.774999999999999500, 0.0000000000000000000, 5.787499999999999600 ) ) ;
#7247 = ADVANCED_FACE ( 'NONE', ( #2455 ), #497, .F. ) ;
#7248 = SURFACE_SIDE_STYLE ('',( #446 ) ) ;
#7249 = AXIS2_PLACEMENT_3D ( 'NONE', #5265, #8264, #932 ) ;
#7250 = LINE ( 'NONE', #1314, #3950 ) ;
#7251 = EDGE_LOOP ( 'NONE', ( #8799, #1867, #4100, #787 ) ) ;
#7252 =( NAMED_UNIT ( * ) SI_UNIT ( $, .STERADIAN. ) SOLID_ANGLE_UNIT ( ) );
#7253 = EDGE_CURVE ( 'NONE', #8183, #6066, #8810, .T. ) ;
#7254 = DIRECTION ( 'NONE',  ( 0.0000000000000000000, 0.0000000000000000000, 1.000000000000000000 ) ) ;
#7255 = LINE ( 'NONE', #2420, #458 ) ;
#7256 = SURFACE_STYLE_USAGE ( .BOTH. , #8026 ) ;
#7257 = ORIENTED_EDGE ( 'NONE', *, *, #9076, .F. ) ;
#7258 = LINE ( 'NONE', #2643, #2850 ) ;
#7259 = EDGE_LOOP ( 'NONE', ( #9060, #4710, #1330, #2583, #1192, #4082 ) ) ;
#7260 = CARTESIAN_POINT ( 'NONE',  ( -4.760769540619037300, 2.300000000000000300, -2.526707825693110400 ) ) ;
#7261 = ADVANCED_FACE ( 'NONE', ( #8153 ), #2454, .T. ) ;
#7262 = DIRECTION ( 'NONE',  ( -0.0000000000000000000, 1.000000000000000000, -0.0000000000000000000 ) ) ;
#7263 =( GEOMETRIC_REPRESENTATION_CONTEXT ( 3 ) GLOBAL_UNCERTAINTY_ASSIGNED_CONTEXT ( ( #2316 ) ) GLOBAL_UNIT_ASSIGNED_CONTEXT ( ( #1426, #2976, #2243 ) ) REPRESENTATION_CONTEXT ( 'NONE', 'WORKASPACE' ) );
#7264 = DIRECTION ( 'NONE',  ( 0.0000000000000000000, -1.000000000000000000, 0.0000000000000000000 ) ) ;
#7265 = DIRECTION ( 'NONE',  ( 0.0000000000000000000, 0.0000000000000000000, 1.000000000000000000 ) ) ;
#7266 = CARTESIAN_POINT ( 'NONE',  ( 4.900000000000000400, 0.0000000000000000000, -5.237500000000000700 ) ) ;
#7267 = ORIENTED_EDGE ( 'NONE', *, *, #1667, .T. ) ;
#7268 = FACE_OUTER_BOUND ( 'NONE', #8372, .T. ) ;
#7269 = CARTESIAN_POINT ( 'NONE',  ( 1.000999999999999900, 0.5010000000000000000, 4.588499999999999800 ) ) ;
#7270 = DIRECTION ( 'NONE',  ( 0.0000000000000000000, 0.0000000000000000000, 1.000000000000000000 ) ) ;
#7271 = EDGE_CURVE ( 'NONE', #1614, #5261, #2564, .T. ) ;
#7272 = DIRECTION ( 'NONE',  ( -1.672022627447524500E-016, 0.0000000000000000000, -1.000000000000000000 ) ) ;
#7273 = AXIS2_PLACEMENT_3D ( 'NONE', #4753, #6956, #1248 ) ;
#7274 = VECTOR ( 'NONE', #1999, 1000.000000000000000 ) ;
#7275 = PRESENTATION_LAYER_ASSIGNMENT (  '', '', ( #1764 ) ) ;
#7276 = ORIENTED_EDGE ( 'NONE', *, *, #5729, .F. ) ;
#7277 = CARTESIAN_POINT ( 'NONE',  ( -0.8250000000000001800, 0.1499999999999999900, 5.557499999999999200 ) ) ;
#7278 = CARTESIAN_POINT ( 'NONE',  ( 2.201000000000000100, 0.5010000000000000000, 4.588499999999999800 ) ) ;
#7279 = EDGE_CURVE ( 'NONE', #201, #843, #1669, .T. ) ;
#7280 = ORIENTED_EDGE ( 'NONE', *, *, #3659, .T. ) ;
#7281 = CARTESIAN_POINT ( 'NONE',  ( 4.250000000000000000, 0.0000000000000000000, 0.9624999999999968000 ) ) ;
#7282 = ORIENTED_EDGE ( 'NONE', *, *, #239, .F. ) ;
#7283 = VECTOR ( 'NONE', #2465, 1000.000000000000000 ) ;
#7284 = ORIENTED_EDGE ( 'NONE', *, *, #9108, .F. ) ;
#7285 = DIRECTION ( 'NONE',  ( 0.0000000000000000000, 0.0000000000000000000, -1.000000000000000000 ) ) ;
#7286 = CARTESIAN_POINT ( 'NONE',  ( 4.250000000000000000, 0.0000000000000000000, 0.0000000000000000000 ) ) ;
#7287 = DIRECTION ( 'NONE',  ( -0.0000000000000000000, -1.000000000000000000, -0.0000000000000000000 ) ) ;
#7288 = PRESENTATION_LAYER_ASSIGNMENT (  '', '', ( #6428 ) ) ;
#7289 = ORIENTED_EDGE ( 'NONE', *, *, #6111, .F. ) ;
#7290 = ORIENTED_EDGE ( 'NONE', *, *, #1288, .F. ) ;
#7291 = VERTEX_POINT ( 'NONE', #1217 ) ;
#7292 = ADVANCED_FACE ( 'NONE', ( #5150 ), #2739, .F. ) ;
#7293 = EDGE_CURVE ( 'NONE', #7160, #703, #1994, .T. ) ;
#7294 = DIRECTION ( 'NONE',  ( 1.000000000000000000, -0.0000000000000000000, 0.0000000000000000000 ) ) ;
#7295 =( LENGTH_UNIT ( ) NAMED_UNIT ( * ) SI_UNIT ( .MILLI., .METRE. ) );
#7296 = CARTESIAN_POINT ( 'NONE',  ( -2.201000000000000100, 0.07000000000000018700, 5.187499999999999100 ) ) ;
#7297 = CARTESIAN_POINT ( 'NONE',  ( 4.601000000000000000, 0.5010000000000000000, 3.786499999999998900 ) ) ;
#7298 = VECTOR ( 'NONE', #3979, 1000.000000000000000 ) ;
#7299 = ORIENTED_EDGE ( 'NONE', *, *, #3716, .F. ) ;
#7300 = LINE ( 'NONE', #5034, #5382 ) ;
#7301 =( NAMED_UNIT ( * ) SI_UNIT ( $, .STERADIAN. ) SOLID_ANGLE_UNIT ( ) );
#7302 = ADVANCED_FACE ( 'NONE', ( #2912 ), #7675, .T. ) ;
#7303 = CARTESIAN_POINT ( 'NONE',  ( -3.400000000000000400, 0.5000000000000000000, 0.0000000000000000000 ) ) ;
#7304 = PLANE ( 'NONE',  #2089 ) ;
#7305 = EDGE_CURVE ( 'NONE', #8004, #2361, #1323, .T. ) ;
#7306 = ORIENTED_EDGE ( 'NONE', *, *, #8457, .F. ) ;
#7307 = CARTESIAN_POINT ( 'NONE',  ( -4.935898757011786500, 0.07000000000000040900, -5.187500000000000900 ) ) ;
#7308 = EDGE_LOOP ( 'NONE', ( #8456, #1363, #5172, #5438 ) ) ;
#7309 = VECTOR ( 'NONE', #5405, 1000.000000000000000 ) ;
#7310 = FILL_AREA_STYLE ('',( #8691 ) ) ;
#7311 =( GEOMETRIC_REPRESENTATION_CONTEXT ( 3 ) GLOBAL_UNCERTAINTY_ASSIGNED_CONTEXT ( ( #5542 ) ) GLOBAL_UNIT_ASSIGNED_CONTEXT ( ( #897, #1631, #6798 ) ) REPRESENTATION_CONTEXT ( 'NONE', 'WORKASPACE' ) );
#7312 = VECTOR ( 'NONE', #7000, 1000.000000000000000 ) ;
#7313 = CARTESIAN_POINT ( 'NONE',  ( 0.3749999999999994400, 0.1499999999999999900, 5.557499999999999200 ) ) ;
#7314 = CARTESIAN_POINT ( 'NONE',  ( -4.150999999999999800, 0.5010000000000000000, -2.598500000000003100 ) ) ;
#7315 = EDGE_LOOP ( 'NONE', ( #8480, #2741, #6611, #8020 ) ) ;
#7316 = DIRECTION ( 'NONE',  ( 0.0000000000000000000, 0.0000000000000000000, -1.000000000000000000 ) ) ;
#7317 = LINE ( 'NONE', #3400, #7909 ) ;
#7318 = EDGE_CURVE ( 'NONE', #6663, #6490, #1544, .T. ) ;
#7319 = DIRECTION ( 'NONE',  ( 0.0000000000000000000, -0.1045284632676537100, -0.9945218953682734000 ) ) ;
#7320 = ORIENTED_EDGE ( 'NONE', *, *, #3233, .T. ) ;
#7321 = CARTESIAN_POINT ( 'NONE',  ( 0.0000000000000000000, 0.0000000000000000000, 5.787499999999999600 ) ) ;
#7322 = VERTEX_POINT ( 'NONE', #481 ) ;
#7323 = DIRECTION ( 'NONE',  ( 0.0000000000000000000, -0.0000000000000000000, 1.000000000000000000 ) ) ;
#7324 = CARTESIAN_POINT ( 'NONE',  ( 4.760769540619037300, 2.299999999999999800, -2.526707825693110400 ) ) ;
#7325 =( NAMED_UNIT ( * ) PLANE_ANGLE_UNIT ( ) SI_UNIT ( $, .RADIAN. ) );
#7326 = FACE_OUTER_BOUND ( 'NONE', #5332, .T. ) ;
#7327 = CARTESIAN_POINT ( 'NONE',  ( -1.000000000000000000, 0.0000000000000000000, 3.787499999999999200 ) ) ;
#7328 = MECHANICAL_DESIGN_GEOMETRIC_PRESENTATION_REPRESENTATION (  '', ( #1514 ), #4885 ) ;
#7329 = ORIENTED_EDGE ( 'NONE', *, *, #1070, .F. ) ;
#7330 = LINE ( 'NONE', #4383, #2014 ) ;
#7331 = ORIENTED_EDGE ( 'NONE', *, *, #3354, .F. ) ;
#7332 = FACE_OUTER_BOUND ( 'NONE', #7808, .T. ) ;
#7333 = EDGE_CURVE ( 'NONE', #4048, #8702, #4245, .T. ) ;
#7334 = PRESENTATION_STYLE_ASSIGNMENT (( #8709 ) ) ;
#7335 = CARTESIAN_POINT ( 'NONE',  ( 0.0000000000000000000, 2.299999999999999800, -5.093165997290526500 ) ) ;
#7336 =( GEOMETRIC_REPRESENTATION_CONTEXT ( 3 ) GLOBAL_UNCERTAINTY_ASSIGNED_CONTEXT ( ( #2479 ) ) GLOBAL_UNIT_ASSIGNED_CONTEXT ( ( #3537, #6451, #7169 ) ) REPRESENTATION_CONTEXT ( 'NONE', 'WORKASPACE' ) );
#7337 = SURFACE_SIDE_STYLE ('',( #6550 ) ) ;
#7338 = CARTESIAN_POINT ( 'NONE',  ( 4.850000000000000500, 0.02000000000000000000, 5.137499999999998400 ) ) ;
#7339 = FILL_AREA_STYLE_COLOUR ( '', #8421 ) ;
#7340 = ORIENTED_EDGE ( 'NONE', *, *, #4416, .F. ) ;
#7341 = LINE ( 'NONE', #6963, #9054 ) ;
#7342 = LINE ( 'NONE', #4783, #3279 ) ;
#7343 = CARTESIAN_POINT ( 'NONE',  ( -4.670000000000000800, 2.250000000000000000, -2.526707825693110400 ) ) ;
#7344 = DIRECTION ( 'NONE',  ( 0.0000000000000000000, 0.0000000000000000000, -1.000000000000000000 ) ) ;
#7345 = EDGE_CURVE ( 'NONE', #6276, #6669, #5282, .T. ) ;
#7346 = UNCERTAINTY_MEASURE_WITH_UNIT (LENGTH_MEASURE( 1.000000000000000100E-005 ), #7722, 'distance_accuracy_value', 'NONE');
#7347 = CARTESIAN_POINT ( 'NONE',  ( 4.251000000000000300, 0.5010000000000000000, -4.986500000000002200 ) ) ;
#7348 = ADVANCED_FACE ( 'NONE', ( #3022 ), #6480, .T. ) ;
#7349 = LINE ( 'NONE', #2425, #5430 ) ;
#7350 = SURFACE_STYLE_USAGE ( .BOTH. , #3777 ) ;
#7351 = ORIENTED_EDGE ( 'NONE', *, *, #392, .F. ) ;
#7352 = DIRECTION ( 'NONE',  ( -0.0000000000000000000, 0.0000000000000000000, -1.000000000000000000 ) ) ;
#7353 = DIRECTION ( 'NONE',  ( 0.0000000000000000000, -0.0000000000000000000, 1.000000000000000000 ) ) ;
#7354 = LINE ( 'NONE', #7277, #3066 ) ;
#7355 = EDGE_LOOP ( 'NONE', ( #2532, #5011, #7145, #3260 ) ) ;
#7356 = AXIS2_PLACEMENT_3D ( 'NONE', #7058, #7157, #9223 ) ;
#7357 = PLANE ( 'NONE',  #3181 ) ;
#7358 = DIRECTION ( 'NONE',  ( 0.0000000000000000000, -1.000000000000000000, 0.0000000000000000000 ) ) ;
#7359 = ORIENTED_EDGE ( 'NONE', *, *, #982, .F. ) ;
#7360 = EDGE_CURVE ( 'NONE', #2200, #7508, #1435, .T. ) ;
#7361 = DIRECTION ( 'NONE',  ( 0.1045284632676537100, -0.9945218953682734000, 0.0000000000000000000 ) ) ;
#7362 = LINE ( 'NONE', #964, #4624 ) ;
#7363 = CARTESIAN_POINT ( 'NONE',  ( -4.251000000000000300, 0.5010000000000000000, 1.103499999999997500 ) ) ;
#7364 = VECTOR ( 'NONE', #8761, 1000.000000000000000 ) ;
#7365 = FACE_OUTER_BOUND ( 'NONE', #9328, .T. ) ;
#7366 = CARTESIAN_POINT ( 'NONE',  ( 4.760769540619037300, 2.255226423163383000, -2.476981730924696600 ) ) ;
#7367 = CARTESIAN_POINT ( 'NONE',  ( -4.849999999999999600, 0.4999999999998839800, 5.187499999999999100 ) ) ;
#7368 = FILL_AREA_STYLE_COLOUR ( '', #496 ) ;
#7369 = DIRECTION ( 'NONE',  ( 0.0000000000000000000, 0.0000000000000000000, 1.000000000000000000 ) ) ;
#7370 = AXIS2_PLACEMENT_3D ( 'NONE', #5688, #7928, #5008 ) ;
#7371 = ORIENTED_EDGE ( 'NONE', *, *, #6323, .T. ) ;
#7372 = VECTOR ( 'NONE', #5886, 999.9999999999998900 ) ;
#7373 = ORIENTED_EDGE ( 'NONE', *, *, #4449, .T. ) ;
#7374 =( NAMED_UNIT ( * ) SI_UNIT ( $, .STERADIAN. ) SOLID_ANGLE_UNIT ( ) );
#7375 = CARTESIAN_POINT ( 'NONE',  ( 0.3749999999999994400, 0.1499999999999999900, 5.557499999999999200 ) ) ;
#7376 = EDGE_CURVE ( 'NONE', #7994, #9356, #6749, .T. ) ;
#7377 = LINE ( 'NONE', #9217, #3088 ) ;
#7378 = CARTESIAN_POINT ( 'NONE',  ( -4.950000000000000200, 0.4999999999998842000, 1.057500377445272500 ) ) ;
#7379 = DIRECTION ( 'NONE',  ( 0.0000000000000000000, -0.9945218953682734000, -0.1045284632676537100 ) ) ;
#7380 = CARTESIAN_POINT ( 'NONE',  ( 2.598999999999999800, 0.5010000000000000000, 4.588499999999999800 ) ) ;
#7381 = CARTESIAN_POINT ( 'NONE',  ( 0.0000000000000000000, 0.5000000000000000000, 5.787499999999999600 ) ) ;
#7382 = PRESENTATION_STYLE_ASSIGNMENT (( #5864 ) ) ;
#7383 = CARTESIAN_POINT ( 'NONE',  ( -1.001000000000000100, 0.4999999999998839800, 5.187499999999999100 ) ) ;
#7384 = VERTEX_POINT ( 'NONE', #7163 ) ;
#7385 = ORIENTED_EDGE ( 'NONE', *, *, #7885, .T. ) ;
#7386 = STYLED_ITEM ( 'NONE', ( #1304 ), #1831 ) ;
#7387 = DIRECTION ( 'NONE',  ( 0.5000000000000016700, -0.8660254037844377100, 0.0000000000000000000 ) ) ;
#7388 = AXIS2_PLACEMENT_3D ( 'NONE', #4069, #7766, #8443 ) ;
#7389 = CARTESIAN_POINT ( 'NONE',  ( -4.599999999999999600, 0.5000000000000000000, 5.787499999999999600 ) ) ;
#7390 = VECTOR ( 'NONE', #9006, 1000.000000000000000 ) ;
#7391 = FACE_OUTER_BOUND ( 'NONE', #9384, .T. ) ;
#7392 = DIRECTION ( 'NONE',  ( 0.0000000000000000000, -0.0000000000000000000, 1.000000000000000000 ) ) ;
#7393 = ORIENTED_EDGE ( 'NONE', *, *, #5757, .T. ) ;
#7394 = FACE_OUTER_BOUND ( 'NONE', #2608, .T. ) ;
#7395 = ORIENTED_EDGE ( 'NONE', *, *, #3601, .T. ) ;
#7396 = EDGE_CURVE ( 'NONE', #1416, #1487, #8918, .T. ) ;
#7397 = DIRECTION ( 'NONE',  ( 0.0000000000000000000, 0.0000000000000000000, -1.000000000000000000 ) ) ;
#7398 = AXIS2_PLACEMENT_3D ( 'NONE', #4125, #529, #5591 ) ;
#7399 = ADVANCED_FACE ( 'NONE', ( #8472 ), #8663, .F. ) ;
#7400 = AXIS2_PLACEMENT_3D ( 'NONE', #8554, #7792, #7892 ) ;
#7401 = ORIENTED_EDGE ( 'NONE', *, *, #7360, .F. ) ;
#7402 = ORIENTED_EDGE ( 'NONE', *, *, #1907, .T. ) ;
#7403 = VERTEX_POINT ( 'NONE', #3500 ) ;
#7404 =( LENGTH_UNIT ( ) NAMED_UNIT ( * ) SI_UNIT ( .MILLI., .METRE. ) );
#7405 =( NAMED_UNIT ( * ) SI_UNIT ( $, .STERADIAN. ) SOLID_ANGLE_UNIT ( ) );
#7406 = UNCERTAINTY_MEASURE_WITH_UNIT (LENGTH_MEASURE( 1.000000000000000100E-005 ), #566, 'distance_accuracy_value', 'NONE');
#7407 = EDGE_CURVE ( 'NONE', #382, #5373, #5270, .T. ) ;
#7408 = DIRECTION ( 'NONE',  ( -1.000000000000000000, 0.0000000000000000000, -0.0000000000000000000 ) ) ;
#7409 = LINE ( 'NONE', #2922, #6263 ) ;
#7410 = EDGE_LOOP ( 'NONE', ( #9009, #3287, #7133, #5107, #6226, #6115, #2658, #5374, #6176, #6983, #3556, #9216, #842, #659, #1752, #7735, #2356, #4740, #5228, #4663, #1882, #741, #1563, #1476, #5042, #115, #7600, #5423, #8633, #7516, #195, #613 ) ) ;
#7411 = PLANE ( 'NONE',  #7219 ) ;
#7412 = CARTESIAN_POINT ( 'NONE',  ( 2.774999999999999500, 0.1499999999999999900, 5.557499999999999200 ) ) ;
#7413 = ORIENTED_EDGE ( 'NONE', *, *, #7556, .F. ) ;
#7414 = ORIENTED_EDGE ( 'NONE', *, *, #1186, .T. ) ;
#7415 = SURFACE_SIDE_STYLE ('',( #5214 ) ) ;
#7416 = DIRECTION ( 'NONE',  ( 1.000000000000000000, 0.0000000000000000000, -0.0000000000000000000 ) ) ;
#7417 = PRESENTATION_LAYER_ASSIGNMENT (  '', '', ( #4972 ) ) ;
#7418 = DIRECTION ( 'NONE',  ( 1.000000000000000000, 0.0000000000000000000, 0.0000000000000000000 ) ) ;
#7419 = FACE_OUTER_BOUND ( 'NONE', #7036, .T. ) ;
#7420 = ORIENTED_EDGE ( 'NONE', *, *, #1539, .T. ) ;
#7421 = ORIENTED_EDGE ( 'NONE', *, *, #5254, .T. ) ;
#7422 = VECTOR ( 'NONE', #7612, 1000.000000000000000 ) ;
#7423 = EDGE_CURVE ( 'NONE', #4795, #8560, #4575, .T. ) ;
#7424 = DIRECTION ( 'NONE',  ( -0.0000000000000000000, -1.000000000000000000, -0.0000000000000000000 ) ) ;
#7425 = VECTOR ( 'NONE', #615, 1000.000000000000000 ) ;
#7426 = CARTESIAN_POINT ( 'NONE',  ( 0.5999999999999998700, 0.0000000000000000000, -5.587500000000003000 ) ) ;
#7427 = SURFACE_SIDE_STYLE ('',( #2176 ) ) ;
#7428 =( LENGTH_UNIT ( ) NAMED_UNIT ( * ) SI_UNIT ( .MILLI., .METRE. ) );
#7429 = ORIENTED_EDGE ( 'NONE', *, *, #5972, .F. ) ;
#7430 = ORIENTED_EDGE ( 'NONE', *, *, #296, .T. ) ;
#7431 = DIRECTION ( 'NONE',  ( 0.0000000000000000000, -0.0000000000000000000, 1.000000000000000000 ) ) ;
#7432 = DIRECTION ( 'NONE',  ( 1.000000000000000000, -0.0000000000000000000, 0.0000000000000000000 ) ) ;
#7433 = CARTESIAN_POINT ( 'NONE',  ( 4.150000000000000400, 0.0000000000000000000, -2.597500000000002800 ) ) ;
#7434 = EDGE_CURVE ( 'NONE', #2276, #7384, #971, .T. ) ;
#7435 = CARTESIAN_POINT ( 'NONE',  ( 2.201000000000000100, 0.01999999999999999700, 4.588499999999999800 ) ) ;
#7436 = CARTESIAN_POINT ( 'NONE',  ( -4.730000000000000400, 0.0000000000000000000, 0.9624999999999968000 ) ) ;
#7437 = STYLED_ITEM ( 'NONE', ( #5165 ), #1007 ) ;
#7438 = VERTEX_POINT ( 'NONE', #3773 ) ;
#7439 = DIRECTION ( 'NONE',  ( 0.0000000000000000000, 0.0000000000000000000, 1.000000000000000000 ) ) ;
#7440 = ORIENTED_EDGE ( 'NONE', *, *, #7030, .T. ) ;
#7441 = SURFACE_STYLE_FILL_AREA ( #6322 ) ;
#7442 = STYLED_ITEM ( 'NONE', ( #7202 ), #1229 ) ;
#7443 = DIRECTION ( 'NONE',  ( -0.0000000000000000000, -1.000000000000000000, -0.0000000000000000000 ) ) ;
#7444 = PRESENTATION_LAYER_ASSIGNMENT (  '', '', ( #8434 ) ) ;
#7445 = ORIENTED_EDGE ( 'NONE', *, *, #3716, .T. ) ;
#7446 = FACE_OUTER_BOUND ( 'NONE', #811, .T. ) ;
#7447 = ADVANCED_FACE ( 'NONE', ( #2098 ), #5085, .F. ) ;
#7448 = PLANE ( 'NONE',  #3881 ) ;
#7449 = FACE_OUTER_BOUND ( 'NONE', #3010, .T. ) ;
#7450 = ORIENTED_EDGE ( 'NONE', *, *, #2812, .T. ) ;
#7451 = FILL_AREA_STYLE ('',( #3781 ) ) ;
#7452 =( NAMED_UNIT ( * ) SI_UNIT ( $, .STERADIAN. ) SOLID_ANGLE_UNIT ( ) );
#7453 = DIRECTION ( 'NONE',  ( 1.000000000000000000, 0.0000000000000000000, 0.0000000000000000000 ) ) ;
#7454 = PRESENTATION_LAYER_ASSIGNMENT (  '', '', ( #7908 ) ) ;
#7455 = ORIENTED_EDGE ( 'NONE', *, *, #3503, .T. ) ;
#7456 = MECHANICAL_DESIGN_GEOMETRIC_PRESENTATION_REPRESENTATION (  '', ( #3759 ), #8322 ) ;
#7457 = ORIENTED_EDGE ( 'NONE', *, *, #11, .T. ) ;
#7458 = CARTESIAN_POINT ( 'NONE',  ( 0.1989999999999999300, 0.02000000000000000000, 0.0000000000000000000 ) ) ;
#7459 = EDGE_CURVE ( 'NONE', #1406, #4324, #1197, .T. ) ;
#7460 = VECTOR ( 'NONE', #6589, 1000.000000000000000 ) ;
#7461 = DIRECTION ( 'NONE',  ( 0.0000000000000000000, 0.0000000000000000000, -1.000000000000000000 ) ) ;
#7462 = ORIENTED_EDGE ( 'NONE', *, *, #3801, .F. ) ;
#7463 =( NAMED_UNIT ( * ) SI_UNIT ( $, .STERADIAN. ) SOLID_ANGLE_UNIT ( ) );
#7464 = CARTESIAN_POINT ( 'NONE',  ( -0.5999999999999999800, 0.0000000000000000000, -5.587500000000003000 ) ) ;
#7465 = SURFACE_STYLE_USAGE ( .BOTH. , #2348 ) ;
#7466 = DIRECTION ( 'NONE',  ( 0.0000000000000000000, -1.000000000000000000, 0.0000000000000000000 ) ) ;
#7467 = PRESENTATION_STYLE_ASSIGNMENT (( #1168 ) ) ;
#7468 = CARTESIAN_POINT ( 'NONE',  ( 3.798999999999999500, 0.01999999999999999700, 4.588499999999999800 ) ) ;
#7469 = DIRECTION ( 'NONE',  ( 0.1045284632676536800, -0.9945218953682734000, 7.555332464090761500E-016 ) ) ;
#7470 = CIRCLE ( 'NONE', #2549, 0.3344817309246963000 ) ;
#7471 = ORIENTED_EDGE ( 'NONE', *, *, #2612, .F. ) ;
#7472 = CARTESIAN_POINT ( 'NONE',  ( -4.250000000000000000, 0.5000000000000000000, -2.597500000000002800 ) ) ;
#7473 = EDGE_CURVE ( 'NONE', #7438, #4571, #7654, .T. ) ;
#7474 = VECTOR ( 'NONE', #3016, 1000.000000000000000 ) ;
#7475 = ORIENTED_EDGE ( 'NONE', *, *, #8598, .T. ) ;
#7476 = CARTESIAN_POINT ( 'NONE',  ( -4.788857061950380100, 2.255226423163383000, -2.476981730924696600 ) ) ;
#7477 = DIRECTION ( 'NONE',  ( 0.0000000000000000000, 0.0000000000000000000, -1.000000000000000000 ) ) ;
#7478 = LINE ( 'NONE', #1115, #8292 ) ;
#7479 = VECTOR ( 'NONE', #6177, 1000.000000000000000 ) ;
#7480 = DIRECTION ( 'NONE',  ( 1.000000000000000000, -0.0000000000000000000, 0.0000000000000000000 ) ) ;
#7481 = VECTOR ( 'NONE', #7418, 1000.000000000000000 ) ;
#7482 = CARTESIAN_POINT ( 'NONE',  ( -3.798999999999999500, 0.5010000000000000000, 3.786499999999998900 ) ) ;
#7483 = STYLED_ITEM ( 'NONE', ( #8402 ), #5783 ) ;
#7484 = ORIENTED_EDGE ( 'NONE', *, *, #898, .F. ) ;
#7485 = VECTOR ( 'NONE', #522, 1000.000000000000000 ) ;
#7486 = ORIENTED_EDGE ( 'NONE', *, *, #5541, .F. ) ;
#7487 = SURFACE_STYLE_USAGE ( .BOTH. , #3165 ) ;
#7488 = FACE_OUTER_BOUND ( 'NONE', #734, .T. ) ;
#7489 = EDGE_CURVE ( 'NONE', #1517, #1960, #2444, .T. ) ;
#7490 = DIRECTION ( 'NONE',  ( 0.0000000000000000000, 0.0000000000000000000, 1.000000000000000000 ) ) ;
#7491 = LINE ( 'NONE', #3005, #3975 ) ;
#7492 = ADVANCED_FACE ( 'NONE', ( #2791 ), #1695, .F. ) ;
#7493 = ORIENTED_EDGE ( 'NONE', *, *, #3641, .T. ) ;
#7494 = VECTOR ( 'NONE', #8125, 999.9999999999998900 ) ;
#7495 = PRESENTATION_LAYER_ASSIGNMENT (  '', '', ( #4378 ) ) ;
#7496 = VECTOR ( 'NONE', #880, 1000.000000000000000 ) ;
#7497 = FACE_OUTER_BOUND ( 'NONE', #3477, .T. ) ;
#7498 = VECTOR ( 'NONE', #8008, 1000.000000000000000 ) ;
#7499 = EDGE_CURVE ( 'NONE', #747, #4578, #8911, .T. ) ;
#7500 = ORIENTED_EDGE ( 'NONE', *, *, #6534, .T. ) ;
#7501 = PRESENTATION_STYLE_ASSIGNMENT (( #7751 ) ) ;
#7502 = DIRECTION ( 'NONE',  ( 0.0000000000000000000, 1.000000000000000000, 0.0000000000000000000 ) ) ;
#7503 = LINE ( 'NONE', #4446, #8990 ) ;
#7504 = EDGE_LOOP ( 'NONE', ( #8122, #5875, #7201, #1796 ) ) ;
#7505 = DIRECTION ( 'NONE',  ( 0.0000000000000000000, 0.0000000000000000000, 1.000000000000000000 ) ) ;
#7506 = LINE ( 'NONE', #1277, #5583 ) ;
#7507 = STYLED_ITEM ( 'NONE', ( #7954 ), #8608 ) ;
#7508 = VERTEX_POINT ( 'NONE', #4607 ) ;
#7509 = VERTEX_POINT ( 'NONE', #290 ) ;
#7510 =( NAMED_UNIT ( * ) PLANE_ANGLE_UNIT ( ) SI_UNIT ( $, .RADIAN. ) );
#7511 = CARTESIAN_POINT ( 'NONE',  ( -0.7383974596215561200, 0.1499999999999999900, 0.0000000000000000000 ) ) ;
#7512 = VECTOR ( 'NONE', #401, 1000.000000000000000 ) ;
#7513 = EDGE_CURVE ( 'NONE', #7527, #4567, #2555, .T. ) ;
#7515 = ORIENTED_EDGE ( 'NONE', *, *, #4466, .T. ) ;
#7514 = DIRECTION ( 'NONE',  ( -0.0000000000000000000, -1.000000000000000000, -0.0000000000000000000 ) ) ;
#7516 = ORIENTED_EDGE ( 'NONE', *, *, #9189, .T. ) ;
#7517 = LINE ( 'NONE', #6698, #5132 ) ;
#7518 = EDGE_CURVE ( 'NONE', #500, #8924, #2340, .T. ) ;
#7519 = ORIENTED_EDGE ( 'NONE', *, *, #5660, .F. ) ;
#7520 = ORIENTED_EDGE ( 'NONE', *, *, #7542, .T. ) ;
#7521 = UNCERTAINTY_MEASURE_WITH_UNIT (LENGTH_MEASURE( 1.000000000000000100E-005 ), #6202, 'distance_accuracy_value', 'NONE');
#7522 = CARTESIAN_POINT ( 'NONE',  ( -4.899999999999998600, 0.02000000000000000000, 5.087499999999998600 ) ) ;
#7523 = MANIFOLD_SOLID_BREP ( 'Cut-Extrude3', #5386 ) ;
#7524 = MECHANICAL_DESIGN_GEOMETRIC_PRESENTATION_REPRESENTATION (  '', ( #1874 ), #1660 ) ;
#7525 = CARTESIAN_POINT ( 'NONE',  ( 4.857885506151645500, 2.257649248041335300, -2.524482203710380000 ) ) ;
#7526 = CARTESIAN_POINT ( 'NONE',  ( 0.0000000000000000000, 0.02000000000000000000, 0.9634999999999968000 ) ) ;
#7527 = VERTEX_POINT ( 'NONE', #5947 ) ;
#7528 = DIRECTION ( 'NONE',  ( -0.0000000000000000000, 0.0000000000000000000, -1.000000000000000000 ) ) ;
#7529 = EDGE_LOOP ( 'NONE', ( #1198, #7127, #4344, #4037 ) ) ;
#7530 = LINE ( 'NONE', #3475, #2210 ) ;
#7531 = DIRECTION ( 'NONE',  ( -1.000000000000000000, 0.0000000000000000000, 0.0000000000000000000 ) ) ;
#7532 = EDGE_CURVE ( 'NONE', #6194, #1523, #3133, .T. ) ;
#7533 = ORIENTED_EDGE ( 'NONE', *, *, #7770, .T. ) ;
#7534 = CARTESIAN_POINT ( 'NONE',  ( -4.731000000000000800, 0.5000000000000000000, -2.292500000000000400 ) ) ;
#7535 = DIRECTION ( 'NONE',  ( -1.000000000000000000, 0.0000000000000000000, -0.0000000000000000000 ) ) ;
#7536 = VERTEX_POINT ( 'NONE', #5786 ) ;
#7537 = CARTESIAN_POINT ( 'NONE',  ( 1.000000000000000000, 0.5000000000000000000, 0.0000000000000000000 ) ) ;
#7538 = VERTEX_POINT ( 'NONE', #1558 ) ;
#7539 = ORIENTED_EDGE ( 'NONE', *, *, #5873, .T. ) ;
#7540 = ADVANCED_FACE ( 'NONE', ( #7636 ), #5114, .F. ) ;
#7541 = AXIS2_PLACEMENT_3D ( 'NONE', #4878, #1302, #8497 ) ;
#7542 = EDGE_CURVE ( 'NONE', #5827, #4748, #7117, .T. ) ;
#7543 = PLANE ( 'NONE',  #185 ) ;
#7544 = FILL_AREA_STYLE ('',( #8296 ) ) ;
#7545 = VERTEX_POINT ( 'NONE', #7338 ) ;
#7546 = VECTOR ( 'NONE', #2404, 1000.000000000000000 ) ;
#7547 = FILL_AREA_STYLE ('',( #974 ) ) ;
#7548 = DIRECTION ( 'NONE',  ( -1.000000000000000000, 0.0000000000000000000, 0.0000000000000000000 ) ) ;
#7549 = DIRECTION ( 'NONE',  ( 1.000000000000000000, 0.0000000000000000000, -0.0000000000000000000 ) ) ;
#7550 = CARTESIAN_POINT ( 'NONE',  ( -4.860632494094495800, 2.205233595624294100, -4.998269540619038900 ) ) ;
#7551 = AXIS2_PLACEMENT_3D ( 'NONE', #922, #161, #892 ) ;
#7552 = VERTEX_POINT ( 'NONE', #1494 ) ;
#7553 = FACE_OUTER_BOUND ( 'NONE', #4043, .T. ) ;
#7554 = LINE ( 'NONE', #4898, #5409 ) ;
#7555 = DIRECTION ( 'NONE',  ( 0.05226442768871088200, -0.9972646886342375600, -0.05226442768871088900 ) ) ;
#7556 = EDGE_CURVE ( 'NONE', #4357, #6218, #4694, .T. ) ;
#7557 = ORIENTED_EDGE ( 'NONE', *, *, #7112, .F. ) ;
#7558 = PLANE ( 'NONE',  #1604 ) ;
#7559 = LINE ( 'NONE', #6774, #5412 ) ;
#7560 = CARTESIAN_POINT ( 'NONE',  ( -4.850137046524541700, 0.4999999999998839800, 5.187499999999999100 ) ) ;
#7561 = EDGE_LOOP ( 'NONE', ( #2788, #8460, #7669, #7440 ) ) ;
#7562 = DIRECTION ( 'NONE',  ( -1.000000000000000000, 0.0000000000000000000, 0.0000000000000000000 ) ) ;
#7563 = AXIS2_PLACEMENT_3D ( 'NONE', #6674, #2359, #1025 ) ;
#7564 = LINE ( 'NONE', #9247, #3495 ) ;
#7565 = DIRECTION ( 'NONE',  ( 1.000000000000000000, 0.0000000000000000000, 0.0000000000000000000 ) ) ;
#7566 = MECHANICAL_DESIGN_GEOMETRIC_PRESENTATION_REPRESENTATION (  '', ( #5266 ), #5750 ) ;
#7567 = VERTEX_POINT ( 'NONE', #1627 ) ;
#7568 = CARTESIAN_POINT ( 'NONE',  ( -4.949999999999999300, 2.255226423163383000, 1.191981730924696100 ) ) ;
#7569 = PRESENTATION_STYLE_ASSIGNMENT (( #7350 ) ) ;
#7570 = ORIENTED_EDGE ( 'NONE', *, *, #4776, .T. ) ;
#7571 = VECTOR ( 'NONE', #9164, 1000.000000000000000 ) ;
#7572 = EDGE_CURVE ( 'NONE', #4128, #8467, #3031, .T. ) ;
#7573 = SURFACE_STYLE_USAGE ( .BOTH. , #2511 ) ;
#7574 = UNCERTAINTY_MEASURE_WITH_UNIT (LENGTH_MEASURE( 1.000000000000000100E-005 ), #8685, 'distance_accuracy_value', 'NONE');
#7575 = CARTESIAN_POINT ( 'NONE',  ( -4.900000000000001200, 0.02000000000000000000, -5.137500000000001100 ) ) ;
#7576 = EDGE_LOOP ( 'NONE', ( #8291, #8316, #7952, #1263, #1213 ) ) ;
#7577 = STYLED_ITEM ( 'NONE', ( #7851 ), #3336 ) ;
#7578 = FACE_OUTER_BOUND ( 'NONE', #4118, .T. ) ;
#7579 = FILL_AREA_STYLE_COLOUR ( '', #2742 ) ;
#7580 = VERTEX_POINT ( 'NONE', #3732 ) ;
#7581 = VECTOR ( 'NONE', #4573, 1000.000000000000000 ) ;
#7582 = DIRECTION ( 'NONE',  ( 0.0000000000000000000, 0.0000000000000000000, -1.000000000000000000 ) ) ;
#7583 = ORIENTED_EDGE ( 'NONE', *, *, #9327, .F. ) ;
#7584 = ADVANCED_FACE ( 'NONE', ( #6178 ), #863, .T. ) ;
#7585 = EDGE_CURVE ( 'NONE', #167, #9153, #5643, .T. ) ;
#7586 = CARTESIAN_POINT ( 'NONE',  ( -2.600000000000000100, 0.5000000000000000000, 5.787499999999999600 ) ) ;
#7587 = CIRCLE ( 'NONE', #4643, 0.3344817309246964100 ) ;
#7588 = FILL_AREA_STYLE_COLOUR ( '', #2317 ) ;
#7589 = CARTESIAN_POINT ( 'NONE',  ( 0.0000000000000000000, 0.5000000000000000000, 4.587499999999999500 ) ) ;
#7590 = LINE ( 'NONE', #1572, #2272 ) ;
#7591 = LINE ( 'NONE', #4821, #2384 ) ;
#7592 = CARTESIAN_POINT ( 'NONE',  ( 4.251000000000000300, 0.02000000000000000000, 0.0000000000000000000 ) ) ;
#7593 = AXIS2_PLACEMENT_3D ( 'NONE', #7537, #4545, #199 ) ;
#7594 = LINE ( 'NONE', #7641, #4859 ) ;
#7595 = DIRECTION ( 'NONE',  ( 0.0000000000000000000, 0.0000000000000000000, -1.000000000000000000 ) ) ;
#7596 = LINE ( 'NONE', #8251, #2615 ) ;
#7597 = CARTESIAN_POINT ( 'NONE',  ( 0.0000000000000000000, 0.02000000000000000000, 3.786499999999998900 ) ) ;
#7598 = DIRECTION ( 'NONE',  ( 0.0000000000000000000, 1.000000000000000000, 0.0000000000000000000 ) ) ;
#7599 = EDGE_CURVE ( 'NONE', #987, #8248, #6439, .T. ) ;
#7600 = ORIENTED_EDGE ( 'NONE', *, *, #7345, .F. ) ;
#7601 = VECTOR ( 'NONE', #3536, 1000.000000000000000 ) ;
#7602 = CIRCLE ( 'NONE', #7388, 0.04999999999999969700 ) ;
#7603 = PLANE ( 'NONE',  #3278 ) ;
#7604 = CARTESIAN_POINT ( 'NONE',  ( -2.598999999999999800, 0.5010000000000000000, 5.187447592220710400 ) ) ;
#7605 = SURFACE_SIDE_STYLE ('',( #4519 ) ) ;
#7606 = MECHANICAL_DESIGN_GEOMETRIC_PRESENTATION_REPRESENTATION (  '', ( #6630 ), #4196 ) ;
#7607 =( LENGTH_UNIT ( ) NAMED_UNIT ( * ) SI_UNIT ( .MILLI., .METRE. ) );
#7608 = VERTEX_POINT ( 'NONE', #8818 ) ;
#7609 = FACE_OUTER_BOUND ( 'NONE', #9292, .T. ) ;
#7610 = ORIENTED_EDGE ( 'NONE', *, *, #751, .F. ) ;
#7611 = EDGE_CURVE ( 'NONE', #3138, #5634, #7503, .T. ) ;
#7612 = DIRECTION ( 'NONE',  ( 1.000000000000000000, -0.0000000000000000000, 0.0000000000000000000 ) ) ;
#7613 = STYLED_ITEM ( 'NONE', ( #6651 ), #767 ) ;
#7614 = PRESENTATION_STYLE_ASSIGNMENT (( #8802 ) ) ;
#7615 = CARTESIAN_POINT ( 'NONE',  ( 0.0000000000000000000, 0.5010000000000001100, 5.187447592220710400 ) ) ;
#7616 = VECTOR ( 'NONE', #3248, 1000.000000000000000 ) ;
#7617 =( NAMED_UNIT ( * ) PLANE_ANGLE_UNIT ( ) SI_UNIT ( $, .RADIAN. ) );
#7618 = ORIENTED_EDGE ( 'NONE', *, *, #763, .T. ) ;
#7619 = VECTOR ( 'NONE', #7555, 1000.000000000000200 ) ;
#7620 = ORIENTED_EDGE ( 'NONE', *, *, #6661, .T. ) ;
#7621 = DIRECTION ( 'NONE',  ( -1.000000000000000000, 0.0000000000000000000, -0.0000000000000000000 ) ) ;
#7622 =( GEOMETRIC_REPRESENTATION_CONTEXT ( 3 ) GLOBAL_UNCERTAINTY_ASSIGNED_CONTEXT ( ( #3299 ) ) GLOBAL_UNIT_ASSIGNED_CONTEXT ( ( #5745, #5651, #690 ) ) REPRESENTATION_CONTEXT ( 'NONE', 'WORKASPACE' ) );
#7623 = DIRECTION ( 'NONE',  ( 0.0000000000000000000, 0.0000000000000000000, -1.000000000000000000 ) ) ;
#7624 = PRESENTATION_LAYER_ASSIGNMENT (  '', '', ( #7761 ) ) ;
#7625 = CARTESIAN_POINT ( 'NONE',  ( 2.600000000000000100, 0.0000000000000000000, -0.0000000000000000000 ) ) ;
#7626 = VECTOR ( 'NONE', #4034, 1000.000000000000000 ) ;
#7627 = ORIENTED_EDGE ( 'NONE', *, *, #3312, .T. ) ;
#7628 = VECTOR ( 'NONE', #1876, 1000.000000000000000 ) ;
#7629 = DIRECTION ( 'NONE',  ( 1.672022627447524700E-016, -0.0000000000000000000, 1.000000000000000000 ) ) ;
#7630 = UNCERTAINTY_MEASURE_WITH_UNIT (LENGTH_MEASURE( 1.000000000000000100E-005 ), #669, 'distance_accuracy_value', 'NONE');
#7631 = VERTEX_POINT ( 'NONE', #5180 ) ;
#7632 = ORIENTED_EDGE ( 'NONE', *, *, #8796, .T. ) ;
#7633 = DIRECTION ( 'NONE',  ( -0.0000000000000000000, 0.0000000000000000000, -1.000000000000000000 ) ) ;
#7634 = DIRECTION ( 'NONE',  ( 0.0000000000000000000, 0.0000000000000000000, 1.000000000000000000 ) ) ;
#7635 = ADVANCED_FACE ( 'NONE', ( #2517 ), #4546, .T. ) ;
#7636 = FACE_OUTER_BOUND ( 'NONE', #4615, .T. ) ;
#7637 = ORIENTED_EDGE ( 'NONE', *, *, #1519, .F. ) ;
#7638 = VERTEX_POINT ( 'NONE', #7534 ) ;
#7639 = VECTOR ( 'NONE', #6936, 1000.000000000000000 ) ;
#7640 = CARTESIAN_POINT ( 'NONE',  ( -4.061602540378443000, 0.1499999999999999900, 5.787499999999999600 ) ) ;
#7641 = CARTESIAN_POINT ( 'NONE',  ( -1.661602540378443800, 0.1499999999999999900, 0.0000000000000000000 ) ) ;
#7642 = ORIENTED_EDGE ( 'NONE', *, *, #311, .F. ) ;
#7643 =( BOUNDED_CURVE ( )  B_SPLINE_CURVE ( 3, ( #3671, #4375, #5119, #4988 ),
 .UNSPECIFIED., .F., .T. ) 
 B_SPLINE_CURVE_WITH_KNOTS ( ( 4, 4 ),
 ( 2.454701776417117700, 3.138853597849005100 ),
 .UNSPECIFIED. ) 
 CURVE ( )  GEOMETRIC_REPRESENTATION_ITEM ( )  RATIONAL_B_SPLINE_CURVE ( ( 1.000000000000000000, 0.9613735634947474500, 0.9613735634947474500, 1.000000000000000000 ) ) 
 REPRESENTATION_ITEM ( '' )  );
#7644 = EDGE_LOOP ( 'NONE', ( #4083, #7799, #3578, #275 ) ) ;
#7645 = EDGE_CURVE ( 'NONE', #1674, #4725, #6588, .T. ) ;
#7646 = DIRECTION ( 'NONE',  ( -1.000000000000000000, 0.0000000000000000000, 0.0000000000000000000 ) ) ;
#7647 = MECHANICAL_DESIGN_GEOMETRIC_PRESENTATION_REPRESENTATION (  '', ( #7845 ), #1157 ) ;
#7648 = CARTESIAN_POINT ( 'NONE',  ( 4.670000000000001700, 0.5000000000000000000, 0.9634999999999969100 ) ) ;
#7649 = VECTOR ( 'NONE', #8317, 1000.000000000000000 ) ;
#7650 = VERTEX_POINT ( 'NONE', #253 ) ;
#7651 = ORIENTED_EDGE ( 'NONE', *, *, #6365, .T. ) ;
#7652 = VECTOR ( 'NONE', #2617, 1000.000000000000000 ) ;
#7653 = DIRECTION ( 'NONE',  ( 1.000000000000000000, -0.0000000000000000000, 0.0000000000000000000 ) ) ;
#7654 = LINE ( 'NONE', #5888, #6280 ) ;
#7655 = FILL_AREA_STYLE_COLOUR ( '', #9297 ) ;
#7656 =( NAMED_UNIT ( * ) PLANE_ANGLE_UNIT ( ) SI_UNIT ( $, .RADIAN. ) );
#7657 = ORIENTED_EDGE ( 'NONE', *, *, #5972, .T. ) ;
#7658 = DIRECTION ( 'NONE',  ( -0.0000000000000000000, -1.000000000000000000, -0.0000000000000000000 ) ) ;
#7659 = ORIENTED_EDGE ( 'NONE', *, *, #1811, .T. ) ;
#7660 = VERTEX_POINT ( 'NONE', #7560 ) ;
#7661 = EDGE_CURVE ( 'NONE', #5293, #9019, #5353, .T. ) ;
#7662 = VECTOR ( 'NONE', #3883, 1000.000000000000000 ) ;
#7663 = CARTESIAN_POINT ( 'NONE',  ( 4.942053444169863100, 0.05134870066768220500, -5.183950734573877600 ) ) ;
#7664 = CARTESIAN_POINT ( 'NONE',  ( 3.974999999999999200, 0.0000000000000000000, 5.557499999999999200 ) ) ;
#7665 = FILL_AREA_STYLE ('',( #6125 ) ) ;
#7666 = DIRECTION ( 'NONE',  ( -0.0000000000000000000, 0.0000000000000000000, 1.000000000000000000 ) ) ;
#7667 =( NAMED_UNIT ( * ) PLANE_ANGLE_UNIT ( ) SI_UNIT ( $, .RADIAN. ) );
#7668 = CARTESIAN_POINT ( 'NONE',  ( 4.150000000000000400, 0.5000000000000000000, -4.987500000000002500 ) ) ;
#7669 = ORIENTED_EDGE ( 'NONE', *, *, #8231, .F. ) ;
#7670 = AXIS2_PLACEMENT_3D ( 'NONE', #8066, #2268, #182 ) ;
#7671 = ORIENTED_EDGE ( 'NONE', *, *, #722, .F. ) ;
#7672 = SURFACE_STYLE_USAGE ( .BOTH. , #3863 ) ;
#7673 = EDGE_CURVE ( 'NONE', #1581, #7538, #3648, .T. ) ;
#7674 = DIRECTION ( 'NONE',  ( -0.0000000000000000000, 0.0000000000000000000, -1.000000000000000000 ) ) ;
#7675 = PLANE ( 'NONE',  #8915 ) ;
#7676 = ORIENTED_EDGE ( 'NONE', *, *, #5873, .F. ) ;
#7677 = LINE ( 'NONE', #8112, #1451 ) ;
#7678 = CARTESIAN_POINT ( 'NONE',  ( -2.025000000000000400, 0.0000000000000000000, 5.557499999999999200 ) ) ;
#7679 = CARTESIAN_POINT ( 'NONE',  ( 4.945916669052092400, 0.04996653273663113900, -5.180288619684163500 ) ) ;
#7680 = VECTOR ( 'NONE', #2269, 1000.000000000000000 ) ;
#7681 = ORIENTED_EDGE ( 'NONE', *, *, #8266, .F. ) ;
#7682 = DIRECTION ( 'NONE',  ( 1.672022627447524700E-016, 0.0000000000000000000, 1.000000000000000000 ) ) ;
#7683 = ADVANCED_FACE ( 'NONE', ( #941 ), #3242, .F. ) ;
#7684 =( NAMED_UNIT ( * ) SI_UNIT ( $, .STERADIAN. ) SOLID_ANGLE_UNIT ( ) );
#7685 = LINE ( 'NONE', #8177, #9385 ) ;
#7686 = DIRECTION ( 'NONE',  ( -0.0000000000000000000, 0.0000000000000000000, -1.000000000000000000 ) ) ;
#7687 =( LENGTH_UNIT ( ) NAMED_UNIT ( * ) SI_UNIT ( .MILLI., .METRE. ) );
#7688 = EDGE_CURVE ( 'NONE', #2197, #5255, #1950, .T. ) ;
#7689 = FILL_AREA_STYLE_COLOUR ( '', #1637 ) ;
#7690 = COLOUR_RGB ( '',0.7529411764705882200, 0.7529411764705882200, 0.7529411764705882200 ) ;
#7691 = DIRECTION ( 'NONE',  ( 1.000000000000000000, 0.0000000000000000000, 0.0000000000000000000 ) ) ;
#7692 = ORIENTED_EDGE ( 'NONE', *, *, #4760, .T. ) ;
#7693 = CARTESIAN_POINT ( 'NONE',  ( -4.950000000000001100, 0.07000000000000018700, -5.187500000000000900 ) ) ;
#7694 = MECHANICAL_DESIGN_GEOMETRIC_PRESENTATION_REPRESENTATION (  '', ( #2848 ), #1699 ) ;
#7695 = CARTESIAN_POINT ( 'NONE',  ( -4.601000000000000000, 0.01999999999999999700, 3.786499999999998900 ) ) ;
#7696 = ADVANCED_FACE ( 'NONE', ( #2304 ), #1456, .T. ) ;
#7697 = SURFACE_STYLE_FILL_AREA ( #6119 ) ;
#7698 = UNCERTAINTY_MEASURE_WITH_UNIT (LENGTH_MEASURE( 1.000000000000000100E-005 ), #6269, 'distance_accuracy_value', 'NONE');
#7699 = LINE ( 'NONE', #7781, #6088 ) ;
#7700 = ORIENTED_EDGE ( 'NONE', *, *, #9175, .T. ) ;
#7701 = EDGE_CURVE ( 'NONE', #4644, #4699, #7864, .T. ) ;
#7702 = SURFACE_STYLE_USAGE ( .BOTH. , #4726 ) ;
#7703 = DIRECTION ( 'NONE',  ( 0.0000000000000000000, -1.000000000000000000, 0.0000000000000000000 ) ) ;
#7704 = VECTOR ( 'NONE', #7875, 1000.000000000000000 ) ;
#7705 = ORIENTED_EDGE ( 'NONE', *, *, #4092, .F. ) ;
#7706 =( LENGTH_UNIT ( ) NAMED_UNIT ( * ) SI_UNIT ( .MILLI., .METRE. ) );
#7707 =( NAMED_UNIT ( * ) SI_UNIT ( $, .STERADIAN. ) SOLID_ANGLE_UNIT ( ) );
#7708 = AXIS2_PLACEMENT_3D ( 'NONE', #2007, #8542, #4896 ) ;
#7709 = DIRECTION ( 'NONE',  ( 0.0000000000000000000, 0.0000000000000000000, -1.000000000000000000 ) ) ;
#7710 = VECTOR ( 'NONE', #3224, 1000.000000000000000 ) ;
#7711 = CARTESIAN_POINT ( 'NONE',  ( 4.929407305613745300, 0.5000000000000000000, -2.292500000000000400 ) ) ;
#7712 = DIRECTION ( 'NONE',  ( 0.0000000000000000000, 0.0000000000000000000, -1.000000000000000000 ) ) ;
#7713 = CARTESIAN_POINT ( 'NONE',  ( -4.250000000000000000, 0.5000000000000000000, 0.0000000000000000000 ) ) ;
#7714 = FACE_OUTER_BOUND ( 'NONE', #6384, .T. ) ;
#7715 = EDGE_CURVE ( 'NONE', #2837, #1523, #4422, .T. ) ;
#7716 = ORIENTED_EDGE ( 'NONE', *, *, #6723, .F. ) ;
#7717 = LINE ( 'NONE', #5492, #1613 ) ;
#7718 = VERTEX_POINT ( 'NONE', #6642 ) ;
#7719 = CARTESIAN_POINT ( 'NONE',  ( 4.335518269075305600, 2.255226423163382500, -2.142499999999999600 ) ) ;
#7720 = CARTESIAN_POINT ( 'NONE',  ( 0.7383974596215552300, 0.1499999999999999900, 5.787499999999999600 ) ) ;
#7721 = LINE ( 'NONE', #2687, #589 ) ;
#7722 =( LENGTH_UNIT ( ) NAMED_UNIT ( * ) SI_UNIT ( .MILLI., .METRE. ) );
#7723 = PRESENTATION_LAYER_ASSIGNMENT (  '', '', ( #7235 ) ) ;
#7724 = ORIENTED_EDGE ( 'NONE', *, *, #5533, .T. ) ;
#7725 = VECTOR ( 'NONE', #3691, 1000.000000000000000 ) ;
#7727 = PRESENTATION_STYLE_ASSIGNMENT (( #7822 ) ) ;
#7726 = CARTESIAN_POINT ( 'NONE',  ( 1.938397459621555000, 0.1499999999999999900, 5.557499999999999200 ) ) ;
#7728 = DIRECTION ( 'NONE',  ( -0.05205003326639411800, 0.9931737993569248500, 0.1043867726673162000 ) ) ;
#7729 = CARTESIAN_POINT ( 'NONE',  ( -2.598999999999999800, 0.02000000000000018100, 5.137499999999999300 ) ) ;
#7730 = EDGE_CURVE ( 'NONE', #680, #5724, #5110, .T. ) ;
#7731 = DIRECTION ( 'NONE',  ( 0.0000000000000000000, 0.0000000000000000000, 1.000000000000000000 ) ) ;
#7732 = COLOUR_RGB ( '',0.7529411764705882200, 0.7529411764705882200, 0.7529411764705882200 ) ;
#7733 = FACE_OUTER_BOUND ( 'NONE', #7742, .T. ) ;
#7734 = CYLINDRICAL_SURFACE ( 'NONE', #4072, 0.04999999999999969700 ) ;
#7735 = ORIENTED_EDGE ( 'NONE', *, *, #933, .T. ) ;
#7736 = CARTESIAN_POINT ( 'NONE',  ( 0.1999999999999999300, 0.5000000000000000000, 3.787499999999999200 ) ) ;
#7737 = DIRECTION ( 'NONE',  ( -1.000000000000000000, 0.0000000000000000000, -0.0000000000000000000 ) ) ;
#7738 = MECHANICAL_DESIGN_GEOMETRIC_PRESENTATION_REPRESENTATION (  '', ( #9022 ), #6924 ) ;
#7739 = CARTESIAN_POINT ( 'NONE',  ( -4.760769540619037300, 2.299999999999999800, 1.241707825693110000 ) ) ;
#7740 = CARTESIAN_POINT ( 'NONE',  ( -4.849999999999999600, 2.299999999999999800, 5.187499999999999100 ) ) ;
#7741 = SURFACE_STYLE_FILL_AREA ( #1336 ) ;
#7742 = EDGE_LOOP ( 'NONE', ( #9319, #7539, #1855, #7290 ) ) ;
#7743 = LINE ( 'NONE', #1351, #1741 ) ;
#7744 = EDGE_CURVE ( 'NONE', #6248, #3121, #1283, .T. ) ;
#7745 = VERTEX_POINT ( 'NONE', #8178 ) ;
#7746 = FACE_OUTER_BOUND ( 'NONE', #4145, .T. ) ;
#7747 = ADVANCED_FACE ( 'NONE', ( #2983 ), #6597, .T. ) ;
#7748 = CARTESIAN_POINT ( 'NONE',  ( 3.401000000000000200, 0.01999999999999999700, 4.588499999999999800 ) ) ;
#7749 =( LENGTH_UNIT ( ) NAMED_UNIT ( * ) SI_UNIT ( .MILLI., .METRE. ) );
#7750 = CARTESIAN_POINT ( 'NONE',  ( -3.974999999999999200, 0.0000000000000000000, 5.787499999999999600 ) ) ;
#7751 = SURFACE_STYLE_USAGE ( .BOTH. , #9243 ) ;
#7752 = FACE_OUTER_BOUND ( 'NONE', #5021, .T. ) ;
#7753 = CARTESIAN_POINT ( 'NONE',  ( -4.731000000000000800, 0.5000000000000000000, 0.9634999999999968000 ) ) ;
#7754 = ORIENTED_EDGE ( 'NONE', *, *, #5402, .F. ) ;
#7755 =( NAMED_UNIT ( * ) PLANE_ANGLE_UNIT ( ) SI_UNIT ( $, .RADIAN. ) );
#7756 =( GEOMETRIC_REPRESENTATION_CONTEXT ( 3 ) GLOBAL_UNCERTAINTY_ASSIGNED_CONTEXT ( ( #5952 ) ) GLOBAL_UNIT_ASSIGNED_CONTEXT ( ( #5103, #8070, #7301 ) ) REPRESENTATION_CONTEXT ( 'NONE', 'WORKASPACE' ) );
#7757 = ORIENTED_EDGE ( 'NONE', *, *, #1504, .F. ) ;
#7758 = LINE ( 'NONE', #3660, #3340 ) ;
#7759 = PLANE ( 'NONE',  #3914 ) ;
#7760 = UNCERTAINTY_MEASURE_WITH_UNIT (LENGTH_MEASURE( 1.000000000000000100E-005 ), #1135, 'distance_accuracy_value', 'NONE');
#7761 = STYLED_ITEM ( 'NONE', ( #2110 ), #7261 ) ;
#7762 = ORIENTED_EDGE ( 'NONE', *, *, #7874, .F. ) ;
#7763 = VERTEX_POINT ( 'NONE', #5754 ) ;
#7764 = DIRECTION ( 'NONE',  ( -1.000000000000000000, 0.0000000000000000000, -0.0000000000000000000 ) ) ;
#7765 = PLANE ( 'NONE',  #6799 ) ;
#7766 = DIRECTION ( 'NONE',  ( -0.0000000000000000000, -0.0000000000000000000, -1.000000000000000000 ) ) ;
#7767 = ORIENTED_EDGE ( 'NONE', *, *, #337, .F. ) ;
#7768 = ORIENTED_EDGE ( 'NONE', *, *, #4261, .F. ) ;
#7769 = LINE ( 'NONE', #1158, #6844 ) ;
#7770 = EDGE_CURVE ( 'NONE', #5288, #7567, #8222, .T. ) ;
#7771 = PLANE ( 'NONE',  #7356 ) ;
#7772 = DIRECTION ( 'NONE',  ( 0.0000000000000000000, -0.0000000000000000000, -1.000000000000000000 ) ) ;
#7773 = VERTEX_POINT ( 'NONE', #8336 ) ;
#7774 = AXIS2_PLACEMENT_3D ( 'NONE', #425, #9142, #4831 ) ;
#7775 = EDGE_LOOP ( 'NONE', ( #2288, #3569, #2761, #604, #9128, #4675 ) ) ;
#7776 = PRESENTATION_LAYER_ASSIGNMENT (  '', '', ( #5460 ) ) ;
#7777 = SURFACE_SIDE_STYLE ('',( #7441 ) ) ;
#7778 = ORIENTED_EDGE ( 'NONE', *, *, #4611, .F. ) ;
#7779 = VERTEX_POINT ( 'NONE', #885 ) ;
#7780 = LINE ( 'NONE', #5871, #1093 ) ;
#7781 = CARTESIAN_POINT ( 'NONE',  ( 1.399000000000000000, 2.299999999999999800, 5.093165997290524800 ) ) ;
#7782 = CARTESIAN_POINT ( 'NONE',  ( -4.857692519519754400, 2.261331652343349300, 1.239675722138389800 ) ) ;
#7783 = VECTOR ( 'NONE', #8077, 1000.000000000000000 ) ;
#7784 = DIRECTION ( 'NONE',  ( -1.000000000000000000, 0.0000000000000000000, 0.0000000000000000000 ) ) ;
#7785 = DIRECTION ( 'NONE',  ( 0.0000000000000000000, -1.000000000000000000, 0.0000000000000000000 ) ) ;
#7786 = EDGE_CURVE ( 'NONE', #6308, #1878, #8435, .T. ) ;
#7787 = DIRECTION ( 'NONE',  ( -1.000000000000000000, -0.0000000000000000000, 0.0000000000000000000 ) ) ;
#7788 = DIRECTION ( 'NONE',  ( 0.0000000000000000000, 0.0000000000000000000, 1.000000000000000000 ) ) ;
#7789 = FILL_AREA_STYLE ('',( #5550 ) ) ;
#7790 = VERTEX_POINT ( 'NONE', #1010 ) ;
#7791 = ADVANCED_FACE ( 'NONE', ( #4880 ), #4200, .T. ) ;
#7792 = DIRECTION ( 'NONE',  ( 1.000000000000000000, -0.0000000000000000000, 0.0000000000000000000 ) ) ;
#7793 = COLOUR_RGB ( '',0.7529411764705882200, 0.7529411764705882200, 0.7529411764705882200 ) ;
#7794 = DIRECTION ( 'NONE',  ( -0.0000000000000000000, 1.000000000000000000, -0.0000000000000000000 ) ) ;
#7795 = FILL_AREA_STYLE_COLOUR ( '', #3872 ) ;
#7796 = MECHANICAL_DESIGN_GEOMETRIC_PRESENTATION_REPRESENTATION (  '', ( #7925 ), #5654 ) ;
#7797 = DIRECTION ( 'NONE',  ( 1.000000000000000000, 0.0000000000000000000, -0.0000000000000000000 ) ) ;
#7798 = EDGE_CURVE ( 'NONE', #3703, #5368, #2640, .T. ) ;
#7799 = ORIENTED_EDGE ( 'NONE', *, *, #9340, .F. ) ;
#7800 =( NAMED_UNIT ( * ) SI_UNIT ( $, .STERADIAN. ) SOLID_ANGLE_UNIT ( ) );
#7801 = FACE_OUTER_BOUND ( 'NONE', #8748, .T. ) ;
#7802 = FILL_AREA_STYLE_COLOUR ( '', #6719 ) ;
#7803 = ORIENTED_EDGE ( 'NONE', *, *, #6073, .F. ) ;
#7804 = ADVANCED_FACE ( 'NONE', ( #4309 ), #5338, .F. ) ;
#7805 = CARTESIAN_POINT ( 'NONE',  ( 4.862439670827438200, 2.170750609364111600, 1.233103342562163800 ) ) ;
#7806 = DIRECTION ( 'NONE',  ( -1.000000000000000000, 0.0000000000000000000, -0.0000000000000000000 ) ) ;
#7807 =( GEOMETRIC_REPRESENTATION_CONTEXT ( 3 ) GLOBAL_UNCERTAINTY_ASSIGNED_CONTEXT ( ( #3683 ) ) GLOBAL_UNIT_ASSIGNED_CONTEXT ( ( #7687, #7656, #2653 ) ) REPRESENTATION_CONTEXT ( 'NONE', 'WORKASPACE' ) );
#7808 = EDGE_LOOP ( 'NONE', ( #1665, #4451, #7061, #5411 ) ) ;
#7809 = VECTOR ( 'NONE', #5911, 1000.000000000000000 ) ;
#7810 = EDGE_CURVE ( 'NONE', #5288, #3465, #1051, .T. ) ;
#7811 = EDGE_LOOP ( 'NONE', ( #9230, #651, #3339, #6506, #2772, #2766, #2218 ) ) ;
#7812 = PLANE ( 'NONE',  #7708 ) ;
#7813 = VECTOR ( 'NONE', #2232, 999.9999999999998900 ) ;
#7814 = PRESENTATION_LAYER_ASSIGNMENT (  '', '', ( #7613 ) ) ;
#7815 = SURFACE_STYLE_USAGE ( .BOTH. , #7033 ) ;
#7816 = DIRECTION ( 'NONE',  ( 0.0000000000000000000, 0.0000000000000000000, 1.000000000000000000 ) ) ;
#7817 =( NAMED_UNIT ( * ) PLANE_ANGLE_UNIT ( ) SI_UNIT ( $, .RADIAN. ) );
#7818 = ORIENTED_EDGE ( 'NONE', *, *, #9222, .F. ) ;
#7819 = FILL_AREA_STYLE_COLOUR ( '', #4517 ) ;
#7820 = VECTOR ( 'NONE', #8208, 1000.000000000000000 ) ;
#7821 = CARTESIAN_POINT ( 'NONE',  ( -4.950000000000001100, 0.07000000000000018700, -5.187500000000000900 ) ) ;
#7822 = SURFACE_STYLE_USAGE ( .BOTH. , #2747 ) ;
#7823 = AXIS2_PLACEMENT_3D ( 'NONE', #6495, #7863, #4974 ) ;
#7824 = SURFACE_STYLE_FILL_AREA ( #2738 ) ;
#7825 =( NAMED_UNIT ( * ) PLANE_ANGLE_UNIT ( ) SI_UNIT ( $, .RADIAN. ) );
#7826 = EDGE_CURVE ( 'NONE', #4505, #5105, #3980, .T. ) ;
#7827 = CIRCLE ( 'NONE', #2734, 0.1499999999999999700 ) ;
#7828 = DIRECTION ( 'NONE',  ( 0.0000000000000000000, 0.0000000000000000000, 1.000000000000000000 ) ) ;
#7829 = ORIENTED_EDGE ( 'NONE', *, *, #6559, .T. ) ;
#7830 = CARTESIAN_POINT ( 'NONE',  ( -3.225000000000000500, 0.0000000000000000000, 5.557499999999999200 ) ) ;
#7831 = PRESENTATION_STYLE_ASSIGNMENT (( #378 ) ) ;
#7832 = CARTESIAN_POINT ( 'NONE',  ( -4.949999999999999300, 0.07000000000000018700, 5.187499999999999100 ) ) ;
#7833 = SURFACE_STYLE_FILL_AREA ( #4961 ) ;
#7834 = AXIS2_PLACEMENT_3D ( 'NONE', #7118, #2795, #3574 ) ;
#7835 = VERTEX_POINT ( 'NONE', #5498 ) ;
#7836 = PLANE ( 'NONE',  #8803 ) ;
#7837 = DIRECTION ( 'NONE',  ( 1.000000000000000000, -0.0000000000000000000, 0.0000000000000000000 ) ) ;
#7838 = CARTESIAN_POINT ( 'NONE',  ( -4.860360825294212500, 2.210417345136265400, 1.187272107045695500 ) ) ;
#7839 = VECTOR ( 'NONE', #2986, 1000.000000000000000 ) ;
#7840 = EDGE_LOOP ( 'NONE', ( #366, #8131, #1074, #4553 ) ) ;
#7841 = VECTOR ( 'NONE', #8237, 1000.000000000000100 ) ;
#7842 = ORIENTED_EDGE ( 'NONE', *, *, #7770, .F. ) ;
#7843 = EDGE_CURVE ( 'NONE', #3015, #2271, #4763, .T. ) ;
#7844 = LINE ( 'NONE', #824, #5447 ) ;
#7845 = STYLED_ITEM ( 'NONE', ( #4934 ), #293 ) ;
#7846 = CARTESIAN_POINT ( 'NONE',  ( -3.400000000000000400, 0.5000000000000000000, 5.787499999999999600 ) ) ;
#7847 = CARTESIAN_POINT ( 'NONE',  ( 2.200000000000000200, 0.5000000000000000000, 4.587499999999999500 ) ) ;
#7848 = DIRECTION ( 'NONE',  ( -1.000000000000000000, -0.0000000000000000000, 0.0000000000000000000 ) ) ;
#7849 = CARTESIAN_POINT ( 'NONE',  ( 4.250000000000000000, 0.5000000000000000000, 0.0000000000000000000 ) ) ;
#7850 = EDGE_LOOP ( 'NONE', ( #5324, #7257, #1964, #2908 ) ) ;
#7851 = PRESENTATION_STYLE_ASSIGNMENT (( #7853 ) ) ;
#7852 = EDGE_LOOP ( 'NONE', ( #6989, #8682, #8430, #9349 ) ) ;
#7853 = SURFACE_STYLE_USAGE ( .BOTH. , #8520 ) ;
#7854 = ADVANCED_FACE ( 'NONE', ( #726 ), #9143, .T. ) ;
#7855 = DIRECTION ( 'NONE',  ( 1.000000000000000000, 0.0000000000000000000, -1.672022627447524300E-016 ) ) ;
#7856 = EDGE_CURVE ( 'NONE', #7220, #7638, #6574, .T. ) ;
#7857 = VECTOR ( 'NONE', #5040, 1000.000000000000000 ) ;
#7858 = DIRECTION ( 'NONE',  ( 0.0000000000000000000, 0.0000000000000000000, -1.000000000000000000 ) ) ;
#7859 = ORIENTED_EDGE ( 'NONE', *, *, #2017, .T. ) ;
#7860 = VECTOR ( 'NONE', #9115, 1000.000000000000200 ) ;
#7861 = ORIENTED_EDGE ( 'NONE', *, *, #1100, .T. ) ;
#7862 = CARTESIAN_POINT ( 'NONE',  ( 3.799999999999999400, 0.5000000000000000000, 5.787499999999999600 ) ) ;
#7863 = DIRECTION ( 'NONE',  ( -0.8660254037844346000, 0.5000000000000069900, 0.0000000000000000000 ) ) ;
#7864 = LINE ( 'NONE', #3750, #3210 ) ;
#7865 = CARTESIAN_POINT ( 'NONE',  ( 0.1989999999999999300, 0.01999999999999999700, 3.786499999999998900 ) ) ;
#7866 = STYLED_ITEM ( 'NONE', ( #1734 ), #5209 ) ;
#7867 = LINE ( 'NONE', #3057, #5471 ) ;
#7868 = FACE_OUTER_BOUND ( 'NONE', #7110, .T. ) ;
#7869 = EDGE_LOOP ( 'NONE', ( #299, #3897, #744, #868 ) ) ;
#7870 = LINE ( 'NONE', #8104, #3105 ) ;
#7871 = ORIENTED_EDGE ( 'NONE', *, *, #4075, .T. ) ;
#7872 = CARTESIAN_POINT ( 'NONE',  ( 4.842026438489678100, 2.560258285839276800, -4.979663485014223800 ) ) ;
#7873 = FILL_AREA_STYLE ('',( #1245 ) ) ;
#7874 = EDGE_CURVE ( 'NONE', #8941, #4784, #4636, .T. ) ;
#7875 = DIRECTION ( 'NONE',  ( 1.000000000000000000, -0.0000000000000000000, -0.0000000000000000000 ) ) ;
#7876 = ORIENTED_EDGE ( 'NONE', *, *, #6634, .T. ) ;
#7877 = FACE_OUTER_BOUND ( 'NONE', #2380, .T. ) ;
#7878 = CARTESIAN_POINT ( 'NONE',  ( -0.5999999999999999800, 0.0000000000000000000, -0.0000000000000000000 ) ) ;
#7879 = ORIENTED_EDGE ( 'NONE', *, *, #1112, .F. ) ;
#7880 = CARTESIAN_POINT ( 'NONE',  ( 4.850137046524541700, 0.4999999999998839800, -5.187500000000000900 ) ) ;
#7881 =( GEOMETRIC_REPRESENTATION_CONTEXT ( 3 ) GLOBAL_UNCERTAINTY_ASSIGNED_CONTEXT ( ( #2703 ) ) GLOBAL_UNIT_ASSIGNED_CONTEXT ( ( #3376, #6927, #3960 ) ) REPRESENTATION_CONTEXT ( 'NONE', 'WORKASPACE' ) );
#7882 = CARTESIAN_POINT ( 'NONE',  ( 0.0000000000000000000, 0.5000000000000000000, 3.787499999999999200 ) ) ;
#7883 = DIRECTION ( 'NONE',  ( 0.5000000000000022200, -0.8660254037844373800, 0.0000000000000000000 ) ) ;
#7884 = CARTESIAN_POINT ( 'NONE',  ( -4.250000000000000000, 0.5000000000000000000, 0.0000000000000000000 ) ) ;
#7885 = EDGE_CURVE ( 'NONE', #5714, #5917, #8759, .T. ) ;
#7886 = CARTESIAN_POINT ( 'NONE',  ( -2.025000000000000400, 0.0000000000000000000, 5.787499999999999600 ) ) ;
#7887 = ORIENTED_EDGE ( 'NONE', *, *, #1595, .F. ) ;
#7888 = ORIENTED_EDGE ( 'NONE', *, *, #4172, .T. ) ;
#7889 = VECTOR ( 'NONE', #5497, 1000.000000000000200 ) ;
#7890 = DIRECTION ( 'NONE',  ( 0.0000000000000000000, 0.1045284632676493600, -0.9945218953682738400 ) ) ;
#7891 =( BOUNDED_CURVE ( )  B_SPLINE_CURVE ( 3, ( #2292, #3639, #6673, #8724 ),
 .UNSPECIFIED., .F., .F. ) 
 B_SPLINE_CURVE_WITH_KNOTS ( ( 4, 4 ),
 ( 0.0000000000000000000, 1.518436449235069300 ),
 .UNSPECIFIED. ) 
 CURVE ( )  GEOMETRIC_REPRESENTATION_ITEM ( )  RATIONAL_B_SPLINE_CURVE ( ( 1.000000000000000000, 0.8169162473415243500, 0.8169162473415243500, 1.000000000000000000 ) ) 
 REPRESENTATION_ITEM ( '' )  );
#7892 = DIRECTION ( 'NONE',  ( 0.0000000000000000000, 0.0000000000000000000, -1.000000000000000000 ) ) ;
#7893 = ORIENTED_EDGE ( 'NONE', *, *, #8683, .T. ) ;
#7894 = CARTESIAN_POINT ( 'NONE',  ( 4.869421506289466400, 2.037529252581912900, -2.504101213736514600 ) ) ;
#7895 = PRESENTATION_LAYER_ASSIGNMENT (  '', '', ( #7386 ) ) ;
#7896 = FILL_AREA_STYLE ('',( #2787 ) ) ;
#7897 = FACE_OUTER_BOUND ( 'NONE', #7971, .T. ) ;
#7898 = AXIS2_PLACEMENT_3D ( 'NONE', #2630, #4158, #568 ) ;
#7899 = ORIENTED_EDGE ( 'NONE', *, *, #8068, .F. ) ;
#7900 = VERTEX_POINT ( 'NONE', #1196 ) ;
#7901 = ORIENTED_EDGE ( 'NONE', *, *, #5809, .F. ) ;
#7902 = ADVANCED_FACE ( 'NONE', ( #5466 ), #2682, .T. ) ;
#7903 = CARTESIAN_POINT ( 'NONE',  ( 4.338397459621556400, 0.1499999999999999900, 5.787499999999999600 ) ) ;
#7904 = EDGE_CURVE ( 'NONE', #5373, #5807, #4300, .T. ) ;
#7905 = CARTESIAN_POINT ( 'NONE',  ( 1.661602540378443300, 0.1499999999999999900, 5.787499999999999600 ) ) ;
#7906 = ORIENTED_EDGE ( 'NONE', *, *, #1230, .F. ) ;
#7907 = ORIENTED_EDGE ( 'NONE', *, *, #7212, .F. ) ;
#7908 = STYLED_ITEM ( 'NONE', ( #6570 ), #3094 ) ;
#7909 = VECTOR ( 'NONE', #9202, 1000.000000000000000 ) ;
#7910 = AXIS2_PLACEMENT_3D ( 'NONE', #1389, #8703, #5801 ) ;
#7911 = DIRECTION ( 'NONE',  ( 0.0000000000000000000, 0.0000000000000000000, 1.000000000000000000 ) ) ;
#7912 = CARTESIAN_POINT ( 'NONE',  ( 1.000999999999999900, 0.5010000000000000000, 4.588499999999999800 ) ) ;
#7913 = SURFACE_SIDE_STYLE ('',( #2224 ) ) ;
#7914 = ORIENTED_EDGE ( 'NONE', *, *, #3025, .T. ) ;
#7915 = COLOUR_RGB ( '',0.7529411764705882200, 0.7529411764705882200, 0.7529411764705882200 ) ;
#7916 = DIRECTION ( 'NONE',  ( -1.672022627447524700E-016, 0.0000000000000000000, -1.000000000000000000 ) ) ;
#7917 = EDGE_CURVE ( 'NONE', #8467, #1738, #471, .T. ) ;
#7918 = FILL_AREA_STYLE ('',( #618 ) ) ;
#7919 = LINE ( 'NONE', #3315, #5963 ) ;
#7920 = CARTESIAN_POINT ( 'NONE',  ( 4.250000000000000000, 0.5000000000000000000, 0.0000000000000000000 ) ) ;
#7921 = ORIENTED_EDGE ( 'NONE', *, *, #2124, .F. ) ;
#7922 = CARTESIAN_POINT ( 'NONE',  ( 2.774999999999999500, 0.0000000000000000000, 5.787499999999999600 ) ) ;
#7923 = FACE_OUTER_BOUND ( 'NONE', #1740, .T. ) ;
#7924 =( NAMED_UNIT ( * ) PLANE_ANGLE_UNIT ( ) SI_UNIT ( $, .RADIAN. ) );
#7925 = STYLED_ITEM ( 'NONE', ( #4105 ), #4582 ) ;
#7926 = CARTESIAN_POINT ( 'NONE',  ( 1.000999999999999900, 0.5010000000000000000, 4.588499999999999800 ) ) ;
#7927 = SURFACE_STYLE_FILL_AREA ( #7547 ) ;
#7928 = DIRECTION ( 'NONE',  ( -1.000000000000000000, 0.0000000000000000000, 0.0000000000000000000 ) ) ;
#7929 = ORIENTED_EDGE ( 'NONE', *, *, #7585, .T. ) ;
#7930 = EDGE_CURVE ( 'NONE', #2423, #3461, #9095, .T. ) ;
#7931 = CARTESIAN_POINT ( 'NONE',  ( 3.225000000000000500, 0.0000000000000000000, 5.787499999999999600 ) ) ;
#7932 = ORIENTED_EDGE ( 'NONE', *, *, #2623, .T. ) ;
#7933 = FACE_OUTER_BOUND ( 'NONE', #404, .T. ) ;
#7934 = DIRECTION ( 'NONE',  ( -1.000000000000000000, -0.0000000000000000000, 0.0000000000000000000 ) ) ;
#7935 = CARTESIAN_POINT ( 'NONE',  ( 3.974999999999999200, 0.0000000000000000000, 5.787499999999999600 ) ) ;
#7936 = ADVANCED_FACE ( 'NONE', ( #1499 ), #3476, .F. ) ;
#7937 = PRESENTATION_LAYER_ASSIGNMENT (  '', '', ( #1739 ) ) ;
#7938 = EDGE_CURVE ( 'NONE', #6363, #6394, #6807, .T. ) ;
#7939 = UNCERTAINTY_MEASURE_WITH_UNIT (LENGTH_MEASURE( 1.000000000000000100E-005 ), #6895, 'distance_accuracy_value', 'NONE');
#7940 = VECTOR ( 'NONE', #9197, 1000.000000000000000 ) ;
#7941 = ORIENTED_EDGE ( 'NONE', *, *, #7013, .T. ) ;
#7942 = CARTESIAN_POINT ( 'NONE',  ( 4.731000000000000800, 0.5000000000000000000, -2.292500000000000400 ) ) ;
#7943 = CARTESIAN_POINT ( 'NONE',  ( 4.601000000000000000, 0.01999999999999999700, 3.786499999999998900 ) ) ;
#7944 = LINE ( 'NONE', #1543, #8619 ) ;
#7945 = DIRECTION ( 'NONE',  ( -0.0000000000000000000, -1.000000000000000000, -0.0000000000000000000 ) ) ;
#7946 = MECHANICAL_DESIGN_GEOMETRIC_PRESENTATION_REPRESENTATION (  '', ( #7442 ), #7263 ) ;
#7947 = ORIENTED_EDGE ( 'NONE', *, *, #8496, .T. ) ;
#7948 = CARTESIAN_POINT ( 'NONE',  ( -0.1989999999999999300, 0.01999999999999999700, 3.786499999999998900 ) ) ;
#7949 = MANIFOLD_SOLID_BREP ( 'Boss-Extrude2[1]', #3338 ) ;
#7950 =( NAMED_UNIT ( * ) SI_UNIT ( $, .STERADIAN. ) SOLID_ANGLE_UNIT ( ) );
#7951 = FACE_OUTER_BOUND ( 'NONE', #3585, .T. ) ;
#7952 = ORIENTED_EDGE ( 'NONE', *, *, #504, .F. ) ;
#7953 = CARTESIAN_POINT ( 'NONE',  ( -4.939800817119855300, 0.05608129529729539300, -5.185523636465796400 ) ) ;
#7954 = PRESENTATION_STYLE_ASSIGNMENT (( #6616 ) ) ;
#7955 = DIRECTION ( 'NONE',  ( 0.0000000000000000000, 0.0000000000000000000, -1.000000000000000000 ) ) ;
#7956 = CARTESIAN_POINT ( 'NONE',  ( 4.760769540619037300, 2.255226423163383000, 1.191981730924696100 ) ) ;
#7957 = FACE_OUTER_BOUND ( 'NONE', #2671, .T. ) ;
#7958 = COLOUR_RGB ( '',0.7529411764705882200, 0.7529411764705882200, 0.7529411764705882200 ) ;
#7959 = CARTESIAN_POINT ( 'NONE',  ( 0.4616025403784444500, 0.1499999999999999900, 5.787499999999999600 ) ) ;
#7960 = ORIENTED_EDGE ( 'NONE', *, *, #5958, .T. ) ;
#7961 = ORIENTED_EDGE ( 'NONE', *, *, #7041, .F. ) ;
#7962 = MECHANICAL_DESIGN_GEOMETRIC_PRESENTATION_REPRESENTATION (  '', ( #7908 ), #8446 ) ;
#7964 = VECTOR ( 'NONE', #4539, 1000.000000000000000 ) ;
#7963 = CARTESIAN_POINT ( 'NONE',  ( 3.225000000000000500, 0.0000000000000000000, 5.557499999999999200 ) ) ;
#7965 = DIRECTION ( 'NONE',  ( 0.0000000000000000000, 0.0000000000000000000, 1.000000000000000000 ) ) ;
#7966 = CARTESIAN_POINT ( 'NONE',  ( -4.760769540619037300, 2.255226423163383000, 1.191981730924695800 ) ) ;
#7967 = CARTESIAN_POINT ( 'NONE',  ( -4.338397459621555500, 0.1499999999999999900, 5.557499999999999200 ) ) ;
#7968 = DIRECTION ( 'NONE',  ( 0.0000000000000000000, 1.000000000000000000, 0.0000000000000000000 ) ) ;
#7969 = CYLINDRICAL_SURFACE ( 'NONE', #209, 0.1000000000000002600 ) ;
#7970 = EDGE_CURVE ( 'NONE', #1512, #1450, #7038, .T. ) ;
#7971 = EDGE_LOOP ( 'NONE', ( #7371, #6714, #3070, #836, #7657, #2873 ) ) ;
#7972 = VECTOR ( 'NONE', #2939, 1000.000000000000000 ) ;
#7973 = ORIENTED_EDGE ( 'NONE', *, *, #6517, .F. ) ;
#7974 = AXIS2_PLACEMENT_3D ( 'NONE', #444, #229, #1150 ) ;
#7975 = DIRECTION ( 'NONE',  ( -1.000000000000000000, -0.0000000000000000000, 0.0000000000000000000 ) ) ;
#7976 = COLOUR_RGB ( '',0.2509803921568627400, 0.2509803921568627400, 0.2509803921568627400 ) ;
#7977 =( LENGTH_UNIT ( ) NAMED_UNIT ( * ) SI_UNIT ( .MILLI., .METRE. ) );
#7978 = DIRECTION ( 'NONE',  ( 1.000000000000000000, 0.0000000000000000000, 0.0000000000000000000 ) ) ;
#7979 = DIRECTION ( 'NONE',  ( 0.0000000000000000000, 0.0000000000000000000, -1.000000000000000000 ) ) ;
#7980 = VECTOR ( 'NONE', #769, 1000.000000000000000 ) ;
#7981 = DIRECTION ( 'NONE',  ( 0.0000000000000000000, 0.0000000000000000000, 1.000000000000000000 ) ) ;
#7982 = STYLED_ITEM ( 'NONE', ( #4379 ), #4119 ) ;
#7983 = ORIENTED_EDGE ( 'NONE', *, *, #6084, .T. ) ;
#7984 = CIRCLE ( 'NONE', #8320, 0.04999999999999969700 ) ;
#7985 = ORIENTED_EDGE ( 'NONE', *, *, #6353, .T. ) ;
#7986 = CARTESIAN_POINT ( 'NONE',  ( 0.1989999999999995100, 0.07000000000000018700, 5.137499999999999300 ) ) ;
#7987 = VECTOR ( 'NONE', #3202, 1000.000000000000000 ) ;
#7988 = ADVANCED_FACE ( 'NONE', ( #2975 ), #7075, .F. ) ;
#7989 = EDGE_CURVE ( 'NONE', #9104, #1383, #2852, .T. ) ;
#7990 = SURFACE_STYLE_USAGE ( .BOTH. , #1334 ) ;
#7991 = DIRECTION ( 'NONE',  ( -1.672022627447524500E-016, 0.0000000000000000000, -1.000000000000000000 ) ) ;
#7992 = FACE_OUTER_BOUND ( 'NONE', #7529, .T. ) ;
#7993 = DIRECTION ( 'NONE',  ( -1.000000000000000000, 0.0000000000000000000, -0.0000000000000000000 ) ) ;
#7994 = VERTEX_POINT ( 'NONE', #220 ) ;
#7995 = LINE ( 'NONE', #7194, #5927 ) ;
#7996 = PRESENTATION_STYLE_ASSIGNMENT (( #5514 ) ) ;
#7997 = CARTESIAN_POINT ( 'NONE',  ( 4.670000000000002600, 0.5010000000000000000, -2.292605104235265800 ) ) ;
#7998 = ORIENTED_EDGE ( 'NONE', *, *, #78, .F. ) ;
#7999 = VECTOR ( 'NONE', #4819, 1000.000000000000200 ) ;
#8000 = FILL_AREA_STYLE ('',( #2273 ) ) ;
#8001 =( GEOMETRIC_REPRESENTATION_CONTEXT ( 3 ) GLOBAL_UNCERTAINTY_ASSIGNED_CONTEXT ( ( #435 ) ) GLOBAL_UNIT_ASSIGNED_CONTEXT ( ( #6780, #3186, #7452 ) ) REPRESENTATION_CONTEXT ( 'NONE', 'WORKASPACE' ) );
#8002 = ADVANCED_FACE ( 'NONE', ( #714 ), #6703, .T. ) ;
#8003 = COLOUR_RGB ( '',0.2509803921568627400, 0.2509803921568627400, 0.2509803921568627400 ) ;
#8004 = VERTEX_POINT ( 'NONE', #953 ) ;
#8005 = ORIENTED_EDGE ( 'NONE', *, *, #4382, .F. ) ;
#8006 = VECTOR ( 'NONE', #3826, 1000.000000000000000 ) ;
#8007 = CARTESIAN_POINT ( 'NONE',  ( -4.950000000000160900, 0.06853458251118332800, -5.173569514110598200 ) ) ;
#8008 = DIRECTION ( 'NONE',  ( 1.000000000000000000, 0.0000000000000000000, 0.0000000000000000000 ) ) ;
#8009 = EDGE_CURVE ( 'NONE', #3680, #2868, #3631, .T. ) ;
#8010 = VERTEX_POINT ( 'NONE', #102 ) ;
#8011 = EDGE_LOOP ( 'NONE', ( #5220, #3410, #3939, #4455, #2732, #4408 ) ) ;
#8012 = CARTESIAN_POINT ( 'NONE',  ( 1.574999999999999100, 0.1499999999999999900, 5.557499999999999200 ) ) ;
#8013 = DIRECTION ( 'NONE',  ( -0.5000000000000069900, -0.8660254037844346000, 0.0000000000000000000 ) ) ;
#8014 =( NAMED_UNIT ( * ) SI_UNIT ( $, .STERADIAN. ) SOLID_ANGLE_UNIT ( ) );
#8015 = PRESENTATION_LAYER_ASSIGNMENT (  '', '', ( #5181 ) ) ;
#8016 = ORIENTED_EDGE ( 'NONE', *, *, #1933, .T. ) ;
#8017 = CARTESIAN_POINT ( 'NONE',  ( 2.201000000000000100, 0.5010000000000000000, 4.588499999999999800 ) ) ;
#8018 = LINE ( 'NONE', #1464, #619 ) ;
#8019 = EDGE_LOOP ( 'NONE', ( #414, #1175, #8558, #1156, #7359, #2730, #1838 ) ) ;
#8020 = ORIENTED_EDGE ( 'NONE', *, *, #9123, .T. ) ;
#8021 = CYLINDRICAL_SURFACE ( 'NONE', #4940, 0.05000000000000006500 ) ;
#8022 =( NAMED_UNIT ( * ) SI_UNIT ( $, .STERADIAN. ) SOLID_ANGLE_UNIT ( ) );
#8023 = UNCERTAINTY_MEASURE_WITH_UNIT (LENGTH_MEASURE( 1.000000000000000100E-005 ), #4752, 'distance_accuracy_value', 'NONE');
#8024 = MECHANICAL_DESIGN_GEOMETRIC_PRESENTATION_REPRESENTATION (  '', ( #4378 ), #7881 ) ;
#8025 = VECTOR ( 'NONE', #6647, 1000.000000000000000 ) ;
#8026 = SURFACE_SIDE_STYLE ('',( #6474 ) ) ;
#8027 = CARTESIAN_POINT ( 'NONE',  ( -4.860632494094494900, 2.205233595624294100, -2.521727650462716900 ) ) ;
#8028 = EDGE_CURVE ( 'NONE', #3507, #3447, #8205, .T. ) ;
#8029 = PLANE ( 'NONE',  #2490 ) ;
#8030 = ORIENTED_EDGE ( 'NONE', *, *, #8512, .F. ) ;
#8031 = ORIENTED_EDGE ( 'NONE', *, *, #1230, .T. ) ;
#8032 = COLOUR_RGB ( '',0.7529411764705882200, 0.7529411764705882200, 0.7529411764705882200 ) ;
#8033 = CARTESIAN_POINT ( 'NONE',  ( 4.601000000000000900, 0.4999999999998839800, 5.187499999999999100 ) ) ;
#8034 = VERTEX_POINT ( 'NONE', #5182 ) ;
#8035 = CARTESIAN_POINT ( 'NONE',  ( -1.000000000000000000, 0.0000000000000000000, 5.787499999999999600 ) ) ;
#8036 = DIRECTION ( 'NONE',  ( 0.0000000000000000000, -1.000000000000000000, 0.0000000000000000000 ) ) ;
#8037 = AXIS2_PLACEMENT_3D ( 'NONE', #5667, #946, #2214 ) ;
#8038 = ORIENTED_EDGE ( 'NONE', *, *, #858, .F. ) ;
#8039 = VECTOR ( 'NONE', #3455, 1000.000000000000000 ) ;
#8040 = DIRECTION ( 'NONE',  ( 0.0000000000000000000, 0.0000000000000000000, 1.000000000000000000 ) ) ;
#8041 = LINE ( 'NONE', #8938, #301 ) ;
#8042 = EDGE_CURVE ( 'NONE', #5261, #8253, #586, .T. ) ;
#8043 = DIRECTION ( 'NONE',  ( -0.0000000000000000000, -1.000000000000000000, -0.0000000000000000000 ) ) ;
#8044 = EDGE_CURVE ( 'NONE', #5695, #8807, #1928, .T. ) ;
#8045 = CARTESIAN_POINT ( 'NONE',  ( -4.669999999999999900, 0.5000000000000000000, -2.142500000000000500 ) ) ;
#8046 = DIRECTION ( 'NONE',  ( 0.0000000000000000000, 0.9986295347545740600, 0.05233595624294079500 ) ) ;
#8047 = ADVANCED_FACE ( 'NONE', ( #2622 ), #8786, .F. ) ;
#8048 = CARTESIAN_POINT ( 'NONE',  ( -1.000999999999999900, 0.5010000000000000000, 3.786499999999998900 ) ) ;
#8049 = SURFACE_SIDE_STYLE ('',( #6957 ) ) ;
#8050 = MECHANICAL_DESIGN_GEOMETRIC_PRESENTATION_REPRESENTATION (  '', ( #5281 ), #2933 ) ;
#8051 = ORIENTED_EDGE ( 'NONE', *, *, #8742, .F. ) ;
#8052 = VECTOR ( 'NONE', #4559, 1000.000000000000000 ) ;
#8053 = CARTESIAN_POINT ( 'NONE',  ( -2.600000000000000100, 0.0000000000000000000, 0.0000000000000000000 ) ) ;
#8054 = DIRECTION ( 'NONE',  ( -1.000000000000000000, 0.0000000000000000000, -0.0000000000000000000 ) ) ;
#8055 = CARTESIAN_POINT ( 'NONE',  ( 0.0000000000000000000, 0.0000000000000000000, 3.787499999999999200 ) ) ;
#8056 = EDGE_CURVE ( 'NONE', #5807, #7650, #5457, .T. ) ;
#8057 = CARTESIAN_POINT ( 'NONE',  ( 4.601000000000000000, 0.02000000000000000000, 0.0000000000000000000 ) ) ;
#8058 = ORIENTED_EDGE ( 'NONE', *, *, #617, .T. ) ;
#8059 = ADVANCED_FACE ( 'NONE', ( #3538 ), #3306, .F. ) ;
#8060 =( LENGTH_UNIT ( ) NAMED_UNIT ( * ) SI_UNIT ( .MILLI., .METRE. ) );
#8061 = ORIENTED_EDGE ( 'NONE', *, *, #5300, .F. ) ;
#8062 = COLOUR_RGB ( '',0.7529411764705882200, 0.7529411764705882200, 0.7529411764705882200 ) ;
#8063 = DIRECTION ( 'NONE',  ( 0.0000000000000000000, 8.131516293641332600E-016, -1.000000000000000000 ) ) ;
#8064 = CARTESIAN_POINT ( 'NONE',  ( -4.760769540619036500, 2.205233595624294100, 5.098132494094493900 ) ) ;
#8065 = CARTESIAN_POINT ( 'NONE',  ( -2.025000000000000400, 0.0000000000000000000, 5.557499999999999200 ) ) ;
#8066 = CARTESIAN_POINT ( 'NONE',  ( 4.251000000000000300, 0.5010000000000000000, -4.986500000000002200 ) ) ;
#8067 = VERTEX_POINT ( 'NONE', #4719 ) ;
#8068 = EDGE_CURVE ( 'NONE', #5133, #2537, #8864, .T. ) ;
#8069 = FACE_OUTER_BOUND ( 'NONE', #1496, .T. ) ;
#8070 =( NAMED_UNIT ( * ) PLANE_ANGLE_UNIT ( ) SI_UNIT ( $, .RADIAN. ) );
#8071 = VECTOR ( 'NONE', #2870, 1000.000000000000200 ) ;
#8072 = EDGE_LOOP ( 'NONE', ( #70, #2659, #2955, #8286 ) ) ;
#8073 = DIRECTION ( 'NONE',  ( 0.0000000000000000000, 0.05233595624294079500, -0.9986295347545740600 ) ) ;
#8074 =( NAMED_UNIT ( * ) SI_UNIT ( $, .STERADIAN. ) SOLID_ANGLE_UNIT ( ) );
#8075 = CARTESIAN_POINT ( 'NONE',  ( -2.600000000000000100, 0.0000000000000000000, 5.787499999999999600 ) ) ;
#8076 = VECTOR ( 'NONE', #7658, 1000.000000000000000 ) ;
#8077 = DIRECTION ( 'NONE',  ( -1.000000000000000000, 0.0000000000000000000, 0.0000000000000000000 ) ) ;
#8078 = VERTEX_POINT ( 'NONE', #3949 ) ;
#8079 = LINE ( 'NONE', #6808, #3402 ) ;
#8080 = PLANE ( 'NONE',  #8305 ) ;
#8081 = EDGE_CURVE ( 'NONE', #4979, #158, #19, .T. ) ;
#8082 = LINE ( 'NONE', #5683, #2389 ) ;
#8083 = SURFACE_STYLE_FILL_AREA ( #260 ) ;
#8084 = CARTESIAN_POINT ( 'NONE',  ( 0.0000000000000000000, 0.02000000000000000000, 0.0000000000000000000 ) ) ;
#8085 = ORIENTED_EDGE ( 'NONE', *, *, #7585, .F. ) ;
#8086 = LINE ( 'NONE', #4292, #7144 ) ;
#8087 = DIRECTION ( 'NONE',  ( 0.0000000000000000000, -0.0000000000000000000, -1.000000000000000000 ) ) ;
#8088 =( LENGTH_UNIT ( ) NAMED_UNIT ( * ) SI_UNIT ( .MILLI., .METRE. ) );
#8089 = LINE ( 'NONE', #6848, #3964 ) ;
#8090 = MECHANICAL_DESIGN_GEOMETRIC_PRESENTATION_REPRESENTATION (  '', ( #1395 ), #3333 ) ;
#8091 = CARTESIAN_POINT ( 'NONE',  ( -4.563793758912174400, 0.5005000000000000600, 0.9634999999999968000 ) ) ;
#8092 = COLOUR_RGB ( '',0.7529411764705882200, 0.7529411764705882200, 0.7529411764705882200 ) ;
#8093 = CARTESIAN_POINT ( 'NONE',  ( 4.670000000000003500, 2.299999999999999800, -2.526707825693110400 ) ) ;
#8094 = CARTESIAN_POINT ( 'NONE',  ( -4.250000000000000000, 0.5000000000000000000, 0.9624999999999968000 ) ) ;
#8095 = EDGE_LOOP ( 'NONE', ( #4107, #3335, #9350, #5164 ) ) ;
#8096 = LINE ( 'NONE', #9016, #8873 ) ;
#8097 = SURFACE_STYLE_FILL_AREA ( #864 ) ;
#8098 = EDGE_CURVE ( 'NONE', #4795, #664, #238, .T. ) ;
#8099 = CARTESIAN_POINT ( 'NONE',  ( 4.670000000000002600, 0.5000000000000000000, -2.292500000000000400 ) ) ;
#8100 = ADVANCED_FACE ( 'NONE', ( #2397 ), #1616, .F. ) ;
#8101 = MECHANICAL_DESIGN_GEOMETRIC_PRESENTATION_REPRESENTATION (  '', ( #2059 ), #608 ) ;
#8102 = ORIENTED_EDGE ( 'NONE', *, *, #1246, .F. ) ;
#8103 = LINE ( 'NONE', #1299, #2751 ) ;
#8104 = CARTESIAN_POINT ( 'NONE',  ( -2.598999999999999800, 0.5010000000000000000, 3.786499999999998900 ) ) ;
#8105 = VECTOR ( 'NONE', #2714, 1000.000000000000000 ) ;
#8106 = CARTESIAN_POINT ( 'NONE',  ( -4.950000000000001100, 0.07000000000000018700, -5.137500000000001100 ) ) ;
#8107 = DIRECTION ( 'NONE',  ( 0.5000000000000034400, 0.8660254037844367100, 0.0000000000000000000 ) ) ;
#8108 = VECTOR ( 'NONE', #9363, 1000.000000000000000 ) ;
#8109 = EDGE_CURVE ( 'NONE', #9237, #1301, #462, .T. ) ;
#8110 = LINE ( 'NONE', #7878, #4427 ) ;
#8111 = LINE ( 'NONE', #441, #1291 ) ;
#8112 = CARTESIAN_POINT ( 'NONE',  ( -4.061602540378443000, 0.1499999999999999900, 5.787499999999999600 ) ) ;
#8113 = ORIENTED_EDGE ( 'NONE', *, *, #2487, .F. ) ;
#8114 = VECTOR ( 'NONE', #3880, 1000.000000000000200 ) ;
#8115 = ORIENTED_EDGE ( 'NONE', *, *, #1037, .F. ) ;
#8116 = CARTESIAN_POINT ( 'NONE',  ( -1.661602540378443800, 0.1499999999999999900, 5.787499999999999600 ) ) ;
#8117 =( NAMED_UNIT ( * ) PLANE_ANGLE_UNIT ( ) SI_UNIT ( $, .RADIAN. ) );
#8118 = FILL_AREA_STYLE_COLOUR ( '', #8062 ) ;
#8119 = AXIS2_PLACEMENT_3D ( 'NONE', #6255, #9156, #6912 ) ;
#8120 = VERTEX_POINT ( 'NONE', #5635 ) ;
#8121 =( NAMED_UNIT ( * ) PLANE_ANGLE_UNIT ( ) SI_UNIT ( $, .RADIAN. ) );
#8122 = ORIENTED_EDGE ( 'NONE', *, *, #1868, .T. ) ;
#8123 = EDGE_CURVE ( 'NONE', #6254, #6498, #5902, .T. ) ;
#8124 = CARTESIAN_POINT ( 'NONE',  ( 2.200999999999999600, 0.07000000000000018700, 5.187499999999999100 ) ) ;
#8125 = DIRECTION ( 'NONE',  ( -0.5000000000000034400, -0.8660254037844367100, 0.0000000000000000000 ) ) ;
#8126 = DIRECTION ( 'NONE',  ( -1.000000000000000000, 0.0000000000000000000, 1.672022627447524300E-016 ) ) ;
#8127 = CARTESIAN_POINT ( 'NONE',  ( 4.599999999999999600, 0.5000000000000000000, 0.0000000000000000000 ) ) ;
#8128 = SURFACE_STYLE_FILL_AREA ( #2984 ) ;
#8129 = UNCERTAINTY_MEASURE_WITH_UNIT (LENGTH_MEASURE( 1.000000000000000100E-005 ), #6049, 'distance_accuracy_value', 'NONE');
#8130 = EDGE_LOOP ( 'NONE', ( #2322, #8781, #6171, #4190 ) ) ;
#8131 = ORIENTED_EDGE ( 'NONE', *, *, #4665, .T. ) ;
#8132 = VECTOR ( 'NONE', #9205, 1000.000000000000000 ) ;
#8133 = STYLED_ITEM ( 'NONE', ( #7382 ), #5735 ) ;
#8134 = ORIENTED_EDGE ( 'NONE', *, *, #2318, .T. ) ;
#8135 = ORIENTED_EDGE ( 'NONE', *, *, #7489, .F. ) ;
#8136 = DIRECTION ( 'NONE',  ( 0.0000000000000000000, 0.0000000000000000000, 1.000000000000000000 ) ) ;
#8137 = EDGE_CURVE ( 'NONE', #4128, #3301, #820, .T. ) ;
#8138 = DIRECTION ( 'NONE',  ( -6.044265971272610200E-016, -0.9945218953682734000, 0.1045284632676536800 ) ) ;
#8139 = VERTEX_POINT ( 'NONE', #5567 ) ;
#8140 = ORIENTED_EDGE ( 'NONE', *, *, #8190, .T. ) ;
#8141 = DIRECTION ( 'NONE',  ( 0.0000000000000000000, 0.0000000000000000000, -1.000000000000000000 ) ) ;
#8142 = AXIS2_PLACEMENT_3D ( 'NONE', #8145, #3800, #7439 ) ;
#8143 = UNCERTAINTY_MEASURE_WITH_UNIT (LENGTH_MEASURE( 1.000000000000000100E-005 ), #8431, 'distance_accuracy_value', 'NONE');
#8144 = SURFACE_SIDE_STYLE ('',( #8097 ) ) ;
#8145 = CARTESIAN_POINT ( 'NONE',  ( 3.700000000000001100, 0.5000000000000000000, 0.0000000000000000000 ) ) ;
#8146 = ORIENTED_EDGE ( 'NONE', *, *, #3491, .T. ) ;
#8147 = PLANE ( 'NONE',  #3837 ) ;
#8148 = PRESENTATION_LAYER_ASSIGNMENT (  '', '', ( #9270 ) ) ;
#8149 = VERTEX_POINT ( 'NONE', #3390 ) ;
#8150 = ORIENTED_EDGE ( 'NONE', *, *, #9012, .F. ) ;
#8151 = VECTOR ( 'NONE', #152, 999.9999999999998900 ) ;
#8152 = CARTESIAN_POINT ( 'NONE',  ( -4.949999999999999300, 0.4999999999998842000, 5.087499999999998600 ) ) ;
#8153 = FACE_OUTER_BOUND ( 'NONE', #8072, .T. ) ;
#8154 = ADVANCED_FACE ( 'NONE', ( #4414 ), #6257, .F. ) ;
#8155 = VERTEX_POINT ( 'NONE', #2025 ) ;
#8156 = CARTESIAN_POINT ( 'NONE',  ( -3.400000000000000400, 0.0000000000000000000, 3.787499999999999200 ) ) ;
#8157 = ORIENTED_EDGE ( 'NONE', *, *, #8549, .F. ) ;
#8158 = SURFACE_STYLE_USAGE ( .BOTH. , #8832 ) ;
#8159 = PLANE ( 'NONE',  #8187 ) ;
#8160 =( GEOMETRIC_REPRESENTATION_CONTEXT ( 3 ) GLOBAL_UNCERTAINTY_ASSIGNED_CONTEXT ( ( #4485 ) ) GLOBAL_UNIT_ASSIGNED_CONTEXT ( ( #949, #2402, #7463 ) ) REPRESENTATION_CONTEXT ( 'NONE', 'WORKASPACE' ) );
#8161 = CIRCLE ( 'NONE', #958, 0.04999999999999991300 ) ;
#8162 = DIRECTION ( 'NONE',  ( 1.000000000000000000, 0.0000000000000000000, -0.0000000000000000000 ) ) ;
#8163 = PRESENTATION_LAYER_ASSIGNMENT (  '', '', ( #6162 ) ) ;
#8164 = ORIENTED_EDGE ( 'NONE', *, *, #7556, .T. ) ;
#8165 = DIRECTION ( 'NONE',  ( 0.5000000000000034400, 0.8660254037844367100, 0.0000000000000000000 ) ) ;
#8166 = DIRECTION ( 'NONE',  ( 0.9986295347545740600, 0.05233595624294079500, -1.669731178547042200E-016 ) ) ;
#8167 = ORIENTED_EDGE ( 'NONE', *, *, #2211, .F. ) ;
#8168 = LINE ( 'NONE', #6641, #3823 ) ;
#8169 = EDGE_CURVE ( 'NONE', #1416, #8339, #7602, .T. ) ;
#8170 = CARTESIAN_POINT ( 'NONE',  ( -4.949999999999999300, 0.4999999999998839800, 5.187499999999999100 ) ) ;
#8171 = AXIS2_PLACEMENT_3D ( 'NONE', #5680, #487, #8522 ) ;
#8172 = VERTEX_POINT ( 'NONE', #7023 ) ;
#8173 =( NAMED_UNIT ( * ) PLANE_ANGLE_UNIT ( ) SI_UNIT ( $, .RADIAN. ) );
#8174 = VECTOR ( 'NONE', #7287, 1000.000000000000000 ) ;
#8175 = VERTEX_POINT ( 'NONE', #7695 ) ;
#8176 = SURFACE_STYLE_FILL_AREA ( #6572 ) ;
#8177 = CARTESIAN_POINT ( 'NONE',  ( 0.0000000000000000000, 2.205233595624294100, 5.098132494094493900 ) ) ;
#8178 = CARTESIAN_POINT ( 'NONE',  ( 4.601000000000000900, 0.02000000000000018100, 5.137499999999998400 ) ) ;
#8179 = CARTESIAN_POINT ( 'NONE',  ( -4.150999999999999800, 0.5010000000000000000, -2.598500000000003100 ) ) ;
#8180 = LINE ( 'NONE', #3646, #678 ) ;
#8181 = EDGE_CURVE ( 'NONE', #4784, #3507, #7377, .T. ) ;
#8182 = PLANE ( 'NONE',  #6173 ) ;
#8183 = VERTEX_POINT ( 'NONE', #1998 ) ;
#8184 = CARTESIAN_POINT ( 'NONE',  ( 4.670000000000001700, 0.5000000000000000000, 1.007499999999999600 ) ) ;
#8185 = VECTOR ( 'NONE', #7254, 1000.000000000000000 ) ;
#8186 = ORIENTED_EDGE ( 'NONE', *, *, #9132, .F. ) ;
#8187 = AXIS2_PLACEMENT_3D ( 'NONE', #5273, #7453, #911 ) ;
#8188 = DIRECTION ( 'NONE',  ( 0.0000000000000000000, 0.0000000000000000000, -1.000000000000000000 ) ) ;
#8189 = VERTEX_POINT ( 'NONE', #4751 ) ;
#8190 = EDGE_CURVE ( 'NONE', #1674, #2079, #2509, .T. ) ;
#8191 = LINE ( 'NONE', #4372, #1477 ) ;
#8192 = DIRECTION ( 'NONE',  ( -1.000000000000000000, 0.0000000000000000000, 0.0000000000000000000 ) ) ;
#8193 = FACE_OUTER_BOUND ( 'NONE', #5585, .T. ) ;
#8194 = ADVANCED_FACE ( 'NONE', ( #7488 ), #1242, .F. ) ;
#8195 = VECTOR ( 'NONE', #2748, 1000.000000000000000 ) ;
#8196 =( NAMED_UNIT ( * ) SI_UNIT ( $, .STERADIAN. ) SOLID_ANGLE_UNIT ( ) );
#8197 = FILL_AREA_STYLE ('',( #6637 ) ) ;
#8198 = DIRECTION ( 'NONE',  ( 1.000000000000000000, 0.0000000000000000000, 0.0000000000000000000 ) ) ;
#8199 = VERTEX_POINT ( 'NONE', #9159 ) ;
#8200 = VECTOR ( 'NONE', #5857, 1000.000000000000000 ) ;
#8201 = ORIENTED_EDGE ( 'NONE', *, *, #6111, .T. ) ;
#8202 = SURFACE_STYLE_USAGE ( .BOTH. , #8821 ) ;
#8203 = DIRECTION ( 'NONE',  ( 1.000000000000000000, 0.0000000000000000000, 0.0000000000000000000 ) ) ;
#8204 = EDGE_CURVE ( 'NONE', #7070, #167, #4184, .T. ) ;
#8205 = LINE ( 'NONE', #2407, #4526 ) ;
#8206 = SURFACE_SIDE_STYLE ('',( #8463 ) ) ;
#8207 = FACE_OUTER_BOUND ( 'NONE', #2991, .T. ) ;
#8208 = DIRECTION ( 'NONE',  ( -1.000000000000000000, 0.0000000000000000000, 0.0000000000000000000 ) ) ;
#8209 = ORIENTED_EDGE ( 'NONE', *, *, #6129, .T. ) ;
#8210 = ORIENTED_EDGE ( 'NONE', *, *, #3955, .T. ) ;
#8211 = AXIS2_PLACEMENT_3D ( 'NONE', #413, #8373, #6858 ) ;
#8212 = AXIS2_PLACEMENT_3D ( 'NONE', #5880, #4347, #2350 ) ;
#8213 = CARTESIAN_POINT ( 'NONE',  ( 2.598999999999999800, 0.5010000000000000000, 4.588499999999999800 ) ) ;
#8214 = LINE ( 'NONE', #8673, #1173 ) ;
#8215 = CARTESIAN_POINT ( 'NONE',  ( 2.201000000000000100, 0.02000000000000000000, 0.0000000000000000000 ) ) ;
#8216 = VECTOR ( 'NONE', #9221, 1000.000000000000000 ) ;
#8217 = LINE ( 'NONE', #8622, #3203 ) ;
#8218 = DIRECTION ( 'NONE',  ( 0.0000000000000000000, 0.0000000000000000000, 1.000000000000000000 ) ) ;
#8219 = ORIENTED_EDGE ( 'NONE', *, *, #6212, .F. ) ;
#8220 = VECTOR ( 'NONE', #3704, 1000.000000000000000 ) ;
#8221 = EDGE_CURVE ( 'NONE', #6122, #1226, #6563, .T. ) ;
#8222 = LINE ( 'NONE', #1708, #5907 ) ;
#8223 = PRESENTATION_LAYER_ASSIGNMENT (  '', '', ( #7982 ) ) ;
#8224 = SURFACE_STYLE_FILL_AREA ( #8707 ) ;
#8225 = ORIENTED_EDGE ( 'NONE', *, *, #8496, .F. ) ;
#8226 = FACE_OUTER_BOUND ( 'NONE', #1527, .T. ) ;
#8227 = DIRECTION ( 'NONE',  ( 0.0000000000000000000, 0.0000000000000000000, 1.000000000000000000 ) ) ;
#8228 = VERTEX_POINT ( 'NONE', #7963 ) ;
#8229 = ORIENTED_EDGE ( 'NONE', *, *, #104, .F. ) ;
#8230 =( NAMED_UNIT ( * ) SI_UNIT ( $, .STERADIAN. ) SOLID_ANGLE_UNIT ( ) );
#8231 = EDGE_CURVE ( 'NONE', #3359, #782, #1605, .T. ) ;
#8232 = CARTESIAN_POINT ( 'NONE',  ( -1.000999999999999900, 0.5010000000000000000, 3.786499999999998900 ) ) ;
#8233 = EDGE_LOOP ( 'NONE', ( #7276, #4704, #9124, #2300, #7921, #8146, #8334, #8834 ) ) ;
#8234 = ORIENTED_EDGE ( 'NONE', *, *, #2770, .T. ) ;
#8235 = ORIENTED_EDGE ( 'NONE', *, *, #1703, .F. ) ;
#8236 = ORIENTED_EDGE ( 'NONE', *, *, #3354, .T. ) ;
#8237 = DIRECTION ( 'NONE',  ( -0.0000000000000000000, 0.9986295347545740600, -0.05233595624294079500 ) ) ;
#8238 = ADVANCED_FACE ( 'NONE', ( #2735 ), #5106, .F. ) ;
#8239 = STYLED_ITEM ( 'NONE', ( #7614 ), #5158 ) ;
#8240 = DIRECTION ( 'NONE',  ( 0.0000000000000000000, 0.0000000000000000000, 1.000000000000000000 ) ) ;
#8241 = UNCERTAINTY_MEASURE_WITH_UNIT (LENGTH_MEASURE( 1.000000000000000100E-005 ), #7749, 'distance_accuracy_value', 'NONE');
#8242 = VERTEX_POINT ( 'NONE', #2979 ) ;
#8243 = FACE_OUTER_BOUND ( 'NONE', #6959, .T. ) ;
#8244 = EDGE_CURVE ( 'NONE', #8034, #7403, #7844, .T. ) ;
#8245 = CARTESIAN_POINT ( 'NONE',  ( 4.150000000000000400, 0.5000000000000000000, -2.597500000000002800 ) ) ;
#8246 = VECTOR ( 'NONE', #9293, 1000.000000000000000 ) ;
#8247 = CARTESIAN_POINT ( 'NONE',  ( 4.285792174306892300, 2.250000000000000000, -2.142499999999999600 ) ) ;
#8248 = VERTEX_POINT ( 'NONE', #2248 ) ;
#8249 = SURFACE_SIDE_STYLE ('',( #7927 ) ) ;
#8250 = ORIENTED_EDGE ( 'NONE', *, *, #3730, .T. ) ;
#8251 = CARTESIAN_POINT ( 'NONE',  ( 0.0000000000000000000, 0.5000000000000000000, -5.237500000000000700 ) ) ;
#8252 = ORIENTED_EDGE ( 'NONE', *, *, #8399, .T. ) ;
#8253 = VERTEX_POINT ( 'NONE', #1521 ) ;
#8254 = VECTOR ( 'NONE', #4497, 1000.000000000000000 ) ;
#8255 = CARTESIAN_POINT ( 'NONE',  ( 3.400000000000000400, 0.0000000000000000000, 5.787499999999999600 ) ) ;
#8256 = EDGE_CURVE ( 'NONE', #835, #7527, #7029, .T. ) ;
#8257 = CARTESIAN_POINT ( 'NONE',  ( 4.250000000000000000, 0.5000000000000000000, -2.597500000000002800 ) ) ;
#8258 = ORIENTED_EDGE ( 'NONE', *, *, #379, .F. ) ;
#8259 = SURFACE_STYLE_USAGE ( .BOTH. , #8144 ) ;
#8260 = LINE ( 'NONE', #7526, #2917 ) ;
#8261 = FILL_AREA_STYLE_COLOUR ( '', #83 ) ;
#8262 = AXIS2_PLACEMENT_3D ( 'NONE', #1747, #8999, #8877 ) ;
#8263 = ORIENTED_EDGE ( 'NONE', *, *, #400, .T. ) ;
#8264 = DIRECTION ( 'NONE',  ( 0.0000000000000000000, 0.0000000000000000000, 1.000000000000000000 ) ) ;
#8265 = ORIENTED_EDGE ( 'NONE', *, *, #692, .F. ) ;
#8266 = EDGE_CURVE ( 'NONE', #3703, #2789, #1376, .T. ) ;
#8267 = CARTESIAN_POINT ( 'NONE',  ( 0.1999999999999999300, 0.5000000000000000000, 0.0000000000000000000 ) ) ;
#8268 = CARTESIAN_POINT ( 'NONE',  ( 2.200000000000000200, 0.0000000000000000000, 5.787499999999999600 ) ) ;
#8269 = DIRECTION ( 'NONE',  ( 1.000000000000000000, 0.0000000000000000000, -0.0000000000000000000 ) ) ;
#8270 = CARTESIAN_POINT ( 'NONE',  ( 4.250000000000000000, 0.5000000000000000000, 1.102499999999997600 ) ) ;
#8271 = AXIS2_PLACEMENT_3D ( 'NONE', #8419, #4803, #454 ) ;
#8272 = ORIENTED_EDGE ( 'NONE', *, *, #8837, .T. ) ;
#8273 = CARTESIAN_POINT ( 'NONE',  ( -4.730000000000000400, 0.5000000000000000000, -2.297500000000003000 ) ) ;
#8274 = VECTOR ( 'NONE', #9364, 1000.000000000000000 ) ;
#8275 = CARTESIAN_POINT ( 'NONE',  ( 0.0000000000000000000, 0.02000000000000000000, 3.786499999999998900 ) ) ;
#8276 = ORIENTED_EDGE ( 'NONE', *, *, #3173, .F. ) ;
#8277 = CARTESIAN_POINT ( 'NONE',  ( 3.400000000000000400, 0.5000000000000000000, 5.787499999999999600 ) ) ;
#8278 = ADVANCED_FACE ( 'NONE', ( #5211 ), #8933, .F. ) ;
#8279 = EDGE_CURVE ( 'NONE', #5804, #8574, #354, .T. ) ;
#8280 = VERTEX_POINT ( 'NONE', #4203 ) ;
#8281 = CARTESIAN_POINT ( 'NONE',  ( -4.150999999999999800, 0.01999999999999999700, -4.986500000000003000 ) ) ;
#8282 = COLOUR_RGB ( '',0.7529411764705882200, 0.7529411764705882200, 0.7529411764705882200 ) ;
#8283 = SURFACE_SIDE_STYLE ('',( #5449 ) ) ;
#8284 = SURFACE_SIDE_STYLE ('',( #6987 ) ) ;
#8285 =( GEOMETRIC_REPRESENTATION_CONTEXT ( 3 ) GLOBAL_UNCERTAINTY_ASSIGNED_CONTEXT ( ( #5489 ) ) GLOBAL_UNIT_ASSIGNED_CONTEXT ( ( #9025, #2468, #4654 ) ) REPRESENTATION_CONTEXT ( 'NONE', 'WORKASPACE' ) );
#8286 = ORIENTED_EDGE ( 'NONE', *, *, #5087, .T. ) ;
#8287 = CARTESIAN_POINT ( 'NONE',  ( 0.0000000000000000000, 0.02000000000000000000, -2.598500000000003100 ) ) ;
#8288 = VECTOR ( 'NONE', #1689, 1000.000000000000000 ) ;
#8289 = EDGE_CURVE ( 'NONE', #3996, #7071, #6442, .T. ) ;
#8290 = LINE ( 'NONE', #8012, #6888 ) ;
#8291 = ORIENTED_EDGE ( 'NONE', *, *, #4186, .T. ) ;
#8292 = VECTOR ( 'NONE', #329, 1000.000000000000000 ) ;
#8293 = FACE_OUTER_BOUND ( 'NONE', #4986, .T. ) ;
#8294 = CARTESIAN_POINT ( 'NONE',  ( -4.251000000000000300, 0.5010000000000000000, -2.298500000000003300 ) ) ;
#8295 =( BOUNDED_CURVE ( )  B_SPLINE_CURVE ( 3, ( #1588, #8751, #8842, #2279 ),
 .UNSPECIFIED., .F., .F. ) 
 B_SPLINE_CURVE_WITH_KNOTS ( ( 4, 4 ),
 ( 2.357564486642779400, 3.925620820536798000 ),
 .UNSPECIFIED. ) 
 CURVE ( )  GEOMETRIC_REPRESENTATION_ITEM ( )  RATIONAL_B_SPLINE_CURVE ( ( 1.000000000000000000, 0.8053832340553356300, 0.8053832340553356300, 1.000000000000000000 ) ) 
 REPRESENTATION_ITEM ( '' )  );
#8296 = FILL_AREA_STYLE_COLOUR ( '', #7003 ) ;
#8297 = VECTOR ( 'NONE', #8240, 1000.000000000000000 ) ;
#8298 = STYLED_ITEM ( 'NONE', ( #1484 ), #5970 ) ;
#8299 = VERTEX_POINT ( 'NONE', #1440 ) ;
#8300 = VECTOR ( 'NONE', #50, 1000.000000000000000 ) ;
#8301 = ORIENTED_EDGE ( 'NONE', *, *, #617, .F. ) ;
#8302 = VECTOR ( 'NONE', #1663, 1000.000000000000000 ) ;
#8303 = EDGE_CURVE ( 'NONE', #9237, #3447, #7146, .T. ) ;
#8304 = CARTESIAN_POINT ( 'NONE',  ( 0.0000000000000000000, 0.0000000000000000000, 5.787499999999999600 ) ) ;
#8305 = AXIS2_PLACEMENT_3D ( 'NONE', #2473, #7562, #1078 ) ;
#8306 = LINE ( 'NONE', #5987, #3195 ) ;
#8307 = ORIENTED_EDGE ( 'NONE', *, *, #8956, .T. ) ;
#8308 = VECTOR ( 'NONE', #4266, 1000.000000000000000 ) ;
#8309 = DIRECTION ( 'NONE',  ( -0.0000000000000000000, 0.0000000000000000000, 1.000000000000000000 ) ) ;
#8310 = MECHANICAL_DESIGN_GEOMETRIC_PRESENTATION_REPRESENTATION (  '', ( #4211 ), #5506 ) ;
#8311 = STYLED_ITEM ( 'NONE', ( #9376 ), #6678 ) ;
#8312 = CARTESIAN_POINT ( 'NONE',  ( -4.949999999999999300, 2.299999999999999800, 5.187499999999999100 ) ) ;
#8313 = EDGE_CURVE ( 'NONE', #2114, #393, #6339, .T. ) ;
#8314 = ORIENTED_EDGE ( 'NONE', *, *, #7279, .T. ) ;
#8315 = VECTOR ( 'NONE', #3508, 999.9999999999998900 ) ;
#8316 = ORIENTED_EDGE ( 'NONE', *, *, #2786, .T. ) ;
#8317 = DIRECTION ( 'NONE',  ( 1.000000000000000000, 0.0000000000000000000, 0.0000000000000000000 ) ) ;
#8318 = PLANE ( 'NONE',  #8674 ) ;
#8319 = ADVANCED_FACE ( 'NONE', ( #6680 ), #2844, .T. ) ;
#8320 = AXIS2_PLACEMENT_3D ( 'NONE', #6939, #8428, #3383 ) ;
#8321 = LINE ( 'NONE', #3921, #9325 ) ;
#8322 =( GEOMETRIC_REPRESENTATION_CONTEXT ( 3 ) GLOBAL_UNCERTAINTY_ASSIGNED_CONTEXT ( ( #8805 ) ) GLOBAL_UNIT_ASSIGNED_CONTEXT ( ( #6437, #1061, #1736 ) ) REPRESENTATION_CONTEXT ( 'NONE', 'WORKASPACE' ) );
#8323 = ORIENTED_EDGE ( 'NONE', *, *, #2937, .T. ) ;
#8324 = ORIENTED_EDGE ( 'NONE', *, *, #4701, .T. ) ;
#8325 =( LENGTH_UNIT ( ) NAMED_UNIT ( * ) SI_UNIT ( .MILLI., .METRE. ) );
#8326 = CARTESIAN_POINT ( 'NONE',  ( 1.000000000000000000, 0.0000000000000000000, 5.787499999999999600 ) ) ;
#8327 = DIRECTION ( 'NONE',  ( 1.000000000000000000, 0.0000000000000000000, -0.0000000000000000000 ) ) ;
#8328 = EDGE_CURVE ( 'NONE', #1522, #1698, #5091, .T. ) ;
#8329 = SURFACE_STYLE_FILL_AREA ( #1292 ) ;
#8330 = ORIENTED_EDGE ( 'NONE', *, *, #1758, .T. ) ;
#8331 =( GEOMETRIC_REPRESENTATION_CONTEXT ( 3 ) GLOBAL_UNCERTAINTY_ASSIGNED_CONTEXT ( ( #1331 ) ) GLOBAL_UNIT_ASSIGNED_CONTEXT ( ( #8060, #2998, #5894 ) ) REPRESENTATION_CONTEXT ( 'NONE', 'WORKASPACE' ) );
#8332 = ORIENTED_EDGE ( 'NONE', *, *, #482, .T. ) ;
#8333 = PRODUCT_DEFINITION_CONTEXT ( 'detailed design', #4017, 'design' ) ;
#8334 = ORIENTED_EDGE ( 'NONE', *, *, #2436, .T. ) ;
#8335 = CARTESIAN_POINT ( 'NONE',  ( 4.251000000000000300, 0.02000000000000000000, 0.0000000000000000000 ) ) ;
#8336 = CARTESIAN_POINT ( 'NONE',  ( -4.424999999999999800, 0.0000000000000000000, 5.557499999999999200 ) ) ;
#8337 = CARTESIAN_POINT ( 'NONE',  ( -3.700000000000001100, 0.5000000000000000000, -5.587500000000003000 ) ) ;
#8338 = ORIENTED_EDGE ( 'NONE', *, *, #6596, .F. ) ;
#8339 = VERTEX_POINT ( 'NONE', #172 ) ;
#8340 = COLOUR_RGB ( '',0.7529411764705882200, 0.7529411764705882200, 0.7529411764705882200 ) ;
#8341 = FILL_AREA_STYLE ('',( #2526 ) ) ;
#8342 = EDGE_CURVE ( 'NONE', #3334, #8242, #125, .T. ) ;
#8343 =( BOUNDED_CURVE ( )  B_SPLINE_CURVE ( 3, ( #7956, #1337, #4942, #8835 ),
 .UNSPECIFIED., .F., .F. ) 
 B_SPLINE_CURVE_WITH_KNOTS ( ( 4, 4 ),
 ( 3.141592653589791800, 4.660029102824852400 ),
 .UNSPECIFIED. ) 
 CURVE ( )  GEOMETRIC_REPRESENTATION_ITEM ( )  RATIONAL_B_SPLINE_CURVE ( ( 1.000000000000000000, 0.8169162473415264600, 0.8169162473415264600, 1.000000000000000000 ) ) 
 REPRESENTATION_ITEM ( '' )  );
#8344 = ORIENTED_EDGE ( 'NONE', *, *, #5589, .T. ) ;
#8345 = ORIENTED_EDGE ( 'NONE', *, *, #6084, .F. ) ;
#8346 = DIRECTION ( 'NONE',  ( 0.0000000000000000000, 1.000000000000000000, -0.0000000000000000000 ) ) ;
#8347 = CARTESIAN_POINT ( 'NONE',  ( 4.150999999999999800, 0.5010000000000000000, -4.986500000000002200 ) ) ;
#8348 = AXIS2_PLACEMENT_3D ( 'NONE', #6380, #4888, #2763 ) ;
#8349 = ORIENTED_EDGE ( 'NONE', *, *, #9352, .T. ) ;
#8350 = EDGE_CURVE ( 'NONE', #6054, #5925, #3748, .T. ) ;
#8351 = DIRECTION ( 'NONE',  ( 0.0000000000000000000, 0.0000000000000000000, -1.000000000000000000 ) ) ;
#8352 = ORIENTED_EDGE ( 'NONE', *, *, #8169, .F. ) ;
#8353 = ORIENTED_EDGE ( 'NONE', *, *, #4433, .T. ) ;
#8354 = LINE ( 'NONE', #5171, #4800 ) ;
#8355 = UNCERTAINTY_MEASURE_WITH_UNIT (LENGTH_MEASURE( 1.000000000000000100E-005 ), #6693, 'distance_accuracy_value', 'NONE');
#8356 = VECTOR ( 'NONE', #39, 1000.000000000000000 ) ;
#8357 =( NAMED_UNIT ( * ) PLANE_ANGLE_UNIT ( ) SI_UNIT ( $, .RADIAN. ) );
#8358 = ORIENTED_EDGE ( 'NONE', *, *, #3063, .T. ) ;
#8359 = CARTESIAN_POINT ( 'NONE',  ( -3.401000000000000200, 0.01999999999999999700, 3.786499999999998900 ) ) ;
#8360 = ORIENTED_EDGE ( 'NONE', *, *, #1424, .F. ) ;
#8361 = ADVANCED_FACE ( 'NONE', ( #576, #8971 ), #8545, .T. ) ;
#8362 = CARTESIAN_POINT ( 'NONE',  ( 4.251000000000000300, 0.5010000000000000000, -4.986500000000002200 ) ) ;
#8363 = VECTOR ( 'NONE', #6234, 1000.000000000000000 ) ;
#8364 = CARTESIAN_POINT ( 'NONE',  ( -3.799999999999999400, 0.5000000000000000000, 5.787499999999999600 ) ) ;
#8365 = EDGE_CURVE ( 'NONE', #2106, #7900, #3527, .T. ) ;
#8366 = ORIENTED_EDGE ( 'NONE', *, *, #6504, .T. ) ;
#8367 =( NAMED_UNIT ( * ) SI_UNIT ( $, .STERADIAN. ) SOLID_ANGLE_UNIT ( ) );
#8368 = ORIENTED_EDGE ( 'NONE', *, *, #4336, .T. ) ;
#8369 =( NAMED_UNIT ( * ) SI_UNIT ( $, .STERADIAN. ) SOLID_ANGLE_UNIT ( ) );
#8370 = VECTOR ( 'NONE', #8218, 1000.000000000000000 ) ;
#8371 = AXIS2_PLACEMENT_3D ( 'NONE', #2518, #4616, #3169 ) ;
#8372 = EDGE_LOOP ( 'NONE', ( #6779, #7421, #4565, #2457 ) ) ;
#8373 = DIRECTION ( 'NONE',  ( 0.0000000000000000000, 0.05233595624294079500, 0.9986295347545740600 ) ) ;
#8374 = VECTOR ( 'NONE', #8827, 1000.000000000000000 ) ;
#8375 = FILL_AREA_STYLE_COLOUR ( '', #2422 ) ;
#8376 = COLOUR_RGB ( '',0.2509803921568627400, 0.2509803921568627400, 0.2509803921568627400 ) ;
#8377 = ORIENTED_EDGE ( 'NONE', *, *, #143, .T. ) ;
#8378 = LINE ( 'NONE', #7912, #1568 ) ;
#8379 = SURFACE_STYLE_FILL_AREA ( #8341 ) ;
#8380 = EDGE_CURVE ( 'NONE', #7608, #5925, #8627, .T. ) ;
#8381 =( LENGTH_UNIT ( ) NAMED_UNIT ( * ) SI_UNIT ( .MILLI., .METRE. ) );
#8382 = FILL_AREA_STYLE ('',( #6163 ) ) ;
#8383 = ORIENTED_EDGE ( 'NONE', *, *, #8303, .F. ) ;
#8384 =( NAMED_UNIT ( * ) SI_UNIT ( $, .STERADIAN. ) SOLID_ANGLE_UNIT ( ) );
#8385 = PRESENTATION_LAYER_ASSIGNMENT (  '', '', ( #4472 ) ) ;
#8386 = STYLED_ITEM ( 'NONE', ( #4963 ), #9220 ) ;
#8387 = ORIENTED_EDGE ( 'NONE', *, *, #914, .T. ) ;
#8388 = CARTESIAN_POINT ( 'NONE',  ( 0.0000000000000000000, 0.5000000000000000000, 0.0000000000000000000 ) ) ;
#8389 = LINE ( 'NONE', #3766, #6432 ) ;
#8390 = EDGE_CURVE ( 'NONE', #7322, #8616, #9307, .T. ) ;
#8391 = DIRECTION ( 'NONE',  ( 0.0000000000000000000, 0.0000000000000000000, 1.000000000000000000 ) ) ;
#8392 = CARTESIAN_POINT ( 'NONE',  ( -3.799999999999999400, 0.5000000000000000000, 3.787499999999999200 ) ) ;
#8393 = ORIENTED_EDGE ( 'NONE', *, *, #6545, .T. ) ;
#8394 = CARTESIAN_POINT ( 'NONE',  ( 0.0000000000000000000, 0.0000000000000000000, 5.787499999999999600 ) ) ;
#8395 = ORIENTED_EDGE ( 'NONE', *, *, #1037, .T. ) ;
#8396 = CARTESIAN_POINT ( 'NONE',  ( 4.940964184599013500, 0.05357209431680695600, -5.184724187815824300 ) ) ;
#8397 = AXIS2_PLACEMENT_3D ( 'NONE', #4662, #3332, #4040 ) ;
#8398 =( NAMED_UNIT ( * ) SI_UNIT ( $, .STERADIAN. ) SOLID_ANGLE_UNIT ( ) );
#8399 = EDGE_CURVE ( 'NONE', #3806, #2626, #7594, .T. ) ;
#8400 =( BOUNDED_CURVE ( )  B_SPLINE_CURVE ( 3, ( #4090, #3356, #1130, #8466 ),
 .UNSPECIFIED., .F., .F. ) 
 B_SPLINE_CURVE_WITH_KNOTS ( ( 4, 4 ),
 ( 5.823366606721774200, 7.388692309149528000 ),
 .UNSPECIFIED. ) 
 CURVE ( )  GEOMETRIC_REPRESENTATION_ITEM ( )  RATIONAL_B_SPLINE_CURVE ( ( 1.000000000000000000, 0.8060255275382007800, 0.8060255275382007800, 1.000000000000000000 ) ) 
 REPRESENTATION_ITEM ( '' )  );
#8401 = DIRECTION ( 'NONE',  ( 1.000000000000000000, 0.0000000000000000000, -0.0000000000000000000 ) ) ;
#8402 = PRESENTATION_STYLE_ASSIGNMENT (( #8158 ) ) ;
#8403 = ADVANCED_FACE ( 'NONE', ( #7365 ), #7603, .F. ) ;
#8404 = ORIENTED_EDGE ( 'NONE', *, *, #7499, .F. ) ;
#8405 = CIRCLE ( 'NONE', #5334, 0.04999999999999985000 ) ;
#8406 = VERTEX_POINT ( 'NONE', #5395 ) ;
#8407 = CARTESIAN_POINT ( 'NONE',  ( 0.0000000000000000000, 0.5000000000000000000, -2.597500000000002800 ) ) ;
#8408 = DIRECTION ( 'NONE',  ( -1.000000000000000000, 0.0000000000000000000, -0.0000000000000000000 ) ) ;
#8409 = SURFACE_SIDE_STYLE ('',( #4830 ) ) ;
#8410 = FILL_AREA_STYLE_COLOUR ( '', #3610 ) ;
#8411 = PRESENTATION_LAYER_ASSIGNMENT (  '', '', ( #7066 ) ) ;
#8412 = CARTESIAN_POINT ( 'NONE',  ( -0.5999999999999999800, 0.5000000000000000000, 0.0000000000000000000 ) ) ;
#8413 = LINE ( 'NONE', #4779, #2400 ) ;
#8414 = CARTESIAN_POINT ( 'NONE',  ( 4.150000000000000400, 0.0000000000000000000, 0.0000000000000000000 ) ) ;
#8415 = CARTESIAN_POINT ( 'NONE',  ( 4.250000000000000000, 0.5000000000000000000, -5.237500000000000700 ) ) ;
#8416 = EDGE_LOOP ( 'NONE', ( #5139, #9249, #3488, #6201 ) ) ;
#8417 = COLOUR_RGB ( '',0.7529411764705882200, 0.7529411764705882200, 0.7529411764705882200 ) ;
#8418 = VERTEX_POINT ( 'NONE', #1059 ) ;
#8419 = CARTESIAN_POINT ( 'NONE',  ( 0.0000000000000000000, 2.200000000000000200, 4.998269540619037200 ) ) ;
#8420 = EDGE_CURVE ( 'NONE', #1686, #8570, #1027, .T. ) ;
#8421 = COLOUR_RGB ( '',0.7529411764705882200, 0.7529411764705882200, 0.7529411764705882200 ) ;
#8422 = ADVANCED_FACE ( 'NONE', ( #5996 ), #3956, .F. ) ;
#8423 =( NAMED_UNIT ( * ) PLANE_ANGLE_UNIT ( ) SI_UNIT ( $, .RADIAN. ) );
#8424 = PRESENTATION_LAYER_ASSIGNMENT (  '', '', ( #2461 ) ) ;
#8425 = LINE ( 'NONE', #762, #5794 ) ;
#8426 = LINE ( 'NONE', #324, #7616 ) ;
#8427 = CIRCLE ( 'NONE', #2274, 0.04999999999999969700 ) ;
#8428 = DIRECTION ( 'NONE',  ( -1.000000000000000000, -0.0000000000000000000, 0.0000000000000000000 ) ) ;
#8429 = DIRECTION ( 'NONE',  ( -0.8660254037844367100, 0.5000000000000034400, 0.0000000000000000000 ) ) ;
#8430 = ORIENTED_EDGE ( 'NONE', *, *, #3167, .F. ) ;
#8431 =( LENGTH_UNIT ( ) NAMED_UNIT ( * ) SI_UNIT ( .MILLI., .METRE. ) );
#8432 = AXIS2_PLACEMENT_3D ( 'NONE', #8712, #7272, #5070 ) ;
#8433 = DIRECTION ( 'NONE',  ( 0.0000000000000000000, 0.0000000000000000000, 1.000000000000000000 ) ) ;
#8434 = STYLED_ITEM ( 'NONE', ( #1875 ), #7292 ) ;
#8435 = LINE ( 'NONE', #3258, #2753 ) ;
#8436 = DIRECTION ( 'NONE',  ( 0.0000000000000000000, -0.0000000000000000000, 1.000000000000000000 ) ) ;
#8437 = VECTOR ( 'NONE', #4151, 1000.000000000000000 ) ;
#8438 = EDGE_LOOP ( 'NONE', ( #7170, #314, #5563, #15 ) ) ;
#8439 = LINE ( 'NONE', #7882, #43 ) ;
#8440 = VECTOR ( 'NONE', #6128, 1000.000000000000000 ) ;
#8441 = DIRECTION ( 'NONE',  ( -1.000000000000000000, -0.0000000000000000000, 0.0000000000000000000 ) ) ;
#8442 = EDGE_LOOP ( 'NONE', ( #352, #4868, #390, #1325 ) ) ;
#8443 = DIRECTION ( 'NONE',  ( -1.000000000000000000, 0.0000000000000000000, 0.0000000000000000000 ) ) ;
#8444 = CARTESIAN_POINT ( 'NONE',  ( 0.1989999999999995100, 2.299999999999999800, 5.187499999999999100 ) ) ;
#8445 = CARTESIAN_POINT ( 'NONE',  ( 0.0000000000000000000, 0.02000000000000000000, 4.588499999999999800 ) ) ;
#8446 =( GEOMETRIC_REPRESENTATION_CONTEXT ( 3 ) GLOBAL_UNCERTAINTY_ASSIGNED_CONTEXT ( ( #265 ) ) GLOBAL_UNIT_ASSIGNED_CONTEXT ( ( #760, #7924, #5802 ) ) REPRESENTATION_CONTEXT ( 'NONE', 'WORKASPACE' ) );
#8447 = VECTOR ( 'NONE', #5112, 1000.000000000000000 ) ;
#8448 = STYLED_ITEM ( 'NONE', ( #6654 ), #9389 ) ;
#8449 = ORIENTED_EDGE ( 'NONE', *, *, #429, .T. ) ;
#8450 = ORIENTED_EDGE ( 'NONE', *, *, #6534, .F. ) ;
#8451 =( NAMED_UNIT ( * ) PLANE_ANGLE_UNIT ( ) SI_UNIT ( $, .RADIAN. ) );
#8452 = DIRECTION ( 'NONE',  ( 0.0000000000000000000, 0.0000000000000000000, 1.000000000000000000 ) ) ;
#8453 = ORIENTED_EDGE ( 'NONE', *, *, #898, .T. ) ;
#8454 = DIRECTION ( 'NONE',  ( 0.05205003326639411800, -0.9931737993569248500, -0.1043867726673162200 ) ) ;
#8455 = CARTESIAN_POINT ( 'NONE',  ( 4.857885506151645500, 2.257649248041338400, 1.239482203710382800 ) ) ;
#8456 = ORIENTED_EDGE ( 'NONE', *, *, #8562, .T. ) ;
#8457 = EDGE_CURVE ( 'NONE', #3461, #8120, #7478, .T. ) ;
#8458 = CARTESIAN_POINT ( 'NONE',  ( -3.401000000000000200, 0.07000000000000018700, 5.187499999999999100 ) ) ;
#8459 = AXIS2_PLACEMENT_3D ( 'NONE', #6518, #4996, #755 ) ;
#8460 = ORIENTED_EDGE ( 'NONE', *, *, #91, .F. ) ;
#8461 = ORIENTED_EDGE ( 'NONE', *, *, #9037, .F. ) ;
#8462 = VECTOR ( 'NONE', #1357, 1000.000000000000000 ) ;
#8463 = SURFACE_STYLE_FILL_AREA ( #171 ) ;
#8464 = ORIENTED_EDGE ( 'NONE', *, *, #379, .T. ) ;
#8465 = DIRECTION ( 'NONE',  ( -1.000000000000000000, 0.0000000000000000000, 0.0000000000000000000 ) ) ;
#8466 = CARTESIAN_POINT ( 'NONE',  ( -4.950000000000000200, 0.4999999999998842000, -2.342500377445273500 ) ) ;
#8467 = VERTEX_POINT ( 'NONE', #6893 ) ;
#8468 = CARTESIAN_POINT ( 'NONE',  ( 4.899999999999999500, 0.07000000000000018700, -5.187500000000000900 ) ) ;
#8469 = DIRECTION ( 'NONE',  ( -0.0000000000000000000, -0.0000000000000000000, 1.000000000000000000 ) ) ;
#8470 = ORIENTED_EDGE ( 'NONE', *, *, #7293, .F. ) ;
#8471 = EDGE_CURVE ( 'NONE', #1092, #6458, #8079, .T. ) ;
#8472 = FACE_OUTER_BOUND ( 'NONE', #5746, .T. ) ;
#8473 = CARTESIAN_POINT ( 'NONE',  ( -4.250000000000000000, 0.5000000000000000000, 1.102499999999997600 ) ) ;
#8474 = ORIENTED_EDGE ( 'NONE', *, *, #296, .F. ) ;
#8475 = ADVANCED_FACE ( 'NONE', ( #6328 ), #1091, .F. ) ;
#8476 = CARTESIAN_POINT ( 'NONE',  ( 4.950000000000001100, 0.4999999999998842000, 5.187499999999999100 ) ) ;
#8477 = FACE_OUTER_BOUND ( 'NONE', #5419, .T. ) ;
#8478 = PRESENTATION_LAYER_ASSIGNMENT (  '', '', ( #1181 ) ) ;
#8479 = VECTOR ( 'NONE', #3854, 1000.000000000000000 ) ;
#8480 = ORIENTED_EDGE ( 'NONE', *, *, #1742, .F. ) ;
#8481 = EDGE_CURVE ( 'NONE', #292, #8280, #342, .T. ) ;
#8482 = SURFACE_SIDE_STYLE ('',( #4271 ) ) ;
#8483 = AXIS2_PLACEMENT_3D ( 'NONE', #7020, #5534, #4004 ) ;
#8484 = CARTESIAN_POINT ( 'NONE',  ( -4.601000000000000000, 0.02000000000000000000, 0.0000000000000000000 ) ) ;
#8485 = EDGE_LOOP ( 'NONE', ( #9265, #6047, #7393, #1985, #8210, #8937, #8353, #1188, #4687, #6430, #2440, #5272, #977, #8368, #165, #7141 ) ) ;
#8486 = CYLINDRICAL_SURFACE ( 'NONE', #8600, 0.04999999999999969700 ) ;
#8487 = SURFACE_STYLE_FILL_AREA ( #3758 ) ;
#8488 =( NAMED_UNIT ( * ) SI_UNIT ( $, .STERADIAN. ) SOLID_ANGLE_UNIT ( ) );
#8489 = DIRECTION ( 'NONE',  ( 0.0000000000000000000, 0.0000000000000000000, -1.000000000000000000 ) ) ;
#8490 =( NAMED_UNIT ( * ) SI_UNIT ( $, .STERADIAN. ) SOLID_ANGLE_UNIT ( ) );
#8491 = MECHANICAL_DESIGN_GEOMETRIC_PRESENTATION_REPRESENTATION (  '', ( #7009 ), #1501 ) ;
#8492 =( NAMED_UNIT ( * ) SI_UNIT ( $, .STERADIAN. ) SOLID_ANGLE_UNIT ( ) );
#8493 = SURFACE_STYLE_FILL_AREA ( #776 ) ;
#8494 = CARTESIAN_POINT ( 'NONE',  ( -4.929407305613745300, 0.5000000000000000000, 1.007500000000000100 ) ) ;
#8495 = FILL_AREA_STYLE ('',( #8823 ) ) ;
#8496 = EDGE_CURVE ( 'NONE', #2837, #8299, #697, .T. ) ;
#8497 = DIRECTION ( 'NONE',  ( 1.000000000000000000, 0.0000000000000000000, -0.0000000000000000000 ) ) ;
#8498 = CIRCLE ( 'NONE', #4142, 0.04999999999999989900 ) ;
#8499 = CARTESIAN_POINT ( 'NONE',  ( -0.1989999999999995100, 0.02000000000000018100, 5.137499999999999300 ) ) ;
#8500 = ORIENTED_EDGE ( 'NONE', *, *, #7059, .F. ) ;
#8501 = LINE ( 'NONE', #784, #7124 ) ;
#8502 = DIRECTION ( 'NONE',  ( 0.0000000000000000000, -0.05233595624294126000, 0.9986295347545739400 ) ) ;
#8503 = ORIENTED_EDGE ( 'NONE', *, *, #4960, .T. ) ;
#8504 = DIRECTION ( 'NONE',  ( 1.000000000000000000, 0.0000000000000000000, 0.0000000000000000000 ) ) ;
#8505 =( GEOMETRIC_REPRESENTATION_CONTEXT ( 3 ) GLOBAL_UNCERTAINTY_ASSIGNED_CONTEXT ( ( #4141 ) ) GLOBAL_UNIT_ASSIGNED_CONTEXT ( ( #8325, #8980, #3280 ) ) REPRESENTATION_CONTEXT ( 'NONE', 'WORKASPACE' ) );
#8506 = DIRECTION ( 'NONE',  ( -0.0000000000000000000, -1.000000000000000000, -0.0000000000000000000 ) ) ;
#8507 = CARTESIAN_POINT ( 'NONE',  ( 4.760769540619037300, 2.255226423163382500, -2.476981730924696600 ) ) ;
#8508 = ADVANCED_FACE ( 'NONE', ( #1712 ), #7543, .F. ) ;
#8509 = EDGE_CURVE ( 'NONE', #6891, #2963, #6555, .T. ) ;
#8510 = LINE ( 'NONE', #6366, #793 ) ;
#8511 = ORIENTED_EDGE ( 'NONE', *, *, #1869, .F. ) ;
#8512 = EDGE_CURVE ( 'NONE', #5928, #6549, #3953, .T. ) ;
#8513 = DIRECTION ( 'NONE',  ( -1.672022627447524700E-016, 0.0000000000000000000, -1.000000000000000000 ) ) ;
#8514 = VECTOR ( 'NONE', #3020, 1000.000000000000000 ) ;
#8515 = DIRECTION ( 'NONE',  ( 1.672022627447524700E-016, 0.0000000000000000000, 1.000000000000000000 ) ) ;
#8516 = VERTEX_POINT ( 'NONE', #9133 ) ;
#8517 = SURFACE_SIDE_STYLE ('',( #4679 ) ) ;
#8518 =( NAMED_UNIT ( * ) PLANE_ANGLE_UNIT ( ) SI_UNIT ( $, .RADIAN. ) );
#8519 = DIRECTION ( 'NONE',  ( 0.0000000000000000000, 0.0000000000000000000, -1.000000000000000000 ) ) ;
#8520 = SURFACE_SIDE_STYLE ('',( #4522 ) ) ;
#8521 = VECTOR ( 'NONE', #1911, 1000.000000000000000 ) ;
#8522 = DIRECTION ( 'NONE',  ( 0.0000000000000000000, 0.0000000000000000000, -1.000000000000000000 ) ) ;
#8523 = LINE ( 'NONE', #8048, #5889 ) ;
#8524 = EDGE_CURVE ( 'NONE', #9080, #4505, #6100, .T. ) ;
#8525 = ORIENTED_EDGE ( 'NONE', *, *, #3256, .T. ) ;
#8526 = VECTOR ( 'NONE', #6917, 1000.000000000000000 ) ;
#8527 = ORIENTED_EDGE ( 'NONE', *, *, #8586, .F. ) ;
#8528 = PRESENTATION_STYLE_ASSIGNMENT (( #451 ) ) ;
#8529 = LINE ( 'NONE', #1520, #5674 ) ;
#8530 = UNCERTAINTY_MEASURE_WITH_UNIT (LENGTH_MEASURE( 1.000000000000000100E-005 ), #3815, 'distance_accuracy_value', 'NONE');
#8531 = UNCERTAINTY_MEASURE_WITH_UNIT (LENGTH_MEASURE( 1.000000000000000100E-005 ), #612, 'distance_accuracy_value', 'NONE');
#8532 = VECTOR ( 'NONE', #3813, 1000.000000000000000 ) ;
#8533 = AXIS2_PLACEMENT_3D ( 'NONE', #146, #5201, #3007 ) ;
#8534 = VERTEX_POINT ( 'NONE', #6230 ) ;
#8535 = ORIENTED_EDGE ( 'NONE', *, *, #4199, .T. ) ;
#8536 = EDGE_CURVE ( 'NONE', #6354, #1659, #2956, .T. ) ;
#8537 = CIRCLE ( 'NONE', #9255, 0.04999999999999969700 ) ;
#8538 = CLOSED_SHELL ( 'NONE', ( #190, #7348, #1788, #1387, #6470, #8278, #5058, #7902, #5970, #2178 ) ) ;
#8539 = LINE ( 'NONE', #3323, #1947 ) ;
#8540 = DIRECTION ( 'NONE',  ( 0.0000000000000000000, 0.0000000000000000000, -1.000000000000000000 ) ) ;
#8541 = COLOUR_RGB ( '',0.7529411764705882200, 0.7529411764705882200, 0.7529411764705882200 ) ;
#8542 = DIRECTION ( 'NONE',  ( 0.0000000000000000000, -0.0000000000000000000, 1.000000000000000000 ) ) ;
#8543 = MECHANICAL_DESIGN_GEOMETRIC_PRESENTATION_REPRESENTATION (  '', ( #9198 ), #2399 ) ;
#8544 =( LENGTH_UNIT ( ) NAMED_UNIT ( * ) SI_UNIT ( .MILLI., .METRE. ) );
#8545 = PLANE ( 'NONE',  #6464 ) ;
#8546 = CARTESIAN_POINT ( 'NONE',  ( 4.850000000000001400, 0.07000000000000018700, 5.087499999999998600 ) ) ;
#8547 = LINE ( 'NONE', #3694, #8108 ) ;
#8548 = DIRECTION ( 'NONE',  ( -1.000000000000000000, 0.0000000000000000000, 0.0000000000000000000 ) ) ;
#8549 = EDGE_CURVE ( 'NONE', #6122, #1946, #5326, .T. ) ;
#8550 = ORIENTED_EDGE ( 'NONE', *, *, #7434, .F. ) ;
#8551 = SURFACE_STYLE_FILL_AREA ( #6852 ) ;
#8552 = VERTEX_POINT ( 'NONE', #2120 ) ;
#8553 = CARTESIAN_POINT ( 'NONE',  ( -1.399000000000000000, 0.5010000000000000000, 3.786499999999998900 ) ) ;
#8554 = CARTESIAN_POINT ( 'NONE',  ( -4.949999999999999300, 0.07000000000000018700, 5.137499999999999300 ) ) ;
#8555 = CARTESIAN_POINT ( 'NONE',  ( 4.860632494094495800, 2.205233595624294100, 4.998269540619036300 ) ) ;
#8556 = VERTEX_POINT ( 'NONE', #4920 ) ;
#8557 =( NAMED_UNIT ( * ) SI_UNIT ( $, .STERADIAN. ) SOLID_ANGLE_UNIT ( ) );
#8558 = ORIENTED_EDGE ( 'NONE', *, *, #8755, .F. ) ;
#8559 = DIRECTION ( 'NONE',  ( 0.0000000000000000000, -0.0000000000000000000, 1.000000000000000000 ) ) ;
#8560 = VERTEX_POINT ( 'NONE', #6408 ) ;
#8561 = FILL_AREA_STYLE ('',( #1271 ) ) ;
#8562 = EDGE_CURVE ( 'NONE', #7900, #7403, #9296, .T. ) ;
#8563 = VERTEX_POINT ( 'NONE', #2826 ) ;
#8564 = ORIENTED_EDGE ( 'NONE', *, *, #3931, .F. ) ;
#8565 = ADVANCED_FACE ( 'NONE', ( #5774 ), #7189, .F. ) ;
#8566 = LINE ( 'NONE', #5230, #6378 ) ;
#8567 = EDGE_CURVE ( 'NONE', #8120, #732, #5662, .T. ) ;
#8568 = DIRECTION ( 'NONE',  ( -1.000000000000000000, 0.0000000000000000000, 0.0000000000000000000 ) ) ;
#8569 = DIRECTION ( 'NONE',  ( 0.0000000000000000000, 0.0000000000000000000, 1.000000000000000000 ) ) ;
#8570 = VERTEX_POINT ( 'NONE', #4548 ) ;
#8571 = PRESENTATION_LAYER_ASSIGNMENT (  '', '', ( #1762 ) ) ;
#8572 =( GEOMETRIC_REPRESENTATION_CONTEXT ( 3 ) GLOBAL_UNCERTAINTY_ASSIGNED_CONTEXT ( ( #6511 ) ) GLOBAL_UNIT_ASSIGNED_CONTEXT ( ( #9145, #3261, #7684 ) ) REPRESENTATION_CONTEXT ( 'NONE', 'WORKASPACE' ) );
#8573 = CARTESIAN_POINT ( 'NONE',  ( -4.731000000000000800, 0.5010000000000000000, -2.292605104235265800 ) ) ;
#8574 = VERTEX_POINT ( 'NONE', #2901 ) ;
#8575 = CARTESIAN_POINT ( 'NONE',  ( 4.250999999999999400, 0.02000000000000018100, -5.137500000000001100 ) ) ;
#8576 = PLANE ( 'NONE',  #4325 ) ;
#8577 = EDGE_CURVE ( 'NONE', #500, #3535, #4282, .T. ) ;
#8578 = CARTESIAN_POINT ( 'NONE',  ( -3.401000000000000200, 0.07000000000000018700, 5.137499999999999300 ) ) ;
#8579 = CARTESIAN_POINT ( 'NONE',  ( -3.798999999999999500, 0.5010000000000000000, 5.187447592220710400 ) ) ;
#8580 = UNCERTAINTY_MEASURE_WITH_UNIT (LENGTH_MEASURE( 1.000000000000000100E-005 ), #3391, 'distance_accuracy_value', 'NONE');
#8581 = ORIENTED_EDGE ( 'NONE', *, *, #8044, .F. ) ;
#8582 = SURFACE_SIDE_STYLE ('',( #6671 ) ) ;
#8583 = LINE ( 'NONE', #2469, #8479 ) ;
#8584 = CARTESIAN_POINT ( 'NONE',  ( 0.3749999999999994400, 0.0000000000000000000, 5.557499999999999200 ) ) ;
#8585 = SURFACE_SIDE_STYLE ('',( #5305 ) ) ;
#8586 = EDGE_CURVE ( 'NONE', #4544, #3428, #1596, .T. ) ;
#8587 = EDGE_LOOP ( 'NONE', ( #6183, #5050, #4166, #6790 ) ) ;
#8588 = FILL_AREA_STYLE_COLOUR ( '', #5398 ) ;
#8589 = VERTEX_POINT ( 'NONE', #826 ) ;
#8590 =( LENGTH_UNIT ( ) NAMED_UNIT ( * ) SI_UNIT ( .MILLI., .METRE. ) );
#8591 = DIRECTION ( 'NONE',  ( -1.000000000000000000, 0.0000000000000000000, -0.0000000000000000000 ) ) ;
#8592 = FILL_AREA_STYLE ('',( #6382 ) ) ;
#8593 = PRESENTATION_LAYER_ASSIGNMENT (  '', '', ( #6500 ) ) ;
#8594 = VERTEX_POINT ( 'NONE', #2437 ) ;
#8595 = VECTOR ( 'NONE', #9058, 1000.000000000000000 ) ;
#8596 = VECTOR ( 'NONE', #2486, 1000.000000000000000 ) ;
#8597 = DIRECTION ( 'NONE',  ( -0.5000000000000027800, -0.8660254037844370400, 0.0000000000000000000 ) ) ;
#8598 = EDGE_CURVE ( 'NONE', #3519, #3126, #2153, .T. ) ;
#8599 = FILL_AREA_STYLE ('',( #2096 ) ) ;
#8600 = AXIS2_PLACEMENT_3D ( 'NONE', #4846, #6884, #4097 ) ;
#8601 =( LENGTH_UNIT ( ) NAMED_UNIT ( * ) SI_UNIT ( .MILLI., .METRE. ) );
#8602 = FILL_AREA_STYLE_COLOUR ( '', #261 ) ;
#8603 = DIRECTION ( 'NONE',  ( -0.0000000000000000000, 0.0000000000000000000, -1.000000000000000000 ) ) ;
#8604 = SHAPE_DEFINITION_REPRESENTATION ( #274, #3171 ) ;
#8605 = CARTESIAN_POINT ( 'NONE',  ( 4.519894895764736000, 0.5010000000000000000, 0.8574999999999987100 ) ) ;
#8606 = ORIENTED_EDGE ( 'NONE', *, *, #1577, .T. ) ;
#8607 = DIRECTION ( 'NONE',  ( -1.000000000000000000, 0.0000000000000000000, 0.0000000000000000000 ) ) ;
#8608 = ADVANCED_FACE ( 'NONE', ( #565 ), #3935, .F. ) ;
#8609 = VECTOR ( 'NONE', #2720, 1000.000000000000100 ) ;
#8610 = CARTESIAN_POINT ( 'NONE',  ( 3.401000000000001100, 2.299999999999999800, 5.187499999999999100 ) ) ;
#8611 = AXIS2_PLACEMENT_3D ( 'NONE', #8546, #5546, #581 ) ;
#8612 = CONICAL_SURFACE ( 'NONE', #3582, 0.1499999999999999700, 0.1047197551196600000 ) ;
#8613 = CARTESIAN_POINT ( 'NONE',  ( 4.670000000000003500, 2.255226423163382500, -2.476981730924696600 ) ) ;
#8614 = PLANE ( 'NONE',  #7398 ) ;
#8615 = LINE ( 'NONE', #5413, #5433 ) ;
#8616 = VERTEX_POINT ( 'NONE', #5404 ) ;
#8617 = DIRECTION ( 'NONE',  ( -1.000000000000000000, 0.0000000000000000000, 0.0000000000000000000 ) ) ;
#8618 =( GEOMETRIC_REPRESENTATION_CONTEXT ( 3 ) GLOBAL_UNCERTAINTY_ASSIGNED_CONTEXT ( ( #5012 ) ) GLOBAL_UNIT_ASSIGNED_CONTEXT ( ( #2558, #7617, #3294 ) ) REPRESENTATION_CONTEXT ( 'NONE', 'WORKASPACE' ) );
#8619 = VECTOR ( 'NONE', #1673, 1000.000000000000000 ) ;
#8620 = AXIS2_PLACEMENT_3D ( 'NONE', #2651, #1101, #397 ) ;
#8621 = ORIENTED_EDGE ( 'NONE', *, *, #3877, .F. ) ;
#8622 = CARTESIAN_POINT ( 'NONE',  ( -4.670000000000000800, 0.5000000000000000000, 1.007499999999999600 ) ) ;
#8623 = CARTESIAN_POINT ( 'NONE',  ( -0.4616025403784435600, 0.1499999999999999900, 0.0000000000000000000 ) ) ;
#8624 = VECTOR ( 'NONE', #8198, 1000.000000000000000 ) ;
#8625 = LINE ( 'NONE', #1113, #574 ) ;
#8626 = EDGE_CURVE ( 'NONE', #3196, #938, #3622, .T. ) ;
#8627 = LINE ( 'NONE', #2605, #4734 ) ;
#8628 = AXIS2_PLACEMENT_3D ( 'NONE', #5954, #3060, #2299 ) ;
#8629 = DIRECTION ( 'NONE',  ( -1.000000000000000000, 0.0000000000000000000, 0.0000000000000000000 ) ) ;
#8630 = DIRECTION ( 'NONE',  ( -0.0000000000000000000, -1.000000000000000000, -0.0000000000000000000 ) ) ;
#8631 = DIRECTION ( 'NONE',  ( -1.000000000000000000, 0.0000000000000000000, 0.0000000000000000000 ) ) ;
#8632 = CARTESIAN_POINT ( 'NONE',  ( -4.424999999999999800, 0.0000000000000000000, 5.787499999999999600 ) ) ;
#8633 = ORIENTED_EDGE ( 'NONE', *, *, #2080, .T. ) ;
#8634 = LINE ( 'NONE', #3752, #132 ) ;
#8635 = ORIENTED_EDGE ( 'NONE', *, *, #2263, .T. ) ;
#8636 = CARTESIAN_POINT ( 'NONE',  ( -2.200000000000000200, 0.5000000000000000000, 3.787499999999999200 ) ) ;
#8637 = DIRECTION ( 'NONE',  ( 0.0000000000000000000, 0.0000000000000000000, -1.000000000000000000 ) ) ;
#8638 = CARTESIAN_POINT ( 'NONE',  ( 2.024999999999999900, 0.0000000000000000000, 5.557499999999999200 ) ) ;
#8639 = EDGE_CURVE ( 'NONE', #7228, #9237, #6444, .T. ) ;
#8640 = CARTESIAN_POINT ( 'NONE',  ( -4.842026438489679800, 2.560258285839277300, -4.979663485014223800 ) ) ;
#8641 = FACE_OUTER_BOUND ( 'NONE', #7315, .T. ) ;
#8642 = ORIENTED_EDGE ( 'NONE', *, *, #3819, .T. ) ;
#8643 = LINE ( 'NONE', #807, #930 ) ;
#8644 = CARTESIAN_POINT ( 'NONE',  ( -4.949999999999999300, 0.07000000000000018700, 5.187499999999999100 ) ) ;
#8645 = DIRECTION ( 'NONE',  ( 1.000000000000000000, 0.0000000000000000000, 0.0000000000000000000 ) ) ;
#8646 = SURFACE_STYLE_FILL_AREA ( #5621 ) ;
#8647 =( LENGTH_UNIT ( ) NAMED_UNIT ( * ) SI_UNIT ( .MILLI., .METRE. ) );
#8648 = VECTOR ( 'NONE', #5988, 1000.000000000000000 ) ;
#8649 = AXIS2_PLACEMENT_3D ( 'NONE', #7269, #4390, #730 ) ;
#8650 = LINE ( 'NONE', #3892, #720 ) ;
#8651 = EDGE_LOOP ( 'NONE', ( #4693, #8670, #9044, #5080 ) ) ;
#8652 = LINE ( 'NONE', #5342, #7619 ) ;
#8653 = ORIENTED_EDGE ( 'NONE', *, *, #1988, .F. ) ;
#8654 = CARTESIAN_POINT ( 'NONE',  ( 4.950000000000000200, 0.4999999999998842000, 1.057500377445273100 ) ) ;
#8655 = EDGE_CURVE ( 'NONE', #8467, #2719, #8089, .T. ) ;
#8656 = CARTESIAN_POINT ( 'NONE',  ( 4.819490029551738000, 2.034912454769766100, -2.504101213736514600 ) ) ;
#8657 = FACE_OUTER_BOUND ( 'NONE', #3343, .T. ) ;
#8658 = VERTEX_POINT ( 'NONE', #5370 ) ;
#8659 = FACE_OUTER_BOUND ( 'NONE', #1890, .T. ) ;
#8660 = FILL_AREA_STYLE_COLOUR ( '', #2820 ) ;
#8661 = ORIENTED_EDGE ( 'NONE', *, *, #3153, .F. ) ;
#8662 = DIRECTION ( 'NONE',  ( -0.0000000000000000000, -1.000000000000000000, -0.0000000000000000000 ) ) ;
#8663 = PLANE ( 'NONE',  #8791 ) ;
#8664 = DIRECTION ( 'NONE',  ( -0.05226442768871091000, -0.9972646886342377800, -0.05226442768871090300 ) ) ;
#8665 = FACE_OUTER_BOUND ( 'NONE', #6865, .T. ) ;
#8666 = EDGE_CURVE ( 'NONE', #5900, #1099, #3079, .T. ) ;
#8667 = ORIENTED_EDGE ( 'NONE', *, *, #514, .F. ) ;
#8668 = ORIENTED_EDGE ( 'NONE', *, *, #3078, .F. ) ;
#8669 = VECTOR ( 'NONE', #1717, 999.9999999999998900 ) ;
#8670 = ORIENTED_EDGE ( 'NONE', *, *, #2390, .F. ) ;
#8671 = ORIENTED_EDGE ( 'NONE', *, *, #1070, .T. ) ;
#8672 = ORIENTED_EDGE ( 'NONE', *, *, #6753, .F. ) ;
#8673 = CARTESIAN_POINT ( 'NONE',  ( -4.150999999999999800, 0.5010000000000000000, -4.986500000000003000 ) ) ;
#8674 = AXIS2_PLACEMENT_3D ( 'NONE', #4631, #1052, #7666 ) ;
#8675 = CARTESIAN_POINT ( 'NONE',  ( 0.0000000000000000000, 0.0000000000000000000, 5.787499999999999600 ) ) ;
#8676 = LINE ( 'NONE', #8287, #1976 ) ;
#8677 = AXIS2_PLACEMENT_3D ( 'NONE', #8468, #6154, #6638 ) ;
#8678 = ORIENTED_EDGE ( 'NONE', *, *, #7097, .F. ) ;
#8679 = ORIENTED_EDGE ( 'NONE', *, *, #827, .F. ) ;
#8680 = SURFACE_STYLE_FILL_AREA ( #1845 ) ;
#8681 = SURFACE_STYLE_FILL_AREA ( #7665 ) ;
#8682 = ORIENTED_EDGE ( 'NONE', *, *, #337, .T. ) ;
#8683 = EDGE_CURVE ( 'NONE', #7790, #835, #2046, .T. ) ;
#8684 = CARTESIAN_POINT ( 'NONE',  ( 4.285792174306892300, 2.250000000000000000, 0.8574999999999970400 ) ) ;
#8685 =( LENGTH_UNIT ( ) NAMED_UNIT ( * ) SI_UNIT ( .MILLI., .METRE. ) );
#8686 = ORIENTED_EDGE ( 'NONE', *, *, #4951, .F. ) ;
#8687 = CARTESIAN_POINT ( 'NONE',  ( 0.1999999999999999300, 0.0000000000000000000, 5.787499999999999600 ) ) ;
#8688 = ORIENTED_EDGE ( 'NONE', *, *, #1398, .T. ) ;
#8689 = FACE_OUTER_BOUND ( 'NONE', #1515, .T. ) ;
#8690 = ADVANCED_FACE ( 'NONE', ( #3293 ), #1880, .F. ) ;
#8691 = FILL_AREA_STYLE_COLOUR ( '', #9070 ) ;
#8692 = EDGE_LOOP ( 'NONE', ( #2259, #626, #6405, #5555 ) ) ;
#8693 =( LENGTH_UNIT ( ) NAMED_UNIT ( * ) SI_UNIT ( .MILLI., .METRE. ) );
#8694 =( BOUNDED_SURFACE ( )  B_SPLINE_SURFACE ( 3, 2, ( 
 ( #7966, #3576, #4278 ),
 ( #641, #3493, #3523 ),
 ( #2765, #2885, #5698 ),
 ( #5047, #7838, #9372 ) ),
 .UNSPECIFIED., .F., .F., .F. ) 
 B_SPLINE_SURFACE_WITH_KNOTS ( ( 4, 4 ),
 ( 3, 3 ),
 ( 1.608396931284732400E-015, 1.518436449235071000 ),
 ( 0.0000000000000000000, 1.000000000000000000 ),
 .UNSPECIFIED. ) 
 GEOMETRIC_REPRESENTATION_ITEM ( )  RATIONAL_B_SPLINE_SURFACE ( (
 ( 1.000000000000000000, 0.7431448254773928000, 1.000000000000000000),
 ( 1.000000000000000000, 0.7435649452655097600, 1.000000000000000000),
 ( 1.000000000000000000, 0.7280390855194580600, 1.000000000000000000),
 ( 1.000000000000000000, 0.7090382913072176300, 1.000000000000000000) ) ) 
 REPRESENTATION_ITEM ( '' )  SURFACE ( )  );
#8695 =( NAMED_UNIT ( * ) PLANE_ANGLE_UNIT ( ) SI_UNIT ( $, .RADIAN. ) );
#8696 = VERTEX_POINT ( 'NONE', #5283 ) ;
#8697 = LINE ( 'NONE', #4338, #6755 ) ;
#8698 = CARTESIAN_POINT ( 'NONE',  ( 4.760769540619037300, 2.300000000000000300, 1.241707825693109800 ) ) ;
#8699 = EDGE_CURVE ( 'NONE', #5333, #3822, #8529, .T. ) ;
#8700 = ADVANCED_FACE ( 'NONE', ( #7136 ), #2847, .T. ) ;
#8701 = CARTESIAN_POINT ( 'NONE',  ( 1.001000000000000100, 0.07000000000000018700, 5.187499999999999100 ) ) ;
#8702 = VERTEX_POINT ( 'NONE', #3027 ) ;
#8703 = DIRECTION ( 'NONE',  ( 0.0000000000000000000, 0.0000000000000000000, 1.000000000000000000 ) ) ;
#8704 = VERTEX_POINT ( 'NONE', #2815 ) ;
#8705 = CARTESIAN_POINT ( 'NONE',  ( -4.335518269075303800, 2.255226423163382500, -2.142499999999999600 ) ) ;
#8706 = STYLED_ITEM ( 'NONE', ( #4883 ), #5278 ) ;
#8707 = FILL_AREA_STYLE ('',( #2914 ) ) ;
#8708 = CYLINDRICAL_SURFACE ( 'NONE', #2959, 0.04999999999999991300 ) ;
#8709 = SURFACE_STYLE_USAGE ( .BOTH. , #5041 ) ;
#8710 = EDGE_LOOP ( 'NONE', ( #4218, #756, #959, #584 ) ) ;
#8711 = EDGE_CURVE ( 'NONE', #3465, #6842, #7596, .T. ) ;
#8712 = CARTESIAN_POINT ( 'NONE',  ( 4.760769540619037300, 2.200000000000000200, -7.960114395977986100E-016 ) ) ;
#8713 = CLOSED_SHELL ( 'NONE', ( #2946, #6581, #8690, #2887, #5263, #8608, #51, #5861, #8565, #3835 ) ) ;
#8714 = VECTOR ( 'NONE', #3429, 1000.000000000000000 ) ;
#8715 = CARTESIAN_POINT ( 'NONE',  ( 4.850137046524541700, 0.4999999999998839800, -5.187500000000000900 ) ) ;
#8716 = ORIENTED_EDGE ( 'NONE', *, *, #6063, .T. ) ;
#8717 = DIRECTION ( 'NONE',  ( 0.0000000000000000000, 0.0000000000000000000, 1.000000000000000000 ) ) ;
#8718 = CARTESIAN_POINT ( 'NONE',  ( 1.399000000000000000, 0.5010000000000000000, 4.588499999999999800 ) ) ;
#8719 = CARTESIAN_POINT ( 'NONE',  ( 3.400000000000000400, 0.5000000000000000000, 4.587499999999999500 ) ) ;
#8720 = FILL_AREA_STYLE_COLOUR ( '', #1425 ) ;
#8721 = PRESENTATION_LAYER_ASSIGNMENT (  '', '', ( #4984 ) ) ;
#8722 = CARTESIAN_POINT ( 'NONE',  ( -3.798999999999999500, 0.5010000000000000000, 3.786499999999998900 ) ) ;
#8723 = EDGE_CURVE ( 'NONE', #5917, #4644, #1607, .T. ) ;
#8724 = CARTESIAN_POINT ( 'NONE',  ( 4.860632494094494900, 2.205233595624294100, -2.521727650462717300 ) ) ;
#8725 = LINE ( 'NONE', #7847, #3943 ) ;
#8726 = CARTESIAN_POINT ( 'NONE',  ( -3.700000000000001100, 0.5000000000000000000, 0.0000000000000000000 ) ) ;
#8727 = CARTESIAN_POINT ( 'NONE',  ( -4.760769540619037300, 2.255226423163383000, -2.476981730924696600 ) ) ;
#8728 = PRESENTATION_LAYER_ASSIGNMENT (  '', '', ( #6453 ) ) ;
#8729 = ORIENTED_EDGE ( 'NONE', *, *, #993, .F. ) ;
#8730 = MECHANICAL_DESIGN_GEOMETRIC_PRESENTATION_REPRESENTATION (  '', ( #7761 ), #6150 ) ;
#8731 = SPHERICAL_SURFACE ( 'NONE', #6270, 0.1000000000000000100 ) ;
#8732 = ADVANCED_FACE ( 'NONE', ( #6682 ), #4163, .T. ) ;
#8733 = DIRECTION ( 'NONE',  ( 1.000000000000000000, 0.0000000000000000000, -0.0000000000000000000 ) ) ;
#8734 =( LENGTH_UNIT ( ) NAMED_UNIT ( * ) SI_UNIT ( .MILLI., .METRE. ) );
#8735 = VECTOR ( 'NONE', #4227, 1000.000000000000000 ) ;
#8736 = EDGE_LOOP ( 'NONE', ( #8621, #9248, #542, #8140 ) ) ;
#8737 = PLANE ( 'NONE',  #420 ) ;
#8738 = VECTOR ( 'NONE', #7294, 1000.000000000000000 ) ;
#8739 = DIRECTION ( 'NONE',  ( 0.0000000000000000000, 0.0000000000000000000, -1.000000000000000000 ) ) ;
#8740 = FILL_AREA_STYLE_COLOUR ( '', #7690 ) ;
#8741 = CYLINDRICAL_SURFACE ( 'NONE', #8620, 0.05000000000000012800 ) ;
#8742 = EDGE_CURVE ( 'NONE', #6672, #8175, #8859, .T. ) ;
#8743 = DIRECTION ( 'NONE',  ( 0.0000000000000000000, 0.0000000000000000000, -1.000000000000000000 ) ) ;
#8744 = PRESENTATION_STYLE_ASSIGNMENT (( #6776 ) ) ;
#8745 = PLANE ( 'NONE',  #3263 ) ;
#8746 = ORIENTED_EDGE ( 'NONE', *, *, #840, .T. ) ;
#8747 = VECTOR ( 'NONE', #6098, 1000.000000000000000 ) ;
#8748 = EDGE_LOOP ( 'NONE', ( #5017, #2302, #7888, #7533 ) ) ;
#8749 = ADVANCED_FACE ( 'NONE', ( #6801 ), #5257, .T. ) ;
#8750 = AXIS2_PLACEMENT_3D ( 'NONE', #1449, #7175, #8063 ) ;
#8751 = CARTESIAN_POINT ( 'NONE',  ( 4.908588404399196700, 0.5015292516873871600, 5.187419827888306600 ) ) ;
#8752 = CARTESIAN_POINT ( 'NONE',  ( 1.938397459621555000, 0.1499999999999999900, 0.0000000000000000000 ) ) ;
#8753 = UNCERTAINTY_MEASURE_WITH_UNIT (LENGTH_MEASURE( 1.000000000000000100E-005 ), #7706, 'distance_accuracy_value', 'NONE');
#8754 = LINE ( 'NONE', #4959, #8532 ) ;
#8755 = EDGE_CURVE ( 'NONE', #1653, #2596, #2758, .T. ) ;
#8756 = EDGE_LOOP ( 'NONE', ( #7829, #5461, #2562, #6821, #270 ) ) ;
#8757 = ORIENTED_EDGE ( 'NONE', *, *, #3249, .F. ) ;
#8758 = CARTESIAN_POINT ( 'NONE',  ( 1.001000000000000100, 0.07000000000000018700, 5.137499999999999300 ) ) ;
#8759 = LINE ( 'NONE', #4147, #2174 ) ;
#8760 = DIRECTION ( 'NONE',  ( 0.0000000000000000000, 0.0000000000000000000, 1.000000000000000000 ) ) ;
#8761 = DIRECTION ( 'NONE',  ( -1.000000000000000000, -0.0000000000000000000, -0.0000000000000000000 ) ) ;
#8762 = VECTOR ( 'NONE', #1343, 1000.000000000000000 ) ;
#8763 = CARTESIAN_POINT ( 'NONE',  ( -1.399000000000000000, 0.02000000000000018100, 5.137499999999999300 ) ) ;
#8764 = ORIENTED_EDGE ( 'NONE', *, *, #530, .T. ) ;
#8765 = VECTOR ( 'NONE', #1267, 1000.000000000000000 ) ;
#8766 = VECTOR ( 'NONE', #5600, 1000.000000000000000 ) ;
#8767 = EDGE_CURVE ( 'NONE', #3628, #2690, #5328, .T. ) ;
#8768 = DIRECTION ( 'NONE',  ( 0.0000000000000000000, 0.0000000000000000000, -1.000000000000000000 ) ) ;
#8769 = CARTESIAN_POINT ( 'NONE',  ( 4.742812232984609200, 2.542645841516146400, 4.980312232984607200 ) ) ;
#8770 = ORIENTED_EDGE ( 'NONE', *, *, #2854, .F. ) ;
#8771 = FACE_OUTER_BOUND ( 'NONE', #1634, .T. ) ;
#8772 = COLOUR_RGB ( '',0.7529411764705882200, 0.7529411764705882200, 0.7529411764705882200 ) ;
#8773 = ORIENTED_EDGE ( 'NONE', *, *, #1777, .F. ) ;
#8774 = FACE_OUTER_BOUND ( 'NONE', #8944, .T. ) ;
#8775 = CARTESIAN_POINT ( 'NONE',  ( -1.000000000000000000, 0.5000000000000000000, 0.0000000000000000000 ) ) ;
#8776 = FACE_OUTER_BOUND ( 'NONE', #4001, .T. ) ;
#8777 = ORIENTED_EDGE ( 'NONE', *, *, #4648, .T. ) ;
#8778 = ORIENTED_EDGE ( 'NONE', *, *, #5414, .F. ) ;
#8779 = SURFACE_STYLE_FILL_AREA ( #6666 ) ;
#8780 = EDGE_CURVE ( 'NONE', #1183, #1375, #3518, .T. ) ;
#8781 = ORIENTED_EDGE ( 'NONE', *, *, #557, .F. ) ;
#8782 = ORIENTED_EDGE ( 'NONE', *, *, #9377, .F. ) ;
#8783 = CARTESIAN_POINT ( 'NONE',  ( -4.949999999999999300, 0.07000000000000018700, 5.137499999999999300 ) ) ;
#8784 = ADVANCED_FACE ( 'NONE', ( #344 ), #8741, .T. ) ;
#8785 = FILL_AREA_STYLE_COLOUR ( '', #2149 ) ;
#8786 = PLANE ( 'NONE',  #4458 ) ;
#8787 = FILL_AREA_STYLE ('',( #3054 ) ) ;
#8788 = ORIENTED_EDGE ( 'NONE', *, *, #3763, .F. ) ;
#8789 = ORIENTED_EDGE ( 'NONE', *, *, #8509, .F. ) ;
#8790 = CARTESIAN_POINT ( 'NONE',  ( 4.251000000000000300, 0.5010000000000000000, -4.986500000000002200 ) ) ;
#8791 = AXIS2_PLACEMENT_3D ( 'NONE', #4285, #2775, #5646 ) ;
#8792 = CARTESIAN_POINT ( 'NONE',  ( 1.938397459621555000, 0.1499999999999999900, 5.557499999999999200 ) ) ;
#8793 = ORIENTED_EDGE ( 'NONE', *, *, #8780, .F. ) ;
#8794 = DIRECTION ( 'NONE',  ( -0.0000000000000000000, -1.000000000000000000, -0.0000000000000000000 ) ) ;
#8795 = ADVANCED_FACE ( 'NONE', ( #4174 ), #3321, .F. ) ;
#8796 = EDGE_CURVE ( 'NONE', #938, #8155, #3182, .T. ) ;
#8797 = DIRECTION ( 'NONE',  ( 0.0000000000000000000, 0.9986295347545740600, 0.05233595624294079500 ) ) ;
#8798 = ORIENTED_EDGE ( 'NONE', *, *, #7715, .T. ) ;
#8799 = ORIENTED_EDGE ( 'NONE', *, *, #2977, .F. ) ;
#8800 = CARTESIAN_POINT ( 'NONE',  ( -4.285792174306890500, 2.250000000000000000, 0.8574999999999988200 ) ) ;
#8801 = DIRECTION ( 'NONE',  ( -0.05205003326639413100, -0.9931737993569250700, 0.1043867726673162300 ) ) ;
#8802 = SURFACE_STYLE_USAGE ( .BOTH. , #849 ) ;
#8803 = AXIS2_PLACEMENT_3D ( 'NONE', #4850, #540, #5605 ) ;
#8804 = PLANE ( 'NONE',  #5055 ) ;
#8805 = UNCERTAINTY_MEASURE_WITH_UNIT (LENGTH_MEASURE( 1.000000000000000100E-005 ), #6437, 'distance_accuracy_value', 'NONE');
#8806 = AXIS2_PLACEMENT_3D ( 'NONE', #3218, #2639, #4797 ) ;
#8807 = VERTEX_POINT ( 'NONE', #7586 ) ;
#8808 = LINE ( 'NONE', #3546, #3367 ) ;
#8809 = CARTESIAN_POINT ( 'NONE',  ( 2.774999999999999500, 0.0000000000000000000, 5.557499999999999200 ) ) ;
#8810 = LINE ( 'NONE', #8270, #4352 ) ;
#8811 = EDGE_CURVE ( 'NONE', #680, #498, #1715, .T. ) ;
#8812 = EDGE_LOOP ( 'NONE', ( #4468, #3104, #5602, #4307 ) ) ;
#8813 = PLANE ( 'NONE',  #4391 ) ;
#8814 = PRESENTATION_LAYER_ASSIGNMENT (  '', '', ( #485 ) ) ;
#8815 = DIRECTION ( 'NONE',  ( 0.0000000000000000000, 1.000000000000000000, -0.0000000000000000000 ) ) ;
#8816 = DIRECTION ( 'NONE',  ( -1.000000000000000000, 0.0000000000000000000, -0.0000000000000000000 ) ) ;
#8817 = SURFACE_STYLE_USAGE ( .BOTH. , #7337 ) ;
#8818 = CARTESIAN_POINT ( 'NONE',  ( -3.400000000000000400, 0.5000000000000000000, 3.787499999999999200 ) ) ;
#8819 = VECTOR ( 'NONE', #4603, 1000.000000000000000 ) ;
#8820 = PRODUCT_DEFINITION_FORMATION_WITH_SPECIFIED_SOURCE ( 'ANY', '', #5554, .NOT_KNOWN. ) ;
#8821 = SURFACE_SIDE_STYLE ('',( #1938 ) ) ;
#8822 = CARTESIAN_POINT ( 'NONE',  ( -4.669999999999999900, 2.250000000000000000, -2.142500000000000500 ) ) ;
#8823 = FILL_AREA_STYLE_COLOUR ( '', #129 ) ;
#8824 = DIRECTION ( 'NONE',  ( 0.0000000000000000000, -1.000000000000000000, 0.0000000000000000000 ) ) ;
#8825 = EDGE_CURVE ( 'NONE', #4946, #1441, #1804, .T. ) ;
#8826 = ORIENTED_EDGE ( 'NONE', *, *, #3125, .T. ) ;
#8827 = DIRECTION ( 'NONE',  ( 0.0000000000000000000, 0.0000000000000000000, 1.000000000000000000 ) ) ;
#8828 = CARTESIAN_POINT ( 'NONE',  ( -4.816944583281721900, 2.300000000000000300, -2.526707825693110800 ) ) ;
#8829 = ORIENTED_EDGE ( 'NONE', *, *, #4875, .F. ) ;
#8830 = DIRECTION ( 'NONE',  ( -1.000000000000000000, 0.0000000000000000000, -0.0000000000000000000 ) ) ;
#8831 = DIRECTION ( 'NONE',  ( 1.000000000000000000, 0.0000000000000000000, 0.0000000000000000000 ) ) ;
#8832 = SURFACE_SIDE_STYLE ('',( #5684 ) ) ;
#8833 = AXIS2_PLACEMENT_3D ( 'NONE', #4851, #4982, #2797 ) ;
#8834 = ORIENTED_EDGE ( 'NONE', *, *, #6008, .F. ) ;
#8835 = CARTESIAN_POINT ( 'NONE',  ( 4.810701017356765700, 2.207843220975530300, 1.187001555694303000 ) ) ;
#8836 = CYLINDRICAL_SURFACE ( 'NONE', #5213, 0.1000000000000002600 ) ;
#8837 = EDGE_CURVE ( 'NONE', #6448, #7660, #4413, .T. ) ;
#8838 = VECTOR ( 'NONE', #1438, 1000.000000000000000 ) ;
#8839 = CARTESIAN_POINT ( 'NONE',  ( -0.8250000000000001800, 0.0000000000000000000, 5.787499999999999600 ) ) ;
#8840 = ADVANCED_FACE ( 'NONE', ( #7021 ), #6113, .F. ) ;
#8841 = VECTOR ( 'NONE', #910, 1000.000000000000000 ) ;
#8842 = CARTESIAN_POINT ( 'NONE',  ( 4.949919827888308500, 0.5015292516873871600, 5.146088404399193900 ) ) ;
#8843 = CARTESIAN_POINT ( 'NONE',  ( 2.201000000000000100, 0.5010000000000000000, 4.588499999999999800 ) ) ;
#8844 =( NAMED_UNIT ( * ) PLANE_ANGLE_UNIT ( ) SI_UNIT ( $, .RADIAN. ) );
#8845 = SURFACE_SIDE_STYLE ('',( #6667 ) ) ;
#8846 = FILL_AREA_STYLE_COLOUR ( '', #6889 ) ;
#8847 =( GEOMETRIC_REPRESENTATION_CONTEXT ( 3 ) GLOBAL_UNCERTAINTY_ASSIGNED_CONTEXT ( ( #7630 ) ) GLOBAL_UNIT_ASSIGNED_CONTEXT ( ( #669, #5776, #1455 ) ) REPRESENTATION_CONTEXT ( 'NONE', 'WORKASPACE' ) );
#8848 = LINE ( 'NONE', #2147, #7704 ) ;
#8849 = SURFACE_STYLE_USAGE ( .BOTH. , #5153 ) ;
#8850 = EDGE_CURVE ( 'NONE', #3326, #4398, #4392, .T. ) ;
#8851 = FACE_OUTER_BOUND ( 'NONE', #376, .T. ) ;
#8852 = ORIENTED_EDGE ( 'NONE', *, *, #2037, .F. ) ;
#8853 = SURFACE_SIDE_STYLE ('',( #5993 ) ) ;
#8854 = LINE ( 'NONE', #5910, #1137 ) ;
#8855 = CARTESIAN_POINT ( 'NONE',  ( 0.1989999999999999300, 0.5010000000000000000, 3.786499999999998900 ) ) ;
#8856 = VECTOR ( 'NONE', #9013, 1000.000000000000000 ) ;
#8857 = PRESENTATION_LAYER_ASSIGNMENT (  '', '', ( #6885 ) ) ;
#8858 = CARTESIAN_POINT ( 'NONE',  ( -1.399999999999999900, 0.0000000000000000000, 3.787499999999999200 ) ) ;
#8859 = LINE ( 'NONE', #8484, #1129 ) ;
#8860 = DIRECTION ( 'NONE',  ( 0.0000000000000000000, 0.0000000000000000000, -1.000000000000000000 ) ) ;
#8861 = ORIENTED_EDGE ( 'NONE', *, *, #5385, .F. ) ;
#8862 = ORIENTED_EDGE ( 'NONE', *, *, #3673, .F. ) ;
#8863 = CARTESIAN_POINT ( 'NONE',  ( 4.424999999999999800, 0.0000000000000000000, 5.787499999999999600 ) ) ;
#8864 = LINE ( 'NONE', #7597, #6452 ) ;
#8865 = EDGE_CURVE ( 'NONE', #2963, #1738, #3623, .T. ) ;
#8866 = UNCERTAINTY_MEASURE_WITH_UNIT (LENGTH_MEASURE( 1.000000000000000100E-005 ), #7295, 'distance_accuracy_value', 'NONE');
#8867 = CARTESIAN_POINT ( 'NONE',  ( 2.600000000000000100, 0.5000000000000000000, 5.787499999999999600 ) ) ;
#8868 = CARTESIAN_POINT ( 'NONE',  ( -4.251000000000000300, 0.5010000000000000000, -2.298500000000003300 ) ) ;
#8869 = AXIS2_PLACEMENT_3D ( 'NONE', #3403, #6899, #5547 ) ;
#8870 = COLOUR_RGB ( '',0.7529411764705882200, 0.7529411764705882200, 0.7529411764705882200 ) ;
#8871 = MECHANICAL_DESIGN_GEOMETRIC_PRESENTATION_REPRESENTATION (  '', ( #8386 ), #124 ) ;
#8872 = ORIENTED_EDGE ( 'NONE', *, *, #8342, .T. ) ;
#8873 = VECTOR ( 'NONE', #2516, 1000.000000000000000 ) ;
#8874 = PLANE ( 'NONE',  #4099 ) ;
#8875 = CARTESIAN_POINT ( 'NONE',  ( 1.000999999999999900, 2.299999999999999800, 5.093165997290524800 ) ) ;
#8876 = CARTESIAN_POINT ( 'NONE',  ( 0.0000000000000000000, 0.02000000000000000000, -4.986500000000003000 ) ) ;
#8877 = DIRECTION ( 'NONE',  ( -0.0000000000000000000, 0.0000000000000000000, 1.000000000000000000 ) ) ;
#8878 = EDGE_CURVE ( 'NONE', #3599, #2009, #6558, .T. ) ;
#8879 = SURFACE_SIDE_STYLE ('',( #4744 ) ) ;
#8880 = VECTOR ( 'NONE', #2993, 1000.000000000000000 ) ;
#8881 = ORIENTED_EDGE ( 'NONE', *, *, #2355, .F. ) ;
#8882 = VECTOR ( 'NONE', #8963, 1000.000000000000000 ) ;
#8883 = PLANE ( 'NONE',  #7107 ) ;
#8884 = DIRECTION ( 'NONE',  ( 0.0000000000000000000, 1.000000000000000000, 0.0000000000000000000 ) ) ;
#8885 =( LENGTH_UNIT ( ) NAMED_UNIT ( * ) SI_UNIT ( .MILLI., .METRE. ) );
#8886 = ADVANCED_FACE ( 'NONE', ( #3738 ), #5441, .T. ) ;
#8887 = FACE_OUTER_BOUND ( 'NONE', #1254, .T. ) ;
#8888 = DIRECTION ( 'NONE',  ( 0.0000000000000000000, -0.0000000000000000000, 1.000000000000000000 ) ) ;
#8889 = PRESENTATION_LAYER_ASSIGNMENT (  '', '', ( #4658 ) ) ;
#8890 = VERTEX_POINT ( 'NONE', #2074 ) ;
#8891 =( NAMED_UNIT ( * ) SI_UNIT ( $, .STERADIAN. ) SOLID_ANGLE_UNIT ( ) );
#8892 = ORIENTED_EDGE ( 'NONE', *, *, #130, .F. ) ;
#8893 = VECTOR ( 'NONE', #7728, 1000.000000000000200 ) ;
#8894 = EDGE_CURVE ( 'NONE', #5695, #7608, #6792, .T. ) ;
#8895 = CARTESIAN_POINT ( 'NONE',  ( 3.799999999999999400, 0.5000000000000000000, 0.0000000000000000000 ) ) ;
#8896 =( NAMED_UNIT ( * ) SI_UNIT ( $, .STERADIAN. ) SOLID_ANGLE_UNIT ( ) );
#8897 = VECTOR ( 'NONE', #3389, 1000.000000000000100 ) ;
#8898 = ORIENTED_EDGE ( 'NONE', *, *, #814, .T. ) ;
#8899 = EDGE_LOOP ( 'NONE', ( #5170, #5205, #3864, #8307 ) ) ;
#8900 = LINE ( 'NONE', #9169, #6945 ) ;
#8901 = ORIENTED_EDGE ( 'NONE', *, *, #5916, .T. ) ;
#8902 = CARTESIAN_POINT ( 'NONE',  ( -4.760769540619038200, 2.200000000000000200, -4.998269540619038900 ) ) ;
#8903 = CARTESIAN_POINT ( 'NONE',  ( -1.399999999999999900, 0.5000000000000000000, 0.0000000000000000000 ) ) ;
#8904 = VECTOR ( 'NONE', #5295, 1000.000000000000000 ) ;
#8905 = EDGE_CURVE ( 'NONE', #4784, #5340, #456, .T. ) ;
#8906 = PLANE ( 'NONE',  #3978 ) ;
#8907 = ORIENTED_EDGE ( 'NONE', *, *, #8420, .F. ) ;
#8908 = ORIENTED_EDGE ( 'NONE', *, *, #6720, .T. ) ;
#8909 = CARTESIAN_POINT ( 'NONE',  ( -2.598999999999999800, 2.299999999999999800, 5.093165997290524800 ) ) ;
#8910 = MECHANICAL_DESIGN_GEOMETRIC_PRESENTATION_REPRESENTATION (  '', ( #7161 ), #4504 ) ;
#8911 = LINE ( 'NONE', #992, #749 ) ;
#8912 = ORIENTED_EDGE ( 'NONE', *, *, #3904, .F. ) ;
#8913 = PRESENTATION_LAYER_ASSIGNMENT (  '', '', ( #4211 ) ) ;
#8914 =( LENGTH_UNIT ( ) NAMED_UNIT ( * ) SI_UNIT ( .MILLI., .METRE. ) );
#8915 = AXIS2_PLACEMENT_3D ( 'NONE', #4079, #4865, #1255 ) ;
#8916 = EDGE_LOOP ( 'NONE', ( #2644, #6435, #2904, #2078, #3018, #3028 ) ) ;
#8917 = FACE_OUTER_BOUND ( 'NONE', #6585, .T. ) ;
#8918 = LINE ( 'NONE', #2129, #5038 ) ;
#8919 = CARTESIAN_POINT ( 'NONE',  ( 4.850000000000001400, 2.299999999999999800, 5.087499999999998600 ) ) ;
#8920 = ORIENTED_EDGE ( 'NONE', *, *, #914, .F. ) ;
#8921 = DIRECTION ( 'NONE',  ( -1.000000000000000000, 0.0000000000000000000, 0.0000000000000000000 ) ) ;
#8922 = UNCERTAINTY_MEASURE_WITH_UNIT (LENGTH_MEASURE( 1.000000000000000100E-005 ), #8088, 'distance_accuracy_value', 'NONE');
#8923 = PLANE ( 'NONE',  #6295 ) ;
#8924 = VERTEX_POINT ( 'NONE', #4124 ) ;
#8925 = PLANE ( 'NONE',  #3135 ) ;
#8926 = PRESENTATION_LAYER_ASSIGNMENT (  '', '', ( #7577 ) ) ;
#8927 =( LENGTH_UNIT ( ) NAMED_UNIT ( * ) SI_UNIT ( .MILLI., .METRE. ) );
#8928 = ORIENTED_EDGE ( 'NONE', *, *, #1123, .F. ) ;
#8929 = UNCERTAINTY_MEASURE_WITH_UNIT (LENGTH_MEASURE( 1.000000000000000100E-005 ), #1386, 'distance_accuracy_value', 'NONE');
#8930 = ORIENTED_EDGE ( 'NONE', *, *, #648, .T. ) ;
#8931 = ADVANCED_FACE ( 'NONE', ( #8293 ), #2038, .T. ) ;
#8932 = EDGE_CURVE ( 'NONE', #2393, #1403, #567, .T. ) ;
#8933 = PLANE ( 'NONE',  #5394 ) ;
#8934 = VECTOR ( 'NONE', #5365, 1000.000000000000000 ) ;
#8935 = DIRECTION ( 'NONE',  ( -0.0000000000000000000, 0.0000000000000000000, -1.000000000000000000 ) ) ;
#8936 = MECHANICAL_DESIGN_GEOMETRIC_PRESENTATION_REPRESENTATION (  '', ( #681 ), #5524 ) ;
#8937 = ORIENTED_EDGE ( 'NONE', *, *, #6738, .T. ) ;
#8938 = CARTESIAN_POINT ( 'NONE',  ( 4.601000000000000000, 2.299999999999999800, 5.093165997290524800 ) ) ;
#8939 = SURFACE_SIDE_STYLE ('',( #3776 ) ) ;
#8940 =( NAMED_UNIT ( * ) PLANE_ANGLE_UNIT ( ) SI_UNIT ( $, .RADIAN. ) );
#8941 = VERTEX_POINT ( 'NONE', #8613 ) ;
#8942 =( GEOMETRIC_REPRESENTATION_CONTEXT ( 3 ) GLOBAL_UNCERTAINTY_ASSIGNED_CONTEXT ( ( #7574 ) ) GLOBAL_UNIT_ASSIGNED_CONTEXT ( ( #8685, #1431, #6468 ) ) REPRESENTATION_CONTEXT ( 'NONE', 'WORKASPACE' ) );
#8943 = DIRECTION ( 'NONE',  ( -1.000000000000000000, 0.0000000000000000000, 0.0000000000000000000 ) ) ;
#8944 = EDGE_LOOP ( 'NONE', ( #4587, #9130, #5627, #4771, #6012, #2524 ) ) ;
#8945 = FILL_AREA_STYLE_COLOUR ( '', #4337 ) ;
#8946 = EDGE_CURVE ( 'NONE', #3326, #5706, #9068, .T. ) ;
#8947 = FILL_AREA_STYLE ('',( #6582 ) ) ;
#8948 = DIRECTION ( 'NONE',  ( -1.000000000000000000, 0.0000000000000000000, -0.0000000000000000000 ) ) ;
#8949 = VECTOR ( 'NONE', #3942, 1000.000000000000000 ) ;
#8950 = CARTESIAN_POINT ( 'NONE',  ( -4.150999999999999800, 0.5010000000000000000, -2.598500000000003100 ) ) ;
#8951 = CARTESIAN_POINT ( 'NONE',  ( 1.399000000000000000, 0.5010000000000000000, 5.187447592220710400 ) ) ;
#8952 =( GEOMETRIC_REPRESENTATION_CONTEXT ( 3 ) GLOBAL_UNCERTAINTY_ASSIGNED_CONTEXT ( ( #7939 ) ) GLOBAL_UNIT_ASSIGNED_CONTEXT ( ( #6895, #4730, #8384 ) ) REPRESENTATION_CONTEXT ( 'NONE', 'WORKASPACE' ) );
#8953 = CARTESIAN_POINT ( 'NONE',  ( 0.0000000000000000000, 0.5000000000000000000, -4.987500000000002500 ) ) ;
#8954 = VECTOR ( 'NONE', #7265, 1000.000000000000000 ) ;
#8955 = ORIENTED_EDGE ( 'NONE', *, *, #4250, .T. ) ;
#8956 = EDGE_CURVE ( 'NONE', #7071, #8574, #7587, .T. ) ;
#8957 = CARTESIAN_POINT ( 'NONE',  ( 4.760769540619036500, 2.299999999999999800, -4.998269540619038900 ) ) ;
#8958 = DIRECTION ( 'NONE',  ( 0.0000000000000000000, 0.0000000000000000000, 1.000000000000000000 ) ) ;
#8959 = MECHANICAL_DESIGN_GEOMETRIC_PRESENTATION_REPRESENTATION (  '', ( #7437 ), #4864 ) ;
#8960 = VECTOR ( 'NONE', #8046, 1000.000000000000100 ) ;
#8961 = ORIENTED_EDGE ( 'NONE', *, *, #3866, .T. ) ;
#8962 = VECTOR ( 'NONE', #1187, 1000.000000000000000 ) ;
#8963 = DIRECTION ( 'NONE',  ( 0.0000000000000000000, 0.0000000000000000000, -1.000000000000000000 ) ) ;
#8964 = VECTOR ( 'NONE', #4032, 1000.000000000000000 ) ;
#8965 = CARTESIAN_POINT ( 'NONE',  ( 0.0000000000000000000, 0.5010000000000000000, 0.0000000000000000000 ) ) ;
#8966 = CARTESIAN_POINT ( 'NONE',  ( 4.599999999999999600, 0.0000000000000000000, 5.787499999999999600 ) ) ;
#8967 = ORIENTED_EDGE ( 'NONE', *, *, #5059, .T. ) ;
#8968 = LINE ( 'NONE', #7884, #7601 ) ;
#8969 = FILL_AREA_STYLE ('',( #8261 ) ) ;
#8970 = EDGE_CURVE ( 'NONE', #4074, #2419, #8082, .T. ) ;
#8971 = FACE_OUTER_BOUND ( 'NONE', #8485, .T. ) ;
#8972 = DIRECTION ( 'NONE',  ( 0.0000000000000000000, 0.0000000000000000000, -1.000000000000000000 ) ) ;
#8973 = CARTESIAN_POINT ( 'NONE',  ( -4.061602540378443000, 0.1499999999999999900, 0.0000000000000000000 ) ) ;
#8974 = ADVANCED_FACE ( 'NONE', ( #7957 ), #7103, .F. ) ;
#8975 = EDGE_LOOP ( 'NONE', ( #6595, #3131, #2851 ) ) ;
#8976 = LINE ( 'NONE', #4388, #1391 ) ;
#8977 = CARTESIAN_POINT ( 'NONE',  ( 0.1999999999999999300, 0.0000000000000000000, -0.0000000000000000000 ) ) ;
#8978 = AXIS2_PLACEMENT_3D ( 'NONE', #866, #4486, #3805 ) ;
#8979 = COLOUR_RGB ( '',0.7529411764705882200, 0.7529411764705882200, 0.7529411764705882200 ) ;
#8980 =( NAMED_UNIT ( * ) PLANE_ANGLE_UNIT ( ) SI_UNIT ( $, .RADIAN. ) );
#8981 = UNCERTAINTY_MEASURE_WITH_UNIT (LENGTH_MEASURE( 1.000000000000000100E-005 ), #8590, 'distance_accuracy_value', 'NONE');
#8982 = DIRECTION ( 'NONE',  ( 0.0000000000000000000, -1.000000000000000000, 0.0000000000000000000 ) ) ;
#8983 = VECTOR ( 'NONE', #6533, 1000.000000000000000 ) ;
#8984 = LINE ( 'NONE', #495, #1397 ) ;
#8985 = CARTESIAN_POINT ( 'NONE',  ( 4.670000000000002600, 2.250000000000000000, 1.241707825693110000 ) ) ;
#8986 = ORIENTED_EDGE ( 'NONE', *, *, #2684, .T. ) ;
#8987 = ORIENTED_EDGE ( 'NONE', *, *, #5494, .T. ) ;
#8988 = SURFACE_SIDE_STYLE ('',( #5562 ) ) ;
#8989 = EDGE_CURVE ( 'NONE', #3620, #4181, #6321, .T. ) ;
#8990 = VECTOR ( 'NONE', #1592, 1000.000000000000000 ) ;
#8991 =( NAMED_UNIT ( * ) SI_UNIT ( $, .STERADIAN. ) SOLID_ANGLE_UNIT ( ) );
#8992 = CARTESIAN_POINT ( 'NONE',  ( 4.251000000000000300, 0.5010000000000000000, -4.986500000000002200 ) ) ;
#8993 = VECTOR ( 'NONE', #5595, 1000.000000000000000 ) ;
#8994 = ORIENTED_EDGE ( 'NONE', *, *, #3991, .F. ) ;
#8995 = DIRECTION ( 'NONE',  ( 0.0000000000000000000, 0.0000000000000000000, -1.000000000000000000 ) ) ;
#8996 = ORIENTED_EDGE ( 'NONE', *, *, #5533, .F. ) ;
#8997 = ORIENTED_EDGE ( 'NONE', *, *, #6228, .T. ) ;
#8998 = PLANE ( 'NONE',  #3091 ) ;
#8999 = DIRECTION ( 'NONE',  ( -1.000000000000000000, 0.0000000000000000000, -0.0000000000000000000 ) ) ;
#9000 = EDGE_CURVE ( 'NONE', #9019, #6708, #8510, .T. ) ;
#9001 = DIRECTION ( 'NONE',  ( 0.0000000000000000000, 0.05233595624294126000, 0.9986295347545739400 ) ) ;
#9002 = SURFACE_STYLE_FILL_AREA ( #5505 ) ;
#9003 = EDGE_LOOP ( 'NONE', ( #5124, #5062, #7062, #1826 ) ) ;
#9004 = VERTEX_POINT ( 'NONE', #9304 ) ;
#9005 = ORIENTED_EDGE ( 'NONE', *, *, #7240, .F. ) ;
#9006 = DIRECTION ( 'NONE',  ( -0.0000000000000000000, 0.0000000000000000000, -1.000000000000000000 ) ) ;
#9007 = PRESENTATION_LAYER_ASSIGNMENT (  '', '', ( #7866 ) ) ;
#9008 = COLOUR_RGB ( '',0.7529411764705882200, 0.7529411764705882200, 0.7529411764705882200 ) ;
#9009 = ORIENTED_EDGE ( 'NONE', *, *, #7810, .F. ) ;
#9010 = ORIENTED_EDGE ( 'NONE', *, *, #8457, .T. ) ;
#9011 = SURFACE_STYLE_FILL_AREA ( #2811 ) ;
#9012 = EDGE_CURVE ( 'NONE', #1916, #703, #4507, .T. ) ;
#9013 = DIRECTION ( 'NONE',  ( -0.0000000000000000000, -1.000000000000000000, -0.0000000000000000000 ) ) ;
#9014 = DIRECTION ( 'NONE',  ( 1.000000000000000000, 0.0000000000000000000, -0.0000000000000000000 ) ) ;
#9015 = ORIENTED_EDGE ( 'NONE', *, *, #8956, .F. ) ;
#9016 = CARTESIAN_POINT ( 'NONE',  ( -4.731000000000000800, 0.5010000000000000000, 0.9634999999999968000 ) ) ;
#9017 = DIRECTION ( 'NONE',  ( 0.0000000000000000000, 0.0000000000000000000, 1.000000000000000000 ) ) ;
#9018 = ORIENTED_EDGE ( 'NONE', *, *, #2710, .F. ) ;
#9019 = VERTEX_POINT ( 'NONE', #1264 ) ;
#9020 = LINE ( 'NONE', #4646, #6158 ) ;
#9021 = DIRECTION ( 'NONE',  ( 1.000000000000000000, 0.0000000000000000000, -0.0000000000000000000 ) ) ;
#9022 = STYLED_ITEM ( 'NONE', ( #7467 ), #6260 ) ;
#9023 = ADVANCED_FACE ( 'NONE', ( #2836 ), #2716, .T. ) ;
#9024 = EDGE_CURVE ( 'NONE', #3507, #2276, #7470, .T. ) ;
#9025 =( LENGTH_UNIT ( ) NAMED_UNIT ( * ) SI_UNIT ( .MILLI., .METRE. ) );
#9026 = DIRECTION ( 'NONE',  ( 0.0000000000000000000, -1.000000000000000000, 0.0000000000000000000 ) ) ;
#9027 = ORIENTED_EDGE ( 'NONE', *, *, #1410, .T. ) ;
#9028 = VECTOR ( 'NONE', #5661, 1000.000000000000200 ) ;
#9029 = FILL_AREA_STYLE ('',( #3917 ) ) ;
#9030 = DIRECTION ( 'NONE',  ( 0.0000000000000000000, 0.0000000000000000000, 1.000000000000000000 ) ) ;
#9031 = AXIS2_PLACEMENT_3D ( 'NONE', #1798, #8346, #4011 ) ;
#9032 = CARTESIAN_POINT ( 'NONE',  ( -4.251000000000000300, 0.5010000000000000000, 1.103499999999997500 ) ) ;
#9033 = AXIS2_PLACEMENT_3D ( 'NONE', #6003, #6609, #1691 ) ;
#9034 = DIRECTION ( 'NONE',  ( -1.000000000000000000, 0.0000000000000000000, -0.0000000000000000000 ) ) ;
#9035 = ORIENTED_EDGE ( 'NONE', *, *, #4621, .T. ) ;
#9036 = COLOUR_RGB ( '',0.7529411764705882200, 0.7529411764705882200, 0.7529411764705882200 ) ;
#9037 = EDGE_CURVE ( 'NONE', #4594, #2332, #1367, .T. ) ;
#9038 = ORIENTED_EDGE ( 'NONE', *, *, #3632, .F. ) ;
#9039 = EDGE_CURVE ( 'NONE', #4178, #4478, #2602, .T. ) ;
#9040 = DIRECTION ( 'NONE',  ( 0.0000000000000000000, 0.0000000000000000000, -1.000000000000000000 ) ) ;
#9041 = FILL_AREA_STYLE_COLOUR ( '', #789 ) ;
#9042 = UNCERTAINTY_MEASURE_WITH_UNIT (LENGTH_MEASURE( 1.000000000000000100E-005 ), #9212, 'distance_accuracy_value', 'NONE');
#9043 =( GEOMETRIC_REPRESENTATION_CONTEXT ( 3 ) GLOBAL_UNCERTAINTY_ASSIGNED_CONTEXT ( ( #2825 ) ) GLOBAL_UNIT_ASSIGNED_CONTEXT ( ( #3560, #7817, #9324 ) ) REPRESENTATION_CONTEXT ( 'NONE', 'WORKASPACE' ) );
#9044 = ORIENTED_EDGE ( 'NONE', *, *, #2937, .F. ) ;
#9045 = CARTESIAN_POINT ( 'NONE',  ( 4.900000000000000400, 0.02000000000000000000, -5.137500000000001100 ) ) ;
#9046 = AXIS2_PLACEMENT_3D ( 'NONE', #7042, #5652, #1231 ) ;
#9047 =( NAMED_UNIT ( * ) SI_UNIT ( $, .STERADIAN. ) SOLID_ANGLE_UNIT ( ) );
#9048 = EDGE_LOOP ( 'NONE', ( #7583, #638, #6002, #5454, #3370 ) ) ;
#9049 = PLANE ( 'NONE',  #9266 ) ;
#9050 = EDGE_CURVE ( 'NONE', #7745, #1383, #1132, .T. ) ;
#9051 = CARTESIAN_POINT ( 'NONE',  ( -4.950000000000001100, 0.07000000000000207400, -5.173398757011785400 ) ) ;
#9052 = PRESENTATION_STYLE_ASSIGNMENT (( #2154 ) ) ;
#9053 = DIRECTION ( 'NONE',  ( 0.0000000000000000000, 1.000000000000000000, 0.0000000000000000000 ) ) ;
#9054 = VECTOR ( 'NONE', #2418, 1000.000000000000000 ) ;
#9055 = EDGE_LOOP ( 'NONE', ( #4228, #1809, #4796, #8912, #5694, #7861, #2314, #9374 ) ) ;
#9056 = LINE ( 'NONE', #9386, #5063 ) ;
#9057 = SURFACE_SIDE_STYLE ('',( #35 ) ) ;
#9058 = DIRECTION ( 'NONE',  ( 0.0000000000000000000, 0.0000000000000000000, -1.000000000000000000 ) ) ;
#9059 = AXIS2_PLACEMENT_3D ( 'NONE', #1044, #3852, #6118 ) ;
#9060 = ORIENTED_EDGE ( 'NONE', *, *, #239, .T. ) ;
#9061 = CARTESIAN_POINT ( 'NONE',  ( -4.669999999999999900, 2.299999999999999800, -2.142500000000000500 ) ) ;
#9062 = COLOUR_RGB ( '',0.7529411764705882200, 0.7529411764705882200, 0.7529411764705882200 ) ;
#9063 = DIRECTION ( 'NONE',  ( 1.000000000000000000, 0.0000000000000000000, 0.0000000000000000000 ) ) ;
#9064 = DIRECTION ( 'NONE',  ( 0.0000000000000000000, 0.0000000000000000000, 1.000000000000000000 ) ) ;
#9065 = EDGE_CURVE ( 'NONE', #3988, #9288, #6213, .T. ) ;
#9066 = COLOUR_RGB ( '',0.7529411764705882200, 0.7529411764705882200, 0.7529411764705882200 ) ;
#9067 = ADVANCED_FACE ( 'NONE', ( #9179 ), #6492, .F. ) ;
#9068 = LINE ( 'NONE', #4873, #8195 ) ;
#9069 = ORIENTED_EDGE ( 'NONE', *, *, #5995, .T. ) ;
#9070 = COLOUR_RGB ( '',0.7529411764705882200, 0.7529411764705882200, 0.7529411764705882200 ) ;
#9071 = AXIS2_PLACEMENT_3D ( 'NONE', #6503, #2982, #2183 ) ;
#9072 = LINE ( 'NONE', #6191, #8526 ) ;
#9073 = ORIENTED_EDGE ( 'NONE', *, *, #5023, .T. ) ;
#9074 = SURFACE_SIDE_STYLE ('',( #2116 ) ) ;
#9075 = CARTESIAN_POINT ( 'NONE',  ( 4.944497758068601800, 0.04719759823592639700, -5.181997758082260900 ) ) ;
#9076 = EDGE_CURVE ( 'NONE', #2896, #2891, #6784, .T. ) ;
#9077 = VECTOR ( 'NONE', #1900, 1000.000000000000000 ) ;
#9078 = CARTESIAN_POINT ( 'NONE',  ( -4.855665997290525800, 2.299999999999999800, 8.118783418797309900E-016 ) ) ;
#9079 = AXIS2_PLACEMENT_3D ( 'NONE', #4716, #6220, #8502 ) ;
#9080 = VERTEX_POINT ( 'NONE', #5093 ) ;
#9081 = SURFACE_STYLE_USAGE ( .BOTH. , #6209 ) ;
#9082 = VECTOR ( 'NONE', #1444, 1000.000000000000000 ) ;
#9083 = ORIENTED_EDGE ( 'NONE', *, *, #1155, .T. ) ;
#9084 = VECTOR ( 'NONE', #133, 1000.000000000000000 ) ;
#9085 = SURFACE_SIDE_STYLE ('',( #9002 ) ) ;
#9086 = AXIS2_PLACEMENT_3D ( 'NONE', #3073, #8166, #6629 ) ;
#9087 = DIRECTION ( 'NONE',  ( 1.000000000000000000, 0.0000000000000000000, -0.0000000000000000000 ) ) ;
#9088 = AXIS2_PLACEMENT_3D ( 'NONE', #6068, #1662, #6007 ) ;
#9089 = LINE ( 'NONE', #3068, #3540 ) ;
#9090 = DIRECTION ( 'NONE',  ( 0.0000000000000000000, 0.0000000000000000000, 1.000000000000000000 ) ) ;
#9091 = EDGE_LOOP ( 'NONE', ( #5664, #1280, #4606, #155 ) ) ;
#9092 = LINE ( 'NONE', #1162, #7860 ) ;
#9093 = ORIENTED_EDGE ( 'NONE', *, *, #4480, .T. ) ;
#9094 = CARTESIAN_POINT ( 'NONE',  ( -4.251000000000000300, 0.01999999999999999700, -4.986500000000003000 ) ) ;
#9095 = LINE ( 'NONE', #9113, #5101 ) ;
#9096 = CARTESIAN_POINT ( 'NONE',  ( -1.399000000000000000, 0.5010000000000000000, 3.786499999999998900 ) ) ;
#9097 =( BOUNDED_CURVE ( )  B_SPLINE_CURVE ( 3, ( #9254, #5570, #3424, #8507 ),
 .UNSPECIFIED., .F., .F. ) 
 B_SPLINE_CURVE_WITH_KNOTS ( ( 4, 4 ),
 ( 4.764748857944515400, 6.283185307179586200 ),
 .UNSPECIFIED. ) 
 CURVE ( )  GEOMETRIC_REPRESENTATION_ITEM ( )  RATIONAL_B_SPLINE_CURVE ( ( 1.000000000000000000, 0.8169162473415241300, 0.8169162473415241300, 1.000000000000000000 ) ) 
 REPRESENTATION_ITEM ( '' )  );
#9098 = AXIS2_PLACEMENT_3D ( 'NONE', #2438, #6730, #8309 ) ;
#9099 = LINE ( 'NONE', #5392, #935 ) ;
#9100 = LINE ( 'NONE', #4249, #6463 ) ;
#9101 = AXIS2_PLACEMENT_3D ( 'NONE', #5793, #8465, #6879 ) ;
#9102 = ORIENTED_EDGE ( 'NONE', *, *, #3217, .F. ) ;
#9103 = COLOUR_RGB ( '',0.2509803921568627400, 0.2509803921568627400, 0.2509803921568627400 ) ;
#9104 = VERTEX_POINT ( 'NONE', #8033 ) ;
#9105 = PLANE ( 'NONE',  #7974 ) ;
#9106 = CARTESIAN_POINT ( 'NONE',  ( 0.7383974596215552300, 0.1499999999999999900, 5.557499999999999200 ) ) ;
#9107 = SURFACE_STYLE_FILL_AREA ( #667 ) ;
#9108 = EDGE_CURVE ( 'NONE', #6708, #2118, #558, .T. ) ;
#9109 = ORIENTED_EDGE ( 'NONE', *, *, #2672, .T. ) ;
#9110 = VECTOR ( 'NONE', #3774, 1000.000000000000000 ) ;
#9111 = VECTOR ( 'NONE', #2308, 1000.000000000000200 ) ;
#9112 = PRESENTATION_LAYER_ASSIGNMENT (  '', '', ( #7845 ) ) ;
#9113 = CARTESIAN_POINT ( 'NONE',  ( 4.950000000000001100, 0.4999999999998842000, 5.187499999999999100 ) ) ;
#9114 = ADVANCED_FACE ( 'NONE', ( #8851 ), #2967, .F. ) ;
#9115 = DIRECTION ( 'NONE',  ( -0.05226442768871088200, -0.9972646886342375600, 0.05226442768871088900 ) ) ;
#9116 = FILL_AREA_STYLE ('',( #1131 ) ) ;
#9117 = LINE ( 'NONE', #71, #8447 ) ;
#9118 = DIRECTION ( 'NONE',  ( -1.000000000000000000, 0.0000000000000000000, 0.0000000000000000000 ) ) ;
#9119 = ORIENTED_EDGE ( 'NONE', *, *, #790, .T. ) ;
#9120 = LINE ( 'NONE', #8414, #3122 ) ;
#9121 =( NAMED_UNIT ( * ) PLANE_ANGLE_UNIT ( ) SI_UNIT ( $, .RADIAN. ) );
#9122 = VERTEX_POINT ( 'NONE', #2109 ) ;
#9123 = EDGE_CURVE ( 'NONE', #1753, #2935, #4273, .T. ) ;
#9124 = ORIENTED_EDGE ( 'NONE', *, *, #364, .T. ) ;
#9125 =( NAMED_UNIT ( * ) PLANE_ANGLE_UNIT ( ) SI_UNIT ( $, .RADIAN. ) );
#9126 = EDGE_LOOP ( 'NONE', ( #1303, #4676, #6934, #4009, #6846, #4132 ) ) ;
#9127 = SURFACE_SIDE_STYLE ('',( #8681 ) ) ;
#9128 = ORIENTED_EDGE ( 'NONE', *, *, #8837, .F. ) ;
#9129 = ORIENTED_EDGE ( 'NONE', *, *, #20, .F. ) ;
#9130 = ORIENTED_EDGE ( 'NONE', *, *, #5485, .F. ) ;
#9131 = CARTESIAN_POINT ( 'NONE',  ( 4.900000000000000400, 0.5000000000000000000, -5.237500000000000700 ) ) ;
#9132 = EDGE_CURVE ( 'NONE', #1301, #3326, #1704, .T. ) ;
#9133 = CARTESIAN_POINT ( 'NONE',  ( 4.731000000000000800, 0.01999999999999999700, 0.9634999999999968000 ) ) ;
#9134 = ORIENTED_EDGE ( 'NONE', *, *, #1869, .T. ) ;
#9135 = ORIENTED_EDGE ( 'NONE', *, *, #1624, .F. ) ;
#9136 = CIRCLE ( 'NONE', #1133, 0.04999999999999969700 ) ;
#9137 = CARTESIAN_POINT ( 'NONE',  ( 4.250000000000000000, 0.5000000000000000000, -2.297500000000003000 ) ) ;
#9138 = CARTESIAN_POINT ( 'NONE',  ( -4.860632494094494900, 2.205233595624294100, 1.236727650462716700 ) ) ;
#9139 = CARTESIAN_POINT ( 'NONE',  ( 4.810701017356765700, 2.207843220975530300, 1.187001555694303000 ) ) ;
#9140 = DIRECTION ( 'NONE',  ( -1.000000000000000000, 0.0000000000000000000, -0.0000000000000000000 ) ) ;
#9141 = ORIENTED_EDGE ( 'NONE', *, *, #8081, .T. ) ;
#9142 = DIRECTION ( 'NONE',  ( 1.000000000000000000, -0.0000000000000000000, -0.0000000000000000000 ) ) ;
#9143 = PLANE ( 'NONE',  #3684 ) ;
#9144 = ORIENTED_EDGE ( 'NONE', *, *, #2280, .F. ) ;
#9145 =( LENGTH_UNIT ( ) NAMED_UNIT ( * ) SI_UNIT ( .MILLI., .METRE. ) );
#9146 = CIRCLE ( 'NONE', #1329, 0.05000000000000012800 ) ;
#9147 = DIRECTION ( 'NONE',  ( -0.0000000000000000000, -1.000000000000000000, -0.0000000000000000000 ) ) ;
#9148 = EDGE_CURVE ( 'NONE', #1422, #1653, #7014, .T. ) ;
#9149 = ORIENTED_EDGE ( 'NONE', *, *, #3893, .F. ) ;
#9150 = DIRECTION ( 'NONE',  ( 0.0000000000000000000, 0.0000000000000000000, 1.000000000000000000 ) ) ;
#9151 = SURFACE_SIDE_STYLE ('',( #1579 ) ) ;
#9152 =( BOUNDED_CURVE ( )  B_SPLINE_CURVE ( 3, ( #5926, #2834, #8828, #1606 ),
 .UNSPECIFIED., .F., .F. ) 
 B_SPLINE_CURVE_WITH_KNOTS ( ( 4, 4 ),
 ( 1.623156204354724100, 3.141592653589793100 ),
 .UNSPECIFIED. ) 
 CURVE ( )  GEOMETRIC_REPRESENTATION_ITEM ( )  RATIONAL_B_SPLINE_CURVE ( ( 1.000000000000000000, 0.8169162473415245700, 0.8169162473415245700, 1.000000000000000000 ) ) 
 REPRESENTATION_ITEM ( '' )  );
#9153 = VERTEX_POINT ( 'NONE', #3618 ) ;
#9154 = SURFACE_STYLE_USAGE ( .BOTH. , #3417 ) ;
#9155 = PRESENTATION_LAYER_ASSIGNMENT (  '', '', ( #5749 ) ) ;
#9156 = DIRECTION ( 'NONE',  ( 0.0000000000000000000, 1.000000000000000000, 0.0000000000000000000 ) ) ;
#9157 = ORIENTED_EDGE ( 'NONE', *, *, #6985, .F. ) ;
#9158 =( NAMED_UNIT ( * ) PLANE_ANGLE_UNIT ( ) SI_UNIT ( $, .RADIAN. ) );
#9159 = CARTESIAN_POINT ( 'NONE',  ( -4.251000000000000300, 0.5010000000000000000, -4.986500000000003000 ) ) ;
#9160 = SURFACE_SIDE_STYLE ('',( #148 ) ) ;
#9161 = CARTESIAN_POINT ( 'NONE',  ( -2.774999999999999500, 0.0000000000000000000, 5.557499999999999200 ) ) ;
#9162 = ORIENTED_EDGE ( 'NONE', *, *, #950, .T. ) ;
#9163 = EDGE_CURVE ( 'NONE', #292, #7438, #687, .T. ) ;
#9164 = DIRECTION ( 'NONE',  ( -1.000000000000000000, 0.0000000000000000000, 0.0000000000000000000 ) ) ;
#9165 = ORIENTED_EDGE ( 'NONE', *, *, #9365, .T. ) ;
#9166 = CARTESIAN_POINT ( 'NONE',  ( 3.974999999999999200, 0.1499999999999999900, 5.557499999999999200 ) ) ;
#9167 = FACE_OUTER_BOUND ( 'NONE', #6477, .T. ) ;
#9168 = DIRECTION ( 'NONE',  ( -1.000000000000000000, 0.0000000000000000000, 0.0000000000000000000 ) ) ;
#9169 = CARTESIAN_POINT ( 'NONE',  ( 0.0000000000000000000, 0.02000000000000000000, -2.598500000000003100 ) ) ;
#9170 = CARTESIAN_POINT ( 'NONE',  ( 4.935710163627003800, 0.03004904275046957000, -5.173210163627005400 ) ) ;
#9171 = ORIENTED_EDGE ( 'NONE', *, *, #2163, .F. ) ;
#9172 = ADVANCED_FACE ( 'NONE', ( #5316 ), #3175, .T. ) ;
#9173 = CARTESIAN_POINT ( 'NONE',  ( 0.4022436490538830500, 0.7322354790610811100, 5.787499999999999600 ) ) ;
#9174 = DIRECTION ( 'NONE',  ( 0.0000000000000000000, 0.0000000000000000000, 1.000000000000000000 ) ) ;
#9175 = EDGE_CURVE ( 'NONE', #5751, #7779, #7944, .T. ) ;
#9176 = CARTESIAN_POINT ( 'NONE',  ( -4.850137046524541700, 0.4999999999998839800, 5.187499999999999100 ) ) ;
#9177 = CARTESIAN_POINT ( 'NONE',  ( 2.598999999999999800, 0.5010000000000000000, 5.187447592220710400 ) ) ;
#9178 = SURFACE_SIDE_STYLE ('',( #2624 ) ) ;
#9179 = FACE_OUTER_BOUND ( 'NONE', #5491, .T. ) ;
#9180 = CARTESIAN_POINT ( 'NONE',  ( 4.731000000000000800, 0.5000000000000000000, 0.9634999999999969100 ) ) ;
#9181 = PLANE ( 'NONE',  #4609 ) ;
#9182 = EDGE_LOOP ( 'NONE', ( #951, #1089, #3873, #5960 ) ) ;
#9183 = CARTESIAN_POINT ( 'NONE',  ( 1.399999999999999900, 0.5000000000000000000, 0.0000000000000000000 ) ) ;
#9184 = SURFACE_STYLE_FILL_AREA ( #3705 ) ;
#9185 = VERTEX_POINT ( 'NONE', #9390 ) ;
#9186 = DIRECTION ( 'NONE',  ( 0.0000000000000000000, 0.0000000000000000000, -1.000000000000000000 ) ) ;
#9187 = MECHANICAL_DESIGN_GEOMETRIC_PRESENTATION_REPRESENTATION (  '', ( #7235 ), #4915 ) ;
#9188 = DIRECTION ( 'NONE',  ( -0.5000000000000048800, 0.8660254037844358200, 0.0000000000000000000 ) ) ;
#9189 = EDGE_CURVE ( 'NONE', #2106, #8034, #6547, .T. ) ;
#9190 = CARTESIAN_POINT ( 'NONE',  ( -4.250000000000000000, 0.0000000000000000000, 1.102499999999997600 ) ) ;
#9191 = VECTOR ( 'NONE', #3587, 999.9999999999998900 ) ;
#9192 = ORIENTED_EDGE ( 'NONE', *, *, #4449, .F. ) ;
#9193 = LINE ( 'NONE', #6304, #6227 ) ;
#9194 = ORIENTED_EDGE ( 'NONE', *, *, #2403, .F. ) ;
#9195 = COLOUR_RGB ( '',0.7529411764705882200, 0.7529411764705882200, 0.7529411764705882200 ) ;
#9196 = CARTESIAN_POINT ( 'NONE',  ( 3.799000000000000400, 0.07000000000000018700, 5.187499999999999100 ) ) ;
#9197 = DIRECTION ( 'NONE',  ( 0.0000000000000000000, 0.0000000000000000000, 1.000000000000000000 ) ) ;
#9198 = STYLED_ITEM ( 'NONE', ( #4055 ), #6240 ) ;
#9199 = CARTESIAN_POINT ( 'NONE',  ( -4.816944583281721900, 2.299999999999999800, 1.241707825693109800 ) ) ;
#9200 = FACE_OUTER_BOUND ( 'NONE', #1594, .T. ) ;
#9201 = DIRECTION ( 'NONE',  ( -0.0000000000000000000, 0.0000000000000000000, 1.000000000000000000 ) ) ;
#9202 = DIRECTION ( 'NONE',  ( -0.0000000000000000000, -1.000000000000000000, -0.0000000000000000000 ) ) ;
#9203 = ORIENTED_EDGE ( 'NONE', *, *, #777, .T. ) ;
#9204 = EDGE_CURVE ( 'NONE', #72, #8010, #913, .T. ) ;
#9205 = DIRECTION ( 'NONE',  ( 0.0000000000000000000, -1.000000000000000000, 0.0000000000000000000 ) ) ;
#9206 = SURFACE_STYLE_USAGE ( .BOTH. , #4148 ) ;
#9207 = EDGE_LOOP ( 'NONE', ( #7414, #6600, #3656, #8058 ) ) ;
#9208 = CARTESIAN_POINT ( 'NONE',  ( 4.730000000000000400, 0.5000000000000000000, 0.9624999999999968000 ) ) ;
#9209 =( NAMED_UNIT ( * ) SI_UNIT ( $, .STERADIAN. ) SOLID_ANGLE_UNIT ( ) );
#9210 = AXIS2_PLACEMENT_3D ( 'NONE', #666, #1392, #6781 ) ;
#9211 = UNCERTAINTY_MEASURE_WITH_UNIT (LENGTH_MEASURE( 1.000000000000000100E-005 ), #2642, 'distance_accuracy_value', 'NONE');
#9212 =( LENGTH_UNIT ( ) NAMED_UNIT ( * ) SI_UNIT ( .MILLI., .METRE. ) );
#9213 = EDGE_LOOP ( 'NONE', ( #4019, #1573, #5990, #1954 ) ) ;
#9214 = VECTOR ( 'NONE', #6575, 1000.000000000000000 ) ;
#9215 = LINE ( 'NONE', #4692, #4208 ) ;
#9216 = ORIENTED_EDGE ( 'NONE', *, *, #9039, .F. ) ;
#9218 = LINE ( 'NONE', #4248, #7980 ) ;
#9217 = CARTESIAN_POINT ( 'NONE',  ( 4.335518269075305600, 2.255226423163382500, -2.142499999999999600 ) ) ;
#9219 = ORIENTED_EDGE ( 'NONE', *, *, #1215, .F. ) ;
#9220 = ADVANCED_FACE ( 'NONE', ( #1912 ), #875, .F. ) ;
#9221 = DIRECTION ( 'NONE',  ( -0.0000000000000000000, 0.0000000000000000000, -1.000000000000000000 ) ) ;
#9222 = EDGE_CURVE ( 'NONE', #3616, #7538, #3509, .T. ) ;
#9223 = DIRECTION ( 'NONE',  ( 0.0000000000000000000, 0.0000000000000000000, -1.000000000000000000 ) ) ;
#9224 = MECHANICAL_DESIGN_GEOMETRIC_PRESENTATION_REPRESENTATION (  '', ( #973 ), #300 ) ;
#9225 = LINE ( 'NONE', #3295, #7512 ) ;
#9226 = VERTEX_POINT ( 'NONE', #8184 ) ;
#9227 = ORIENTED_EDGE ( 'NONE', *, *, #9065, .F. ) ;
#9228 = DIRECTION ( 'NONE',  ( 1.000000000000000000, 0.0000000000000000000, 0.0000000000000000000 ) ) ;
#9229 = EDGE_LOOP ( 'NONE', ( #2338, #7901, #8263, #97, #5767, #6883 ) ) ;
#9230 = ORIENTED_EDGE ( 'NONE', *, *, #2545, .F. ) ;
#9231 = SURFACE_STYLE_USAGE ( .BOTH. , #577 ) ;
#9232 = CARTESIAN_POINT ( 'NONE',  ( 4.670000000000003500, 2.250000000000000000, -2.526707825693110400 ) ) ;
#9233 = EDGE_CURVE ( 'NONE', #4178, #500, #5310, .T. ) ;
#9234 = CARTESIAN_POINT ( 'NONE',  ( 0.3749999999999994400, 0.0000000000000000000, 5.787499999999999600 ) ) ;
#9235 = LINE ( 'NONE', #6857, #7298 ) ;
#9236 = SURFACE_SIDE_STYLE ('',( #8329 ) ) ;
#9237 = VERTEX_POINT ( 'NONE', #5136 ) ;
#9238 = ORIENTED_EDGE ( 'NONE', *, *, #104, .T. ) ;
#9239 = VECTOR ( 'NONE', #3564, 1000.000000000000000 ) ;
#9240 = FILL_AREA_STYLE_COLOUR ( '', #7976 ) ;
#9241 = VERTEX_POINT ( 'NONE', #2264 ) ;
#9242 = CARTESIAN_POINT ( 'NONE',  ( 4.520000000000001400, 0.5000000000000000000, -2.142499999999999600 ) ) ;
#9243 = SURFACE_SIDE_STYLE ('',( #1281 ) ) ;
#9244 = VERTEX_POINT ( 'NONE', #5862 ) ;
#9245 =( GEOMETRIC_REPRESENTATION_CONTEXT ( 3 ) GLOBAL_UNCERTAINTY_ASSIGNED_CONTEXT ( ( #3240 ) ) GLOBAL_UNIT_ASSIGNED_CONTEXT ( ( #6699, #8844, #4444 ) ) REPRESENTATION_CONTEXT ( 'NONE', 'WORKASPACE' ) );
#9246 =( LENGTH_UNIT ( ) NAMED_UNIT ( * ) SI_UNIT ( .MILLI., .METRE. ) );
#9247 = CARTESIAN_POINT ( 'NONE',  ( -4.949999999999999300, 0.5000000000000000000, -2.292500000000000400 ) ) ;
#9248 = ORIENTED_EDGE ( 'NONE', *, *, #5763, .T. ) ;
#9249 = ORIENTED_EDGE ( 'NONE', *, *, #4261, .T. ) ;
#9250 = COLOUR_RGB ( '',0.7529411764705882200, 0.7529411764705882200, 0.7529411764705882200 ) ;
#9251 = EDGE_CURVE ( 'NONE', #2332, #1674, #5981, .T. ) ;
#9252 = FILL_AREA_STYLE ('',( #3633 ) ) ;
#9253 = DIRECTION ( 'NONE',  ( 0.0000000000000000000, 0.0000000000000000000, 1.000000000000000000 ) ) ;
#9254 = CARTESIAN_POINT ( 'NONE',  ( 4.810701017356764800, 2.207843220975529900, -2.472001555694303100 ) ) ;
#9255 = AXIS2_PLACEMENT_3D ( 'NONE', #2216, #7934, #4277 ) ;
#9256 = LINE ( 'NONE', #4867, #6064 ) ;
#9257 = CARTESIAN_POINT ( 'NONE',  ( -0.1989999999999995100, 2.299999999999999800, 5.187499999999999100 ) ) ;
#9258 = EDGE_CURVE ( 'NONE', #8078, #1026, #5874, .T. ) ;
#9259 = DIRECTION ( 'NONE',  ( -1.000000000000000000, 0.0000000000000000000, 1.672022627447524700E-016 ) ) ;
#9260 = PRESENTATION_LAYER_ASSIGNMENT (  '', '', ( #7437 ) ) ;
#9261 = VERTEX_POINT ( 'NONE', #8091 ) ;
#9262 = CARTESIAN_POINT ( 'NONE',  ( 4.949999999999999300, 0.3509077649146347700, -5.140666109147859200 ) ) ;
#9263 = CARTESIAN_POINT ( 'NONE',  ( -4.760769540619037300, 2.250000000000000000, 1.241707825693110000 ) ) ;
#9264 = PRESENTATION_STYLE_ASSIGNMENT (( #6871 ) ) ;
#9265 = ORIENTED_EDGE ( 'NONE', *, *, #5371, .T. ) ;
#9266 = AXIS2_PLACEMENT_3D ( 'NONE', #3997, #1125, #368 ) ;
#9267 = ADVANCED_FACE ( 'NONE', ( #1362 ), #8923, .F. ) ;
#9268 = DIRECTION ( 'NONE',  ( 1.000000000000000000, 0.0000000000000000000, -0.0000000000000000000 ) ) ;
#9269 =( LENGTH_UNIT ( ) NAMED_UNIT ( * ) SI_UNIT ( .MILLI., .METRE. ) );
#9270 = STYLED_ITEM ( 'NONE', ( #3362 ), #7399 ) ;
#9271 = DIRECTION ( 'NONE',  ( -1.000000000000000000, 0.0000000000000000000, 0.0000000000000000000 ) ) ;
#9272 = ORIENTED_EDGE ( 'NONE', *, *, #1550, .T. ) ;
#9273 = EDGE_CURVE ( 'NONE', #9310, #2430, #4267, .T. ) ;
#9274 = PLANE ( 'NONE',  #879 ) ;
#9275 = PRESENTATION_STYLE_ASSIGNMENT (( #881 ) ) ;
#9276 = CARTESIAN_POINT ( 'NONE',  ( 2.598999999999999800, 0.07000000000000018700, 5.187499999999999100 ) ) ;
#9277 = ORIENTED_EDGE ( 'NONE', *, *, #1385, .F. ) ;
#9278 = ORIENTED_EDGE ( 'NONE', *, *, #4492, .T. ) ;
#9279 =( GEOMETRIC_REPRESENTATION_CONTEXT ( 3 ) GLOBAL_UNCERTAINTY_ASSIGNED_CONTEXT ( ( #2172 ) ) GLOBAL_UNIT_ASSIGNED_CONTEXT ( ( #5422, #4634, #3625 ) ) REPRESENTATION_CONTEXT ( 'NONE', 'WORKASPACE' ) );
#9280 = COLOUR_RGB ( '',0.7529411764705882200, 0.7529411764705882200, 0.7529411764705882200 ) ;
#9281 = VECTOR ( 'NONE', #3708, 1000.000000000000000 ) ;
#9282 = DIRECTION ( 'NONE',  ( 1.672022627447524500E-016, -0.0000000000000000000, 1.000000000000000000 ) ) ;
#9283 = DIRECTION ( 'NONE',  ( 1.000000000000000000, -0.0000000000000000000, 0.0000000000000000000 ) ) ;
#9284 = VECTOR ( 'NONE', #6613, 1000.000000000000000 ) ;
#9285 = FILL_AREA_STYLE_COLOUR ( '', #5082 ) ;
#9286 = EDGE_CURVE ( 'NONE', #8339, #2169, #1120, .T. ) ;
#9287 = VECTOR ( 'NONE', #1700, 1000.000000000000000 ) ;
#9288 = VERTEX_POINT ( 'NONE', #8124 ) ;
#9289 =( GEOMETRIC_REPRESENTATION_CONTEXT ( 3 ) GLOBAL_UNCERTAINTY_ASSIGNED_CONTEXT ( ( #7231 ) ) GLOBAL_UNIT_ASSIGNED_CONTEXT ( ( #8381, #418, #1185 ) ) REPRESENTATION_CONTEXT ( 'NONE', 'WORKASPACE' ) );
#9290 = CARTESIAN_POINT ( 'NONE',  ( -4.251000000000000300, 0.5010000000000000000, 0.9634999999999968000 ) ) ;
#9291 = CYLINDRICAL_SURFACE ( 'NONE', #6232, 0.04999999999999969700 ) ;
#9292 = EDGE_LOOP ( 'NONE', ( #8729, #7557, #4297, #3638, #2319, #6833, #2522, #8150 ) ) ;
#9293 = DIRECTION ( 'NONE',  ( 0.0000000000000000000, 0.0000000000000000000, -1.000000000000000000 ) ) ;
#9294 = CARTESIAN_POINT ( 'NONE',  ( -3.700000000000001100, 0.0000000000000000000, -5.587500000000003000 ) ) ;
#9295 = CARTESIAN_POINT ( 'NONE',  ( -4.949999999999999300, 0.4999999999998839800, 5.187499999999999100 ) ) ;
#9296 = LINE ( 'NONE', #2764, #5883 ) ;
#9297 = COLOUR_RGB ( '',0.7529411764705882200, 0.7529411764705882200, 0.7529411764705882200 ) ;
#9298 = CARTESIAN_POINT ( 'NONE',  ( 0.0000000000000000000, 2.299999999999999800, 4.998269540619037200 ) ) ;
#9299 = ORIENTED_EDGE ( 'NONE', *, *, #8894, .T. ) ;
#9300 = DIRECTION ( 'NONE',  ( 0.0000000000000000000, 0.0000000000000000000, 1.000000000000000000 ) ) ;
#9301 = LINE ( 'NONE', #3668, #7839 ) ;
#9302 = ADVANCED_FACE ( 'NONE', ( #7578 ), #1468, .F. ) ;
#9303 = EDGE_CURVE ( 'NONE', #4217, #2574, #335, .T. ) ;
#9304 = CARTESIAN_POINT ( 'NONE',  ( 4.810701017356765700, 2.207843220975530300, 1.187001555694303000 ) ) ;
#9305 = VECTOR ( 'NONE', #6515, 1000.000000000000000 ) ;
#9306 = ORIENTED_EDGE ( 'NONE', *, *, #8699, .F. ) ;
#9307 = LINE ( 'NONE', #3184, #1140 ) ;
#9308 = CARTESIAN_POINT ( 'NONE',  ( 3.401000000000000200, 0.5010000000000000000, 4.588499999999999800 ) ) ;
#9309 = FILL_AREA_STYLE ('',( #8588 ) ) ;
#9310 = VERTEX_POINT ( 'NONE', #5396 ) ;
#9311 = VECTOR ( 'NONE', #7098, 1000.000000000000000 ) ;
#9312 = EDGE_LOOP ( 'NONE', ( #2750, #5949, #2275, #8653 ) ) ;
#9313 = PRESENTATION_STYLE_ASSIGNMENT (( #8259 ) ) ;
#9314 = ADVANCED_FACE ( 'NONE', ( #5192 ), #4717, .T. ) ;
#9315 =( NAMED_UNIT ( * ) PLANE_ANGLE_UNIT ( ) SI_UNIT ( $, .RADIAN. ) );
#9316 = CARTESIAN_POINT ( 'NONE',  ( 4.900000000000000400, 0.5000000000000000000, -5.887500000000002800 ) ) ;
#9317 = EDGE_CURVE ( 'NONE', #2094, #1487, #3739, .T. ) ;
#9318 = SURFACE_SIDE_STYLE ('',( #230 ) ) ;
#9319 = ORIENTED_EDGE ( 'NONE', *, *, #5456, .F. ) ;
#9320 = UNCERTAINTY_MEASURE_WITH_UNIT (LENGTH_MEASURE( 1.000000000000000100E-005 ), #3749, 'distance_accuracy_value', 'NONE');
#9321 = STYLED_ITEM ( 'NONE', ( #5418 ), #6520 ) ;
#9322 = SURFACE_STYLE_USAGE ( .BOTH. , #7913 ) ;
#9323 = CIRCLE ( 'NONE', #8533, 0.04999999999999991300 ) ;
#9324 =( NAMED_UNIT ( * ) SI_UNIT ( $, .STERADIAN. ) SOLID_ANGLE_UNIT ( ) );
#9325 = VECTOR ( 'NONE', #5513, 1000.000000000000000 ) ;
#9326 = LINE ( 'NONE', #541, #2409 ) ;
#9327 = EDGE_CURVE ( 'NONE', #9237, #9226, #7827, .T. ) ;
#9328 = EDGE_LOOP ( 'NONE', ( #3890, #3154, #8672, #1497 ) ) ;
#9329 = EDGE_LOOP ( 'NONE', ( #6950, #9129, #89, #7401 ) ) ;
#9330 = UNCERTAINTY_MEASURE_WITH_UNIT (LENGTH_MEASURE( 1.000000000000000100E-005 ), #7404, 'distance_accuracy_value', 'NONE');
#9331 = DIRECTION ( 'NONE',  ( 0.0000000000000000000, -0.0000000000000000000, 1.000000000000000000 ) ) ;
#9332 = STYLED_ITEM ( 'NONE', ( #6487 ), #1922 ) ;
#9333 = ORIENTED_EDGE ( 'NONE', *, *, #7645, .T. ) ;
#9334 = MECHANICAL_DESIGN_GEOMETRIC_PRESENTATION_REPRESENTATION (  '', ( #4154 ), #232 ) ;
#9335 = ORIENTED_EDGE ( 'NONE', *, *, #6381, .T. ) ;
#9336 = DIRECTION ( 'NONE',  ( 1.000000000000000000, -0.0000000000000000000, 0.0000000000000000000 ) ) ;
#9337 = ORIENTED_EDGE ( 'NONE', *, *, #3312, .F. ) ;
#9338 = ORIENTED_EDGE ( 'NONE', *, *, #7572, .F. ) ;
#9339 = FACE_OUTER_BOUND ( 'NONE', #3807, .T. ) ;
#9340 = EDGE_CURVE ( 'NONE', #1406, #1878, #6427, .T. ) ;
#9341 = CARTESIAN_POINT ( 'NONE',  ( -4.760769540619037300, 2.299999999999999800, -4.998269540619038900 ) ) ;
#9342 = ORIENTED_EDGE ( 'NONE', *, *, #200, .T. ) ;
#9343 = CARTESIAN_POINT ( 'NONE',  ( -1.661602540378443800, 0.1499999999999999900, 5.557499999999999200 ) ) ;
#9344 = ADVANCED_FACE ( 'NONE', ( #5535 ), #362, .F. ) ;
#9345 = PRESENTATION_LAYER_ASSIGNMENT (  '', '', ( #973 ) ) ;
#9346 = MECHANICAL_DESIGN_GEOMETRIC_PRESENTATION_REPRESENTATION (  '', ( #5460 ), #6412 ) ;
#9347 = CARTESIAN_POINT ( 'NONE',  ( 4.731000000000000800, 0.5010000000000000000, -2.298500000000003300 ) ) ;
#9348 = LINE ( 'NONE', #1141, #4569 ) ;
#9349 = ORIENTED_EDGE ( 'NONE', *, *, #5995, .F. ) ;
#9350 = ORIENTED_EDGE ( 'NONE', *, *, #2298, .T. ) ;
#9351 =( NAMED_UNIT ( * ) SI_UNIT ( $, .STERADIAN. ) SOLID_ANGLE_UNIT ( ) );
#9352 = EDGE_CURVE ( 'NONE', #4886, #7567, #1905, .T. ) ;
#9353 = CARTESIAN_POINT ( 'NONE',  ( -1.938397459621556300, 0.1499999999999999900, 5.557499999999999200 ) ) ;
#9354 = ORIENTED_EDGE ( 'NONE', *, *, #4576, .F. ) ;
#9355 = DIRECTION ( 'NONE',  ( -1.000000000000000000, 0.0000000000000000000, 0.0000000000000000000 ) ) ;
#9356 = VERTEX_POINT ( 'NONE', #8326 ) ;
#9357 = LINE ( 'NONE', #8867, #5509 ) ;
#9358 = DIRECTION ( 'NONE',  ( 0.0000000000000000000, 0.0000000000000000000, 1.000000000000000000 ) ) ;
#9359 = PLANE ( 'NONE',  #1926 ) ;
#9360 = PRESENTATION_LAYER_ASSIGNMENT (  '', '', ( #7925 ) ) ;
#9361 = ORIENTED_EDGE ( 'NONE', *, *, #601, .F. ) ;
#9362 = VECTOR ( 'NONE', #5325, 1000.000000000000000 ) ;
#9363 = DIRECTION ( 'NONE',  ( 0.0000000000000000000, 0.0000000000000000000, -1.000000000000000000 ) ) ;
#9364 = DIRECTION ( 'NONE',  ( 1.000000000000000000, -0.0000000000000000000, -0.0000000000000000000 ) ) ;
#9365 = EDGE_CURVE ( 'NONE', #5751, #4886, #3726, .T. ) ;
#9366 = VERTEX_POINT ( 'NONE', #7604 ) ;
#9367 = PRESENTATION_STYLE_ASSIGNMENT (( #1995 ) ) ;
#9368 = DIRECTION ( 'NONE',  ( 0.0000000000000000000, -0.0000000000000000000, 1.000000000000000000 ) ) ;
#9369 = VERTEX_POINT ( 'NONE', #8268 ) ;
#9370 = CARTESIAN_POINT ( 'NONE',  ( 4.251000000000000300, 0.5010000000000000000, -2.298500000000003300 ) ) ;
#9371 = DIRECTION ( 'NONE',  ( 6.541045566929575900E-015, 0.0000000000000000000, -1.000000000000000000 ) ) ;
#9372 = CARTESIAN_POINT ( 'NONE',  ( -4.860632494094494900, 2.205233595624294100, 1.236727650462716500 ) ) ;
#9373 = STYLED_ITEM ( 'NONE', ( #1372 ), #6203 ) ;
#9374 = ORIENTED_EDGE ( 'NONE', *, *, #2710, .T. ) ;
#9375 = CIRCLE ( 'NONE', #3908, 0.1000000000000000900 ) ;
#9376 = PRESENTATION_STYLE_ASSIGNMENT (( #1679 ) ) ;
#9377 = EDGE_CURVE ( 'NONE', #1383, #582, #7349, .T. ) ;
#9378 = EDGE_LOOP ( 'NONE', ( #8474, #4432, #6112, #8920 ) ) ;
#9379 = CARTESIAN_POINT ( 'NONE',  ( 4.935898757011783800, 0.07000000000000278200, -5.187500000000000900 ) ) ;
#9380 = UNCERTAINTY_MEASURE_WITH_UNIT (LENGTH_MEASURE( 1.000000000000000100E-005 ), #6815, 'distance_accuracy_value', 'NONE');
#9381 = CARTESIAN_POINT ( 'NONE',  ( -2.598999999999999800, 0.07000000000000018700, 5.137499999999999300 ) ) ;
#9382 = CARTESIAN_POINT ( 'NONE',  ( 2.202243649053885500, 1.771465963602410400, 5.787499999999999600 ) ) ;
#9383 = CARTESIAN_POINT ( 'NONE',  ( 4.335518269075305600, 2.255226423163382500, 0.8574999999999973800 ) ) ;
#9384 = EDGE_LOOP ( 'NONE', ( #4911, #8997, #5515, #4680 ) ) ;
#9385 = VECTOR ( 'NONE', #2327, 1000.000000000000000 ) ;
#9386 = CARTESIAN_POINT ( 'NONE',  ( -2.200000000000000200, 0.5000000000000000000, 5.787499999999999600 ) ) ;
#9387 = AXIS2_PLACEMENT_3D ( 'NONE', #9078, #6850, #4706 ) ;
#9388 =( GEOMETRIC_REPRESENTATION_CONTEXT ( 3 ) GLOBAL_UNCERTAINTY_ASSIGNED_CONTEXT ( ( #2582 ) ) GLOBAL_UNIT_ASSIGNED_CONTEXT ( ( #2804, #8695, #3530 ) ) REPRESENTATION_CONTEXT ( 'NONE', 'WORKASPACE' ) );
#9389 = ADVANCED_FACE ( 'NONE', ( #1585 ), #3957, .T. ) ;
#9390 = CARTESIAN_POINT ( 'NONE',  ( 1.399999999999999900, 0.0000000000000000000, 5.787499999999999600 ) ) ;
#9391 = DIRECTION ( 'NONE',  ( -1.000000000000000000, 0.0000000000000000000, -0.0000000000000000000 ) ) ;
#9392 = ORIENTED_EDGE ( 'NONE', *, *, #6431, .F. ) ;
ENDSEC;
END-ISO-10303-21;
