ISO-10303-21;
HEADER;
FILE_DESCRIPTION (( 'STEP AP214' ),
    '1' );
FILE_NAME ('SLD8S30A.STEP',
    '2025-03-26T03:35:51',
    ( '' ),
    ( '' ),
    'SwSTEP 2.0',
    'SolidWorks 2023',
    '' );
FILE_SCHEMA (( 'AUTOMOTIVE_DESIGN' ));
ENDSEC;

DATA;
#1 = SURFACE_STYLE_USAGE ( .BOTH. , #162 ) ;
#2 = VERTEX_POINT ( 'NONE', #305 ) ;
#3 = CARTESIAN_POINT ( 'NONE',  ( 3.609999999999999876, -8.197896243240350600, 0.4000000000000000222 ) ) ;
#4 = FILL_AREA_STYLE ('',( #489 ) ) ;
#5 = ORIENTED_EDGE ( 'NONE', *, *, #954, .T. ) ;
#6 = PRESENTATION_STYLE_ASSIGNMENT (( #1799 ) ) ;
#7 = FILL_AREA_STYLE_COLOUR ( '', #37 ) ;
#8 = EDGE_CURVE ( 'NONE', #566, #1979, #130, .T. ) ;
#9 = EDGE_CURVE ( 'NONE', #562, #1386, #1427, .T. ) ;
#10 = ORIENTED_EDGE ( 'NONE', *, *, #887, .T. ) ;
#11 = VERTEX_POINT ( 'NONE', #1571 ) ;
#12 =( LENGTH_UNIT ( ) NAMED_UNIT ( * ) SI_UNIT ( .MILLI., .METRE. ) );
#13 = SURFACE_STYLE_USAGE ( .BOTH. , #488 ) ;
#14 = CARTESIAN_POINT ( 'NONE',  ( -1.249999999999998890, -6.947896243240351488, -0.01000000000000002623 ) ) ;
#15 =( NAMED_UNIT ( * ) PLANE_ANGLE_UNIT ( ) SI_UNIT ( $, .RADIAN. ) );
#16 = SURFACE_STYLE_USAGE ( .BOTH. , #658 ) ;
#17 = SURFACE_STYLE_FILL_AREA ( #1143 ) ;
#18 = VERTEX_POINT ( 'NONE', #2092 ) ;
#19 = EDGE_CURVE ( 'NONE', #1343, #207, #1264, .T. ) ;
#20 = COLOUR_RGB ( '',0.6470588235294117974, 0.6196078431372549211, 0.5882352941176470784 ) ;
#21 = ORIENTED_EDGE ( 'NONE', *, *, #1086, .T. ) ;
#22 = ORIENTED_EDGE ( 'NONE', *, *, #847, .T. ) ;
#23 = PLANE ( 'NONE',  #204 ) ;
#24 = CARTESIAN_POINT ( 'NONE',  ( 3.609999999999999876, -8.197896243240350600, 0.5000000000000000000 ) ) ;
#25 = AXIS2_PLACEMENT_3D ( 'NONE', #119, #440, #1409 ) ;
#26 = LINE ( 'NONE', #1660, #775 ) ;
#27 = COLOUR_RGB ( '',0.6470588235294117974, 0.6196078431372549211, 0.5882352941176470784 ) ;
#28 = EDGE_LOOP ( 'NONE', ( #836, #1335, #749, #868, #1202, #583, #421, #889, #1218, #1227, #295, #705 ) ) ;
#29 = LINE ( 'NONE', #491, #1748 ) ;
#30 = VERTEX_POINT ( 'NONE', #1768 ) ;
#31 =( LENGTH_UNIT ( ) NAMED_UNIT ( * ) SI_UNIT ( .MILLI., .METRE. ) );
#32 = VECTOR ( 'NONE', #452, 1000.000000000000000 ) ;
#33 = AXIS2_PLACEMENT_3D ( 'NONE', #654, #824, #1965 ) ;
#34 = LINE ( 'NONE', #1002, #187 ) ;
#35 = SURFACE_SIDE_STYLE ('',( #182 ) ) ;
#36 = AXIS2_PLACEMENT_3D ( 'NONE', #200, #1823, #1562 ) ;
#37 = COLOUR_RGB ( '',0.6470588235294117974, 0.6196078431372549211, 0.5882352941176470784 ) ;
#38 = DIRECTION ( 'NONE',  ( -1.000000000000000000, -0.000000000000000000, -0.000000000000000000 ) ) ;
#39 = DIRECTION ( 'NONE',  ( 0.000000000000000000, -0.08715574274765836016, -0.9961946980917455452 ) ) ;
#40 = ORIENTED_EDGE ( 'NONE', *, *, #1179, .T. ) ;
#41 = SURFACE_STYLE_FILL_AREA ( #198 ) ;
#42 = CARTESIAN_POINT ( 'NONE',  ( -4.569097994502969051, 4.609809677220592761, 4.519999999999999574 ) ) ;
#43 = ORIENTED_EDGE ( 'NONE', *, *, #233, .F. ) ;
#44 = SURFACE_STYLE_FILL_AREA ( #554 ) ;
#45 = VERTEX_POINT ( 'NONE', #142 ) ;
#46 = SURFACE_STYLE_FILL_AREA ( #508 ) ;
#47 = ORIENTED_EDGE ( 'NONE', *, *, #1720, .T. ) ;
#48 = EDGE_CURVE ( 'NONE', #229, #1397, #464, .T. ) ;
#49 = EDGE_CURVE ( 'NONE', #1314, #30, #1931, .T. ) ;
#50 = CARTESIAN_POINT ( 'NONE',  ( 1.250000000000001110, -8.197896243240350600, 0.5000000000000000000 ) ) ;
#51 = LINE ( 'NONE', #522, #1135 ) ;
#52 = DIRECTION ( 'NONE',  ( 0.08695452246840698618, -0.06791286526742250362, 0.9938947397755258928 ) ) ;
#53 = DIRECTION ( 'NONE',  ( 0.000000000000000000, -0.000000000000000000, 1.000000000000000000 ) ) ;
#54 = PRESENTATION_STYLE_ASSIGNMENT (( #1664 ) ) ;
#55 = ORIENTED_EDGE ( 'NONE', *, *, #1885, .T. ) ;
#56 = ORIENTED_EDGE ( 'NONE', *, *, #165, .F. ) ;
#57 = VECTOR ( 'NONE', #137, 1000.000000000000000 ) ;
#58 = UNCERTAINTY_MEASURE_WITH_UNIT (LENGTH_MEASURE( 1.000000000000000082E-05 ), #1221, 'distance_accuracy_value', 'NONE');
#59 = DIRECTION ( 'NONE',  ( -1.000000000000000000, 0.000000000000000000, -0.000000000000000000 ) ) ;
#60 = FACE_OUTER_BOUND ( 'NONE', #1108, .T. ) ;
#61 = UNCERTAINTY_MEASURE_WITH_UNIT (LENGTH_MEASURE( 1.000000000000000082E-05 ), #1285, 'distance_accuracy_value', 'NONE');
#62 = ORIENTED_EDGE ( 'NONE', *, *, #1752, .T. ) ;
#63 =( LENGTH_UNIT ( ) NAMED_UNIT ( * ) SI_UNIT ( .MILLI., .METRE. ) );
#64 =( NAMED_UNIT ( * ) SI_UNIT ( $, .STERADIAN. ) SOLID_ANGLE_UNIT ( ) );
#65 = CARTESIAN_POINT ( 'NONE',  ( 4.864809677220592654, 4.609809677220592761, 1.139999999999999902 ) ) ;
#66 = CARTESIAN_POINT ( 'NONE',  ( 3.609999999999999876, -8.197896243240350600, -2.168404344971008868E-16 ) ) ;
#67 = CARTESIAN_POINT ( 'NONE',  ( 1.850000000000000977, -4.474202248755408284, 2.690000000000000835 ) ) ;
#68 = FILL_AREA_STYLE_COLOUR ( '', #1587 ) ;
#69 = FILL_AREA_STYLE_COLOUR ( '', #108 ) ;
#70 =( GEOMETRIC_REPRESENTATION_CONTEXT ( 3 ) GLOBAL_UNCERTAINTY_ASSIGNED_CONTEXT ( ( #1094 ) ) GLOBAL_UNIT_ASSIGNED_CONTEXT ( ( #1650, #675, #820 ) ) REPRESENTATION_CONTEXT ( 'NONE', 'WORKASPACE' ) );
#71 =( GEOMETRIC_REPRESENTATION_CONTEXT ( 3 ) GLOBAL_UNCERTAINTY_ASSIGNED_CONTEXT ( ( #535 ) ) GLOBAL_UNIT_ASSIGNED_CONTEXT ( ( #1368, #1616, #1372 ) ) REPRESENTATION_CONTEXT ( 'NONE', 'WORKASPACE' ) );
#72 =( GEOMETRIC_REPRESENTATION_CONTEXT ( 3 ) GLOBAL_UNCERTAINTY_ASSIGNED_CONTEXT ( ( #2072 ) ) GLOBAL_UNIT_ASSIGNED_CONTEXT ( ( #910, #721, #1189 ) ) REPRESENTATION_CONTEXT ( 'NONE', 'WORKASPACE' ) );
#73 = DIRECTION ( 'NONE',  ( -0.000000000000000000, -0.000000000000000000, 1.000000000000000000 ) ) ;
#74 = AXIS2_PLACEMENT_3D ( 'NONE', #1183, #569, #1534 ) ;
#75 = SURFACE_STYLE_USAGE ( .BOTH. , #260 ) ;
#76 = COLOUR_RGB ( '',0.6470588235294117974, 0.6196078431372549211, 0.5882352941176470784 ) ;
#77 = EDGE_LOOP ( 'NONE', ( #248, #767, #1421, #789 ) ) ;
#78 = DIRECTION ( 'NONE',  ( 0.000000000000000000, -0.000000000000000000, 1.000000000000000000 ) ) ;
#79 =( GEOMETRIC_REPRESENTATION_CONTEXT ( 3 ) GLOBAL_UNCERTAINTY_ASSIGNED_CONTEXT ( ( #1133 ) ) GLOBAL_UNIT_ASSIGNED_CONTEXT ( ( #971, #559, #1195 ) ) REPRESENTATION_CONTEXT ( 'NONE', 'WORKASPACE' ) );
#80 = LINE ( 'NONE', #409, #1163 ) ;
#81 = CARTESIAN_POINT ( 'NONE',  ( -1.249999999999998890, -8.197896243240350600, 2.289999999999999591 ) ) ;
#82 = LINE ( 'NONE', #1862, #912 ) ;
#83 = VERTEX_POINT ( 'NONE', #1958 ) ;
#84 =( NAMED_UNIT ( * ) PLANE_ANGLE_UNIT ( ) SI_UNIT ( $, .RADIAN. ) );
#85 = SURFACE_STYLE_FILL_AREA ( #1692 ) ;
#86 = ORIENTED_EDGE ( 'NONE', *, *, #857, .F. ) ;
#87 =( LENGTH_UNIT ( ) NAMED_UNIT ( * ) SI_UNIT ( .MILLI., .METRE. ) );
#88 = DIRECTION ( 'NONE',  ( 1.000000000000000000, 2.467585543997514519E-16, 0.000000000000000000 ) ) ;
#89 = CARTESIAN_POINT ( 'NONE',  ( 0.6500000000000003553, -4.474202248755408284, 2.256727106065364197 ) ) ;
#90 = ORIENTED_EDGE ( 'NONE', *, *, #685, .F. ) ;
#91 = CARTESIAN_POINT ( 'NONE',  ( 3.610000000000001208, -4.476475786860007133, 2.290000000000000036 ) ) ;
#92 = ORIENTED_EDGE ( 'NONE', *, *, #1982, .F. ) ;
#93 = SURFACE_STYLE_FILL_AREA ( #2002 ) ;
#94 = MECHANICAL_DESIGN_GEOMETRIC_PRESENTATION_REPRESENTATION (  '', ( #996 ), #159 ) ;
#95 = CARTESIAN_POINT ( 'NONE',  ( -4.864809677220592654, -4.474202248755408284, 2.256727106065365085 ) ) ;
#96 = PRESENTATION_LAYER_ASSIGNMENT (  '', '', ( #1580 ) ) ;
#97 = EDGE_LOOP ( 'NONE', ( #355, #1071, #1186, #90, #1416, #822, #2045, #86, #320, #56, #223, #982, #765, #1759, #1639, #263 ) ) ;
#98 =( LENGTH_UNIT ( ) NAMED_UNIT ( * ) SI_UNIT ( .MILLI., .METRE. ) );
#99 = DIRECTION ( 'NONE',  ( 0.000000000000000000, -1.000000000000000000, 0.000000000000000000 ) ) ;
#100 = SURFACE_STYLE_FILL_AREA ( #289 ) ;
#101 = DIRECTION ( 'NONE',  ( 3.469446951953614682E-16, 1.000000000000000000, 1.079901566615247376E-16 ) ) ;
#102 = EDGE_LOOP ( 'NONE', ( #771, #1613, #1712, #702, #649 ) ) ;
#103 = ORIENTED_EDGE ( 'NONE', *, *, #1638, .F. ) ;
#104 = VECTOR ( 'NONE', #1171, 1000.000000000000000 ) ;
#105 = STYLED_ITEM ( 'NONE', ( #1457 ), #1162 ) ;
#106 = CARTESIAN_POINT ( 'NONE',  ( -1.249999999999998668, -8.697896243240352376, 0.5000000000000000000 ) ) ;
#107 = VERTEX_POINT ( 'NONE', #1631 ) ;
#108 = COLOUR_RGB ( '',0.6470588235294117974, 0.6196078431372549211, 0.5882352941176470784 ) ;
#109 = FILL_AREA_STYLE ('',( #1847 ) ) ;
#110 = EDGE_CURVE ( 'NONE', #1099, #136, #178, .T. ) ;
#111 = LINE ( 'NONE', #1056, #359 ) ;
#112 = PRESENTATION_LAYER_ASSIGNMENT (  '', '', ( #401 ) ) ;
#113 = FILL_AREA_STYLE_COLOUR ( '', #173 ) ;
#114 = COLOUR_RGB ( '',0.2980392156862745057, 0.2980392156862745057, 0.2980392156862745057 ) ;
#115 = ORIENTED_EDGE ( 'NONE', *, *, #49, .T. ) ;
#116 = LINE ( 'NONE', #1707, #605 ) ;
#117 = ORIENTED_EDGE ( 'NONE', *, *, #1763, .T. ) ;
#118 =( NAMED_UNIT ( * ) PLANE_ANGLE_UNIT ( ) SI_UNIT ( $, .RADIAN. ) );
#119 = CARTESIAN_POINT ( 'NONE',  ( 3.609999999999999876, -8.297896243240350245, 2.189999999999999503 ) ) ;
#120 = ADVANCED_FACE ( 'NONE', ( #1483 ), #485, .F. ) ;
#121 = CARTESIAN_POINT ( 'NONE',  ( 1.250000000000001110, -8.197896243240350600, 0.000000000000000000 ) ) ;
#122 = FACE_OUTER_BOUND ( 'NONE', #1045, .T. ) ;
#123 =( NAMED_UNIT ( * ) PLANE_ANGLE_UNIT ( ) SI_UNIT ( $, .RADIAN. ) );
#124 = DIRECTION ( 'NONE',  ( 1.000000000000000000, 0.000000000000000000, 0.000000000000000000 ) ) ;
#125 = UNCERTAINTY_MEASURE_WITH_UNIT (LENGTH_MEASURE( 1.000000000000000082E-05 ), #833, 'distance_accuracy_value', 'NONE');
#126 = ORIENTED_EDGE ( 'NONE', *, *, #587, .F. ) ;
#127 = VERTEX_POINT ( 'NONE', #590 ) ;
#128 =( NAMED_UNIT ( * ) PLANE_ANGLE_UNIT ( ) SI_UNIT ( $, .RADIAN. ) );
#129 = CARTESIAN_POINT ( 'NONE',  ( 4.825000000000001066, 3.169999999999998597, -0.01000000000000000021 ) ) ;
#130 = LINE ( 'NONE', #1592, #145 ) ;
#131 = DIRECTION ( 'NONE',  ( 0.000000000000000000, 0.000000000000000000, 1.000000000000000000 ) ) ;
#132 = AXIS2_PLACEMENT_3D ( 'NONE', #1033, #1837, #2024 ) ;
#133 =( LENGTH_UNIT ( ) NAMED_UNIT ( * ) SI_UNIT ( .MILLI., .METRE. ) );
#134 = VECTOR ( 'NONE', #396, 1000.000000000000000 ) ;
#135 = MECHANICAL_DESIGN_GEOMETRIC_PRESENTATION_REPRESENTATION (  '', ( #1324 ), #1695 ) ;
#136 = VERTEX_POINT ( 'NONE', #1069 ) ;
#137 = DIRECTION ( 'NONE',  ( 1.897946910259088664E-16, -1.000000000000000000, 0.000000000000000000 ) ) ;
#138 = LINE ( 'NONE', #1920, #443 ) ;
#139 = COLOUR_RGB ( '',0.6470588235294117974, 0.6196078431372549211, 0.5882352941176470784 ) ;
#140 =( NAMED_UNIT ( * ) SI_UNIT ( $, .STERADIAN. ) SOLID_ANGLE_UNIT ( ) );
#141 = PRESENTATION_LAYER_ASSIGNMENT (  '', '', ( #1010 ) ) ;
#142 = CARTESIAN_POINT ( 'NONE',  ( -4.825000000000000178, 4.570000000000000284, 0.000000000000000000 ) ) ;
#143 = PLANE ( 'NONE',  #643 ) ;
#144 = VECTOR ( 'NONE', #387, 1000.000000000000114 ) ;
#145 = VECTOR ( 'NONE', #1733, 1000.000000000000000 ) ;
#146 = ADVANCED_FACE ( 'NONE', ( #2069 ), #943, .T. ) ;
#147 = ORIENTED_EDGE ( 'NONE', *, *, #423, .F. ) ;
#148 = CARTESIAN_POINT ( 'NONE',  ( -3.609999999999999876, -4.490825094825335206, 2.500000000000000444 ) ) ;
#149 =( NAMED_UNIT ( * ) SI_UNIT ( $, .STERADIAN. ) SOLID_ANGLE_UNIT ( ) );
#150 = FILL_AREA_STYLE_COLOUR ( '', #621 ) ;
#151 = LINE ( 'NONE', #1469, #361 ) ;
#152 = ADVANCED_FACE ( 'NONE', ( #2074 ), #1741, .F. ) ;
#153 = LINE ( 'NONE', #770, #1659 ) ;
#154 = FILL_AREA_STYLE ('',( #1605 ) ) ;
#155 = ORIENTED_EDGE ( 'NONE', *, *, #1924, .F. ) ;
#156 = SURFACE_STYLE_USAGE ( .BOTH. , #1333 ) ;
#157 = LINE ( 'NONE', #1906, #585 ) ;
#158 = CARTESIAN_POINT ( 'NONE',  ( 3.610000000000002096, -5.724202248755402955, 2.290000000000000036 ) ) ;
#159 =( GEOMETRIC_REPRESENTATION_CONTEXT ( 3 ) GLOBAL_UNCERTAINTY_ASSIGNED_CONTEXT ( ( #1669 ) ) GLOBAL_UNIT_ASSIGNED_CONTEXT ( ( #902, #84, #735 ) ) REPRESENTATION_CONTEXT ( 'NONE', 'WORKASPACE' ) );
#160 = CARTESIAN_POINT ( 'NONE',  ( 0.6500000000000003553, -4.474202248755408284, -0.01000000000000002623 ) ) ;
#161 = MECHANICAL_DESIGN_GEOMETRIC_PRESENTATION_REPRESENTATION (  '', ( #830 ), #1651 ) ;
#162 = SURFACE_SIDE_STYLE ('',( #1450 ) ) ;
#163 = ADVANCED_FACE ( 'NONE', ( #958 ), #196, .F. ) ;
#164 = COLOUR_RGB ( '',0.2980392156862745057, 0.2980392156862745057, 0.2980392156862745057 ) ;
#165 = EDGE_CURVE ( 'NONE', #1811, #1612, #840, .T. ) ;
#166 = DIRECTION ( 'NONE',  ( 0.000000000000000000, 2.159803133230494506E-16, -1.000000000000000000 ) ) ;
#167 = SURFACE_STYLE_FILL_AREA ( #950 ) ;
#168 = AXIS2_PLACEMENT_3D ( 'NONE', #1152, #2009, #541 ) ;
#169 = VECTOR ( 'NONE', #1134, 1000.000000000000000 ) ;
#170 = CARTESIAN_POINT ( 'NONE',  ( 4.014999999999998792, -3.840000000000000746, -0.01000000000000000021 ) ) ;
#171 = DIRECTION ( 'NONE',  ( 1.000000000000000000, 2.467585543997514519E-16, 0.000000000000000000 ) ) ;
#172 = AXIS2_PLACEMENT_3D ( 'NONE', #842, #1497, #1718 ) ;
#173 = COLOUR_RGB ( '',0.2980392156862745057, 0.2980392156862745057, 0.2980392156862745057 ) ;
#174 = MECHANICAL_DESIGN_GEOMETRIC_PRESENTATION_REPRESENTATION (  '', ( #975 ), #505 ) ;
#175 = EDGE_LOOP ( 'NONE', ( #334, #1013, #1400, #1813, #482 ) ) ;
#176 = EDGE_CURVE ( 'NONE', #1540, #1854, #1835, .T. ) ;
#177 = CARTESIAN_POINT ( 'NONE',  ( 0.000000000000000000, -3.840000000000000746, -0.01000000000000000021 ) ) ;
#178 = LINE ( 'NONE', #811, #919 ) ;
#179 = SURFACE_STYLE_USAGE ( .BOTH. , #218 ) ;
#180 = VERTEX_POINT ( 'NONE', #377 ) ;
#181 = ADVANCED_BREP_SHAPE_REPRESENTATION ( 'SLD8S30A', ( #1519, #1610 ), #1417 ) ;
#182 = SURFACE_STYLE_FILL_AREA ( #2109 ) ;
#183 = PRESENTATION_STYLE_ASSIGNMENT (( #1636 ) ) ;
#184 = EDGE_CURVE ( 'NONE', #613, #2020, #1022, .T. ) ;
#185 = LINE ( 'NONE', #826, #1422 ) ;
#186 = ORIENTED_EDGE ( 'NONE', *, *, #1136, .T. ) ;
#187 = VECTOR ( 'NONE', #219, 1000.000000000000114 ) ;
#188 = EDGE_CURVE ( 'NONE', #1414, #1012, #1513, .T. ) ;
#189 = CARTESIAN_POINT ( 'NONE',  ( -3.609999999999999876, -6.947896243240351488, 2.290000000000000036 ) ) ;
#190 = FILL_AREA_STYLE_COLOUR ( '', #1359 ) ;
#191 = UNCERTAINTY_MEASURE_WITH_UNIT (LENGTH_MEASURE( 1.000000000000000082E-05 ), #516, 'distance_accuracy_value', 'NONE');
#192 = ORIENTED_EDGE ( 'NONE', *, *, #437, .F. ) ;
#193 = DIRECTION ( 'NONE',  ( 0.000000000000000000, -0.000000000000000000, 1.000000000000000000 ) ) ;
#194 = DIRECTION ( 'NONE',  ( -9.407782519465801234E-17, 1.000000000000000000, 0.000000000000000000 ) ) ;
#195 = CARTESIAN_POINT ( 'NONE',  ( -4.569097994502967275, -4.314097994502969158, 4.519999999999999574 ) ) ;
#196 = PLANE ( 'NONE',  #1640 ) ;
#197 = VECTOR ( 'NONE', #1122, 1000.000000000000000 ) ;
#198 = FILL_AREA_STYLE ('',( #1537 ) ) ;
#199 =( GEOMETRIC_REPRESENTATION_CONTEXT ( 3 ) GLOBAL_UNCERTAINTY_ASSIGNED_CONTEXT ( ( #384 ) ) GLOBAL_UNIT_ASSIGNED_CONTEXT ( ( #1743, #302, #149 ) ) REPRESENTATION_CONTEXT ( 'NONE', 'WORKASPACE' ) );
#200 = CARTESIAN_POINT ( 'NONE',  ( -0.6249999999999994449, -4.474202248755409173, -0.01000000000000002623 ) ) ;
#201 =( NAMED_UNIT ( * ) PLANE_ANGLE_UNIT ( ) SI_UNIT ( $, .RADIAN. ) );
#202 = MECHANICAL_DESIGN_GEOMETRIC_PRESENTATION_REPRESENTATION (  '', ( #470 ), #1522 ) ;
#203 = VERTEX_POINT ( 'NONE', #65 ) ;
#204 = AXIS2_PLACEMENT_3D ( 'NONE', #817, #1471, #1311 ) ;
#205 = EDGE_CURVE ( 'NONE', #18, #2065, #1475, .T. ) ;
#206 = ADVANCED_FACE ( 'NONE', ( #500 ), #331, .F. ) ;
#207 = VERTEX_POINT ( 'NONE', #609 ) ;
#208 = STYLED_ITEM ( 'NONE', ( #6 ), #422 ) ;
#209 = FACE_OUTER_BOUND ( 'NONE', #415, .T. ) ;
#210 = CARTESIAN_POINT ( 'NONE',  ( 0.6500000000000002442, -5.724202248755409173, -0.01000000000000002623 ) ) ;
#211 = MECHANICAL_DESIGN_GEOMETRIC_PRESENTATION_REPRESENTATION (  '', ( #2059 ), #2021 ) ;
#212 = VECTOR ( 'NONE', #873, 1000.000000000000000 ) ;
#213 = VECTOR ( 'NONE', #1747, 1000.000000000000000 ) ;
#214 = LINE ( 'NONE', #1344, #2117 ) ;
#215 = CARTESIAN_POINT ( 'NONE',  ( 3.609999999999999876, -4.181966621492559710, 2.689999999999999947 ) ) ;
#216 = LINE ( 'NONE', #1872, #1420 ) ;
#217 = CARTESIAN_POINT ( 'NONE',  ( 4.803911416747309815, -4.278735625974974255, -0.6038980114019245615 ) ) ;
#218 = SURFACE_SIDE_STYLE ('',( #978 ) ) ;
#219 = DIRECTION ( 'NONE',  ( 0.000000000000000000, -0.06817107807959994770, 0.9976736460954879204 ) ) ;
#220 = EDGE_CURVE ( 'NONE', #924, #1546, #601, .T. ) ;
#221 = LINE ( 'NONE', #691, #1972 ) ;
#222 = ADVANCED_FACE ( 'NONE', ( #1893 ), #1097, .F. ) ;
#223 = ORIENTED_EDGE ( 'NONE', *, *, #1228, .F. ) ;
#224 = CARTESIAN_POINT ( 'NONE',  ( 3.609999999999999876, -6.947896243240351488, 2.289999999999999591 ) ) ;
#225 = ORIENTED_EDGE ( 'NONE', *, *, #1153, .T. ) ;
#226 = CARTESIAN_POINT ( 'NONE',  ( 4.745825094825334212, -4.490825094825335206, 2.500000000000000888 ) ) ;
#227 = LINE ( 'NONE', #2025, #1952 ) ;
#228 = CARTESIAN_POINT ( 'NONE',  ( -4.864809677220592654, -4.320000000000000284, 0.000000000000000000 ) ) ;
#229 = VERTEX_POINT ( 'NONE', #374 ) ;
#230 = COLOUR_RGB ( '',0.6470588235294117974, 0.6196078431372549211, 0.5882352941176470784 ) ;
#231 =( NAMED_UNIT ( * ) PLANE_ANGLE_UNIT ( ) SI_UNIT ( $, .RADIAN. ) );
#232 = DIRECTION ( 'NONE',  ( -0.03487826274237469659, -0.03487826274237469659, -0.9987827659587181772 ) ) ;
#233 = EDGE_CURVE ( 'NONE', #804, #2, #214, .T. ) ;
#234 = STYLED_ITEM ( 'NONE', ( #1031 ), #1614 ) ;
#235 = DIRECTION ( 'NONE',  ( -0.000000000000000000, -0.000000000000000000, 1.000000000000000000 ) ) ;
#236 = CARTESIAN_POINT ( 'NONE',  ( -1.249999999999998890, -8.697896243240352376, 2.189999999999999503 ) ) ;
#237 = DIRECTION ( 'NONE',  ( 0.000000000000000000, -0.08715574274765836016, -0.9961946980917455452 ) ) ;
#238 = VECTOR ( 'NONE', #492, 1000.000000000000000 ) ;
#239 = ORIENTED_EDGE ( 'NONE', *, *, #1443, .T. ) ;
#240 = UNCERTAINTY_MEASURE_WITH_UNIT (LENGTH_MEASURE( 1.000000000000000082E-05 ), #694, 'distance_accuracy_value', 'NONE');
#241 = PRESENTATION_LAYER_ASSIGNMENT (  '', '', ( #837 ) ) ;
#242 = VECTOR ( 'NONE', #1150, 1000.000000000000000 ) ;
#243 =( NAMED_UNIT ( * ) PLANE_ANGLE_UNIT ( ) SI_UNIT ( $, .RADIAN. ) );
#244 =( GEOMETRIC_REPRESENTATION_CONTEXT ( 3 ) GLOBAL_UNCERTAINTY_ASSIGNED_CONTEXT ( ( #1795 ) ) GLOBAL_UNIT_ASSIGNED_CONTEXT ( ( #12, #1125, #1796 ) ) REPRESENTATION_CONTEXT ( 'NONE', 'WORKASPACE' ) );
#245 = FILL_AREA_STYLE_COLOUR ( '', #1003 ) ;
#246 = PRESENTATION_LAYER_ASSIGNMENT (  '', '', ( #2091 ) ) ;
#247 = ORIENTED_EDGE ( 'NONE', *, *, #1298, .F. ) ;
#248 = ORIENTED_EDGE ( 'NONE', *, *, #1042, .T. ) ;
#249 = PRESENTATION_LAYER_ASSIGNMENT (  '', '', ( #2059 ) ) ;
#250 = SURFACE_STYLE_USAGE ( .BOTH. , #1367 ) ;
#251 = COLOUR_RGB ( '',0.6470588235294117974, 0.6196078431372549211, 0.5882352941176470784 ) ;
#252 = FILL_AREA_STYLE ('',( #1739 ) ) ;
#253 = SURFACE_STYLE_FILL_AREA ( #1377 ) ;
#254 = ORIENTED_EDGE ( 'NONE', *, *, #1618, .F. ) ;
#255 = DIRECTION ( 'NONE',  ( 1.000000000000000000, 0.000000000000000000, 0.000000000000000000 ) ) ;
#256 = DIRECTION ( 'NONE',  ( 1.000000000000000000, 0.000000000000000000, -0.000000000000000000 ) ) ;
#257 = DIRECTION ( 'NONE',  ( 9.489734551295443319E-17, -1.000000000000000000, 0.000000000000000000 ) ) ;
#258 = EDGE_CURVE ( 'NONE', #1573, #596, #882, .T. ) ;
#259 = ORIENTED_EDGE ( 'NONE', *, *, #110, .T. ) ;
#260 = SURFACE_SIDE_STYLE ('',( #93 ) ) ;
#261 = ORIENTED_EDGE ( 'NONE', *, *, #1297, .F. ) ;
#262 = SURFACE_STYLE_FILL_AREA ( #1196 ) ;
#263 = ORIENTED_EDGE ( 'NONE', *, *, #900, .F. ) ;
#264 = CARTESIAN_POINT ( 'NONE',  ( 4.569097994502969939, -4.314097994502969158, 4.519999999999999574 ) ) ;
#265 = LINE ( 'NONE', #553, #1589 ) ;
#266 = ORIENTED_EDGE ( 'NONE', *, *, #494, .T. ) ;
#267 = ORIENTED_EDGE ( 'NONE', *, *, #692, .F. ) ;
#268 = EDGE_CURVE ( 'NONE', #1979, #543, #576, .T. ) ;
#269 = EDGE_CURVE ( 'NONE', #1961, #530, #755, .T. ) ;
#270 = LINE ( 'NONE', #568, #462 ) ;
#271 =( NAMED_UNIT ( * ) PLANE_ANGLE_UNIT ( ) SI_UNIT ( $, .RADIAN. ) );
#272 = COLOUR_RGB ( '',0.2980392156862745057, 0.2980392156862745057, 0.2980392156862745057 ) ;
#273 = SURFACE_STYLE_USAGE ( .BOTH. , #762 ) ;
#274 = LINE ( 'NONE', #395, #314 ) ;
#275 = DIRECTION ( 'NONE',  ( 0.03487826274237470353, -0.03487826274237469659, -0.9987827659587181772 ) ) ;
#276 = LINE ( 'NONE', #911, #582 ) ;
#277 = VECTOR ( 'NONE', #2008, 1000.000000000000000 ) ;
#278 = AXIS2_PLACEMENT_3D ( 'NONE', #306, #171, #1959 ) ;
#279 = DIRECTION ( 'NONE',  ( -0.000000000000000000, 1.000000000000000000, 1.079901566615247253E-16 ) ) ;
#280 = EDGE_CURVE ( 'NONE', #468, #1500, #276, .T. ) ;
#281 = STYLED_ITEM ( 'NONE', ( #689 ), #1299 ) ;
#282 = DIRECTION ( 'NONE',  ( 0.000000000000000000, -1.079901566615247253E-16, 1.000000000000000000 ) ) ;
#283 = SURFACE_STYLE_FILL_AREA ( #1091 ) ;
#284 = SURFACE_STYLE_FILL_AREA ( #893 ) ;
#285 = FILL_AREA_STYLE_COLOUR ( '', #1622 ) ;
#286 =( NAMED_UNIT ( * ) SI_UNIT ( $, .STERADIAN. ) SOLID_ANGLE_UNIT ( ) );
#287 = AXIS2_PLACEMENT_3D ( 'NONE', #1674, #1848, #1687 ) ;
#288 = DIRECTION ( 'NONE',  ( 0.000000000000000000, 0.000000000000000000, 1.000000000000000000 ) ) ;
#289 = FILL_AREA_STYLE ('',( #1549 ) ) ;
#290 = PRESENTATION_LAYER_ASSIGNMENT (  '', '', ( #1783 ) ) ;
#291 = ORIENTED_EDGE ( 'NONE', *, *, #856, .T. ) ;
#292 = SURFACE_STYLE_FILL_AREA ( #1261 ) ;
#293 = EDGE_CURVE ( 'NONE', #1385, #1853, #1239, .T. ) ;
#294 = FILL_AREA_STYLE ('',( #1957 ) ) ;
#295 = ORIENTED_EDGE ( 'NONE', *, *, #1577, .T. ) ;
#296 = EDGE_LOOP ( 'NONE', ( #1694, #381, #2061, #1232 ) ) ;
#297 = DIRECTION ( 'NONE',  ( -1.000000000000000000, 8.673617379884036705E-17, 0.000000000000000000 ) ) ;
#298 = EDGE_LOOP ( 'NONE', ( #1004, #1841, #624, #225 ) ) ;
#299 = LINE ( 'NONE', #1761, #877 ) ;
#300 = EDGE_LOOP ( 'NONE', ( #1899, #1402, #261, #266 ) ) ;
#301 = CARTESIAN_POINT ( 'NONE',  ( 4.014999999999999680, -4.967842194041997731E-16, -0.01000000000000000021 ) ) ;
#302 =( NAMED_UNIT ( * ) PLANE_ANGLE_UNIT ( ) SI_UNIT ( $, .RADIAN. ) );
#303 = FILL_AREA_STYLE ('',( #150 ) ) ;
#304 = ADVANCED_FACE ( 'NONE', ( #932 ), #1569, .F. ) ;
#305 = CARTESIAN_POINT ( 'NONE',  ( 3.609999999999999876, -6.947896243240351488, 2.690000000000000835 ) ) ;
#306 = CARTESIAN_POINT ( 'NONE',  ( -1.249999999999998890, -8.197896243240350600, 2.189999999999999503 ) ) ;
#307 = STYLED_ITEM ( 'NONE', ( #2033 ), #1321 ) ;
#308 = ORIENTED_EDGE ( 'NONE', *, *, #2070, .F. ) ;
#309 = DIRECTION ( 'NONE',  ( 1.000000000000000000, 0.000000000000000000, -0.000000000000000000 ) ) ;
#310 = AXIS2_PLACEMENT_3D ( 'NONE', #1265, #760, #2084 ) ;
#311 = SURFACE_SIDE_STYLE ('',( #1766 ) ) ;
#312 = SURFACE_STYLE_FILL_AREA ( #1778 ) ;
#313 = LINE ( 'NONE', #1794, #1828 ) ;
#314 = VECTOR ( 'NONE', #1874, 1000.000000000000114 ) ;
#315 = ORIENTED_EDGE ( 'NONE', *, *, #461, .F. ) ;
#316 = DIRECTION ( 'NONE',  ( 0.000000000000000000, 0.9976736460954880314, 0.06817107807959994770 ) ) ;
#317 = CYLINDRICAL_SURFACE ( 'NONE', #2060, 0.5000000000000000000 ) ;
#318 =( LENGTH_UNIT ( ) NAMED_UNIT ( * ) SI_UNIT ( .MILLI., .METRE. ) );
#319 = ADVANCED_FACE ( 'NONE', ( #122 ), #1423, .F. ) ;
#320 = ORIENTED_EDGE ( 'NONE', *, *, #1478, .T. ) ;
#321 =( NAMED_UNIT ( * ) PLANE_ANGLE_UNIT ( ) SI_UNIT ( $, .RADIAN. ) );
#322 = FILL_AREA_STYLE_COLOUR ( '', #114 ) ;
#323 = VECTOR ( 'NONE', #1248, 1000.000000000000114 ) ;
#324 = CARTESIAN_POINT ( 'NONE',  ( -4.864809677220590878, -4.474202248755409173, 2.689999999999999947 ) ) ;
#325 = ORIENTED_EDGE ( 'NONE', *, *, #1107, .T. ) ;
#326 = ORIENTED_EDGE ( 'NONE', *, *, #1900, .F. ) ;
#327 = STYLED_ITEM ( 'NONE', ( #1474 ), #1602 ) ;
#328 = VECTOR ( 'NONE', #349, 1000.000000000000000 ) ;
#329 = CARTESIAN_POINT ( 'NONE',  ( 0.6500000000000002442, -5.724202248755409173, 2.690000000000000835 ) ) ;
#330 = DIRECTION ( 'NONE',  ( -1.237320596274470415E-16, 1.000000000000000000, 0.000000000000000000 ) ) ;
#331 = PLANE ( 'NONE',  #1948 ) ;
#332 = ORIENTED_EDGE ( 'NONE', *, *, #1924, .T. ) ;
#333 = SURFACE_STYLE_FILL_AREA ( #348 ) ;
#334 = ORIENTED_EDGE ( 'NONE', *, *, #1626, .T. ) ;
#335 = STYLED_ITEM ( 'NONE', ( #1034 ), #512 ) ;
#336 = CIRCLE ( 'NONE', #1532, 0.1000000000000011297 ) ;
#337 = ORIENTED_EDGE ( 'NONE', *, *, #1456, .F. ) ;
#338 = SURFACE_SIDE_STYLE ('',( #983 ) ) ;
#339 = DIRECTION ( 'NONE',  ( 1.000000000000000000, 0.000000000000000000, 0.000000000000000000 ) ) ;
#340 = DIRECTION ( 'NONE',  ( -0.000000000000000000, 1.000000000000000000, 0.000000000000000000 ) ) ;
#341 = DIRECTION ( 'NONE',  ( 1.000000000000000000, 0.000000000000000000, 0.000000000000000000 ) ) ;
#342 = ADVANCED_FACE ( 'NONE', ( #353 ), #863, .T. ) ;
#343 = ORIENTED_EDGE ( 'NONE', *, *, #1194, .F. ) ;
#344 = CARTESIAN_POINT ( 'NONE',  ( -3.394489764720038891E-15, 3.169999999999994156, -0.000000000000000000 ) ) ;
#345 = ORIENTED_EDGE ( 'NONE', *, *, #945, .F. ) ;
#346 = CARTESIAN_POINT ( 'NONE',  ( 0.000000000000000000, 0.000000000000000000, 0.000000000000000000 ) ) ;
#347 = VECTOR ( 'NONE', #974, 1000.000000000000000 ) ;
#348 = FILL_AREA_STYLE ('',( #322 ) ) ;
#349 = DIRECTION ( 'NONE',  ( 1.000000000000000000, -0.000000000000000000, -0.000000000000000000 ) ) ;
#350 = EDGE_CURVE ( 'NONE', #804, #1385, #501, .T. ) ;
#351 = VERTEX_POINT ( 'NONE', #1505 ) ;
#352 = AXIS2_PLACEMENT_3D ( 'NONE', #301, #1410, #628 ) ;
#353 = FACE_OUTER_BOUND ( 'NONE', #766, .T. ) ;
#354 = EDGE_CURVE ( 'NONE', #1853, #229, #1873, .T. ) ;
#355 = ORIENTED_EDGE ( 'NONE', *, *, #764, .F. ) ;
#356 = UNCERTAINTY_MEASURE_WITH_UNIT (LENGTH_MEASURE( 1.000000000000000082E-05 ), #1974, 'distance_accuracy_value', 'NONE');
#357 = EDGE_LOOP ( 'NONE', ( #697, #722, #1732, #986 ) ) ;
#358 = DIRECTION ( 'NONE',  ( 1.000000000000000000, 0.000000000000000000, 0.000000000000000000 ) ) ;
#359 = VECTOR ( 'NONE', #232, 1000.000000000000227 ) ;
#360 = SURFACE_SIDE_STYLE ('',( #995 ) ) ;
#361 = VECTOR ( 'NONE', #1447, 1000.000000000000000 ) ;
#362 = ORIENTED_EDGE ( 'NONE', *, *, #2094, .F. ) ;
#363 = PLANE ( 'NONE',  #132 ) ;
#364 = DIRECTION ( 'NONE',  ( 1.881556503893160247E-16, -1.000000000000000000, -0.000000000000000000 ) ) ;
#365 = CIRCLE ( 'NONE', #1487, 0.5000000000000004441 ) ;
#366 = STYLED_ITEM ( 'NONE', ( #1918 ), #222 ) ;
#367 = ORIENTED_EDGE ( 'NONE', *, *, #696, .T. ) ;
#368 = ORIENTED_EDGE ( 'NONE', *, *, #1224, .F. ) ;
#369 =( GEOMETRIC_REPRESENTATION_CONTEXT ( 3 ) GLOBAL_UNCERTAINTY_ASSIGNED_CONTEXT ( ( #1018 ) ) GLOBAL_UNIT_ASSIGNED_CONTEXT ( ( #593, #851, #925 ) ) REPRESENTATION_CONTEXT ( 'NONE', 'WORKASPACE' ) );
#370 = CARTESIAN_POINT ( 'NONE',  ( 0.000000000000000000, 0.000000000000000000, -0.01000000000000000021 ) ) ;
#371 = LINE ( 'NONE', #2050, #2083 ) ;
#372 = VECTOR ( 'NONE', #1411, 1000.000000000000000 ) ;
#373 = ORIENTED_EDGE ( 'NONE', *, *, #2039, .T. ) ;
#374 = CARTESIAN_POINT ( 'NONE',  ( 1.250000000000001110, -8.297896243240350245, 2.189999999999999503 ) ) ;
#375 = SURFACE_SIDE_STYLE ('',( #750 ) ) ;
#376 = FILL_AREA_STYLE ('',( #1672 ) ) ;
#377 = CARTESIAN_POINT ( 'NONE',  ( -1.249999999999998890, -8.197896243240350600, 0.000000000000000000 ) ) ;
#378 = DIRECTION ( 'NONE',  ( -4.336808689942013792E-16, 1.000000000000000000, 0.000000000000000000 ) ) ;
#379 = CARTESIAN_POINT ( 'NONE',  ( -4.824999999999998401, -4.320000000000000284, 0.000000000000000000 ) ) ;
#380 = PLANE ( 'NONE',  #398 ) ;
#381 = ORIENTED_EDGE ( 'NONE', *, *, #1720, .F. ) ;
#382 = SURFACE_SIDE_STYLE ('',( #44 ) ) ;
#383 = SURFACE_SIDE_STYLE ('',( #85 ) ) ;
#384 = UNCERTAINTY_MEASURE_WITH_UNIT (LENGTH_MEASURE( 1.000000000000000082E-05 ), #1743, 'distance_accuracy_value', 'NONE');
#385 = ADVANCED_FACE ( 'NONE', ( #672 ), #515, .F. ) ;
#386 = DIRECTION ( 'NONE',  ( 0.000000000000000000, -0.000000000000000000, -1.000000000000000000 ) ) ;
#387 = DIRECTION ( 'NONE',  ( -5.912898476366496403E-18, -0.06817107807959994770, 0.9976736460954879204 ) ) ;
#388 = CARTESIAN_POINT ( 'NONE',  ( 1.250000000000001110, -6.947896243240351488, -0.01000000000000002623 ) ) ;
#389 = COLOUR_RGB ( '',0.2980392156862745057, 0.2980392156862745057, 0.2980392156862745057 ) ;
#390 = PLANE ( 'NONE',  #634 ) ;
#391 = DIRECTION ( 'NONE',  ( -0.000000000000000000, 1.000000000000000000, 0.000000000000000000 ) ) ;
#392 = ORIENTED_EDGE ( 'NONE', *, *, #9, .F. ) ;
#393 = ORIENTED_EDGE ( 'NONE', *, *, #1061, .T. ) ;
#394 = VECTOR ( 'NONE', #884, 1000.000000000000000 ) ;
#395 = CARTESIAN_POINT ( 'NONE',  ( 4.863558258298589898, -4.398873621325248173, 1.154303783731164490 ) ) ;
#396 = DIRECTION ( 'NONE',  ( 9.489734551295443319E-17, -1.000000000000000000, 0.000000000000000000 ) ) ;
#397 =( GEOMETRIC_REPRESENTATION_CONTEXT ( 3 ) GLOBAL_UNCERTAINTY_ASSIGNED_CONTEXT ( ( #1914 ) ) GLOBAL_UNIT_ASSIGNED_CONTEXT ( ( #1769, #271, #1296 ) ) REPRESENTATION_CONTEXT ( 'NONE', 'WORKASPACE' ) );
#398 = AXIS2_PLACEMENT_3D ( 'NONE', #388, #1371, #1048 ) ;
#399 = PRESENTATION_LAYER_ASSIGNMENT (  '', '', ( #1324 ) ) ;
#400 = PRESENTATION_STYLE_ASSIGNMENT (( #594 ) ) ;
#401 = STYLED_ITEM ( 'NONE', ( #891 ), #831 ) ;
#402 = LINE ( 'NONE', #1054, #197 ) ;
#403 = MECHANICAL_DESIGN_GEOMETRIC_PRESENTATION_REPRESENTATION (  '', ( #1052 ), #1376 ) ;
#404 = CARTESIAN_POINT ( 'NONE',  ( -4.864809677220592654, -4.476475786860007133, 2.290000000000000036 ) ) ;
#405 = COLOUR_RGB ( '',0.6470588235294117974, 0.6196078431372549211, 0.5882352941176470784 ) ;
#406 = FILL_AREA_STYLE_COLOUR ( '', #1554 ) ;
#407 = VECTOR ( 'NONE', #1109, 1000.000000000000000 ) ;
#408 = VERTEX_POINT ( 'NONE', #91 ) ;
#409 = CARTESIAN_POINT ( 'NONE',  ( 1.250000000000001110, -8.697896243240352376, 2.189999999999999503 ) ) ;
#410 = CARTESIAN_POINT ( 'NONE',  ( -4.864809677220590878, -4.474202248755409173, 2.689999999999999947 ) ) ;
#411 = CARTESIAN_POINT ( 'NONE',  ( 1.250000000000000666, -4.181966621492559710, 2.290000000000000036 ) ) ;
#412 = VERTEX_POINT ( 'NONE', #2079 ) ;
#413 = ORIENTED_EDGE ( 'NONE', *, *, #2094, .T. ) ;
#414 = SURFACE_STYLE_USAGE ( .BOTH. , #1543 ) ;
#415 = EDGE_LOOP ( 'NONE', ( #1055, #1072, #1771, #1633, #1578, #2107, #759, #471 ) ) ;
#416 = DIRECTION ( 'NONE',  ( -8.673617379884034239E-17, -1.000000000000000000, 0.000000000000000000 ) ) ;
#417 = ORIENTED_EDGE ( 'NONE', *, *, #529, .T. ) ;
#418 = PRESENTATION_STYLE_ASSIGNMENT (( #273 ) ) ;
#419 = LINE ( 'NONE', #1068, #782 ) ;
#420 = LINE ( 'NONE', #1563, #1946 ) ;
#421 = ORIENTED_EDGE ( 'NONE', *, *, #48, .F. ) ;
#422 = ADVANCED_FACE ( 'NONE', ( #918 ), #674, .F. ) ;
#423 = EDGE_CURVE ( 'NONE', #1231, #920, #29, .T. ) ;
#424 = ORIENTED_EDGE ( 'NONE', *, *, #1789, .F. ) ;
#425 = DIRECTION ( 'NONE',  ( 1.000000000000000000, -0.000000000000000000, -0.000000000000000000 ) ) ;
#426 = FILL_AREA_STYLE ('',( #2064 ) ) ;
#427 = PRESENTATION_STYLE_ASSIGNMENT (( #1597 ) ) ;
#428 =( NAMED_UNIT ( * ) PLANE_ANGLE_UNIT ( ) SI_UNIT ( $, .RADIAN. ) );
#429 = FILL_AREA_STYLE ('',( #1538 ) ) ;
#430 = CARTESIAN_POINT ( 'NONE',  ( 4.014999999999999680, -4.967842194041997731E-16, 0.000000000000000000 ) ) ;
#431 = CARTESIAN_POINT ( 'NONE',  ( 1.850000000000000977, -4.474202248755408284, -0.01000000000000002623 ) ) ;
#432 = VERTEX_POINT ( 'NONE', #1838 ) ;
#433 = CARTESIAN_POINT ( 'NONE',  ( -4.864809677220592654, 4.570000000000000284, 1.139999999999999902 ) ) ;
#434 = VERTEX_POINT ( 'NONE', #379 ) ;
#435 = MECHANICAL_DESIGN_GEOMETRIC_PRESENTATION_REPRESENTATION (  '', ( #2013 ), #70 ) ;
#436 = SURFACE_STYLE_USAGE ( .BOTH. , #955 ) ;
#437 = EDGE_CURVE ( 'NONE', #800, #1573, #1142, .T. ) ;
#438 = STYLED_ITEM ( 'NONE', ( #1148 ), #1028 ) ;
#439 = PLANE ( 'NONE',  #310 ) ;
#440 = DIRECTION ( 'NONE',  ( 0.000000000000000000, -1.000000000000000000, 1.026463595252548753E-15 ) ) ;
#441 = ORIENTED_EDGE ( 'NONE', *, *, #1295, .F. ) ;
#442 = DIRECTION ( 'NONE',  ( -0.08682659386424780579, 0.08682659386424779191, -0.9924325091389669673 ) ) ;
#443 = VECTOR ( 'NONE', #2113, 1000.000000000000000 ) ;
#444 = SURFACE_SIDE_STYLE ('',( #2087 ) ) ;
#445 = PRESENTATION_STYLE_ASSIGNMENT (( #610 ) ) ;
#446 = DIRECTION ( 'NONE',  ( 0.000000000000000000, -1.000000000000000000, 0.000000000000000000 ) ) ;
#447 = SURFACE_SIDE_STYLE ('',( #1908 ) ) ;
#448 = ORIENTED_EDGE ( 'NONE', *, *, #682, .T. ) ;
#449 = ORIENTED_EDGE ( 'NONE', *, *, #1348, .F. ) ;
#450 = ORIENTED_EDGE ( 'NONE', *, *, #2010, .F. ) ;
#451 = EDGE_LOOP ( 'NONE', ( #1725, #933, #343, #10 ) ) ;
#452 = DIRECTION ( 'NONE',  ( -1.000000000000000000, -0.000000000000000000, -0.000000000000000000 ) ) ;
#453 = EDGE_CURVE ( 'NONE', #1231, #1811, #977, .T. ) ;
#454 = FILL_AREA_STYLE ('',( #1742 ) ) ;
#455 =( LENGTH_UNIT ( ) NAMED_UNIT ( * ) SI_UNIT ( .MILLI., .METRE. ) );
#456 =( NAMED_UNIT ( * ) SI_UNIT ( $, .STERADIAN. ) SOLID_ANGLE_UNIT ( ) );
#457 = EDGE_CURVE ( 'NONE', #11, #2044, #526, .T. ) ;
#458 = SURFACE_SIDE_STYLE ('',( #167 ) ) ;
#459 = PRODUCT_CONTEXT ( 'NONE', #2006, 'mechanical' ) ;
#460 = DIRECTION ( 'NONE',  ( -1.000000000000000000, -1.233792771998757259E-16, -0.000000000000000000 ) ) ;
#461 = EDGE_CURVE ( 'NONE', #1979, #1990, #1498, .T. ) ;
#462 = VECTOR ( 'NONE', #1373, 1000.000000000000000 ) ;
#463 = FACE_OUTER_BOUND ( 'NONE', #738, .T. ) ;
#464 = LINE ( 'NONE', #786, #1839 ) ;
#465 = CARTESIAN_POINT ( 'NONE',  ( -1.874999999999999334, -5.724202248755410949, 2.690000000000000835 ) ) ;
#466 = VECTOR ( 'NONE', #1880, 1000.000000000000000 ) ;
#467 = VECTOR ( 'NONE', #801, 1000.000000000000000 ) ;
#468 = VERTEX_POINT ( 'NONE', #656 ) ;
#469 = DIRECTION ( 'NONE',  ( 0.000000000000000000, -1.000000000000000000, -1.079901566615247253E-16 ) ) ;
#470 = STYLED_ITEM ( 'NONE', ( #754 ), #1510 ) ;
#471 = ORIENTED_EDGE ( 'NONE', *, *, #268, .T. ) ;
#472 = CARTESIAN_POINT ( 'NONE',  ( -4.864809677220590878, -4.474202248755409173, 2.689999999999999947 ) ) ;
#473 = CARTESIAN_POINT ( 'NONE',  ( 0.6500000000000002442, -5.724202248755409173, -0.01000000000000002623 ) ) ;
#474 = MECHANICAL_DESIGN_GEOMETRIC_PRESENTATION_REPRESENTATION (  '', ( #401 ), #1594 ) ;
#475 =( GEOMETRIC_REPRESENTATION_CONTEXT ( 3 ) GLOBAL_UNCERTAINTY_ASSIGNED_CONTEXT ( ( #557 ) ) GLOBAL_UNIT_ASSIGNED_CONTEXT ( ( #1714, #743, #1930 ) ) REPRESENTATION_CONTEXT ( 'NONE', 'WORKASPACE' ) );
#476 = PRESENTATION_STYLE_ASSIGNMENT (( #16 ) ) ;
#477 = LINE ( 'NONE', #486, #1458 ) ;
#478 = VECTOR ( 'NONE', #1575, 1000.000000000000000 ) ;
#479 = PRESENTATION_STYLE_ASSIGNMENT (( #1950 ) ) ;
#480 = EDGE_LOOP ( 'NONE', ( #247, #450, #441, #47 ) ) ;
#481 = SURFACE_STYLE_USAGE ( .BOTH. , #35 ) ;
#482 = ORIENTED_EDGE ( 'NONE', *, *, #639, .F. ) ;
#483 = FILL_AREA_STYLE ('',( #1304 ) ) ;
#484 = FACE_OUTER_BOUND ( 'NONE', #1063, .T. ) ;
#485 = PLANE ( 'NONE',  #1175 ) ;
#486 = CARTESIAN_POINT ( 'NONE',  ( 4.864809677220592654, 4.314097994502969158, 4.519999999999999574 ) ) ;
#487 = ORIENTED_EDGE ( 'NONE', *, *, #692, .T. ) ;
#488 = SURFACE_SIDE_STYLE ('',( #684 ) ) ;
#489 = FILL_AREA_STYLE_COLOUR ( '', #1977 ) ;
#490 = VECTOR ( 'NONE', #690, 1000.000000000000000 ) ;
#491 = CARTESIAN_POINT ( 'NONE',  ( -0.6249999999999992228, -4.181966621492559710, 2.290000000000000036 ) ) ;
#492 = DIRECTION ( 'NONE',  ( -1.000000000000000000, -0.000000000000000000, -0.000000000000000000 ) ) ;
#493 = ORIENTED_EDGE ( 'NONE', *, *, #188, .T. ) ;
#494 = EDGE_CURVE ( 'NONE', #1954, #540, #1306, .T. ) ;
#495 = MECHANICAL_DESIGN_GEOMETRIC_PRESENTATION_REPRESENTATION (  '', ( #327 ), #867 ) ;
#496 = CARTESIAN_POINT ( 'NONE',  ( 3.609999999999999432, -4.490825094825335206, 2.500000000000000444 ) ) ;
#497 = VECTOR ( 'NONE', #844, 1000.000000000000000 ) ;
#498 = ADVANCED_FACE ( 'NONE', ( #1996 ), #1649, .F. ) ;
#499 = PRESENTATION_STYLE_ASSIGNMENT (( #984 ) ) ;
#500 = FACE_OUTER_BOUND ( 'NONE', #102, .T. ) ;
#501 = LINE ( 'NONE', #224, #2022 ) ;
#502 = PRESENTATION_LAYER_ASSIGNMENT (  '', '', ( #1428 ) ) ;
#503 = VECTOR ( 'NONE', #1886, 1000.000000000000000 ) ;
#504 = ORIENTED_EDGE ( 'NONE', *, *, #165, .T. ) ;
#505 =( GEOMETRIC_REPRESENTATION_CONTEXT ( 3 ) GLOBAL_UNCERTAINTY_ASSIGNED_CONTEXT ( ( #990 ) ) GLOBAL_UNIT_ASSIGNED_CONTEXT ( ( #1158, #1315, #1481 ) ) REPRESENTATION_CONTEXT ( 'NONE', 'WORKASPACE' ) );
#506 = EDGE_LOOP ( 'NONE', ( #864, #117, #115, #417 ) ) ;
#507 = ORIENTED_EDGE ( 'NONE', *, *, #954, .F. ) ;
#508 = FILL_AREA_STYLE ('',( #848 ) ) ;
#509 =( NAMED_UNIT ( * ) SI_UNIT ( $, .STERADIAN. ) SOLID_ANGLE_UNIT ( ) );
#510 = UNCERTAINTY_MEASURE_WITH_UNIT (LENGTH_MEASURE( 1.000000000000000082E-05 ), #1945, 'distance_accuracy_value', 'NONE');
#511 = ORIENTED_EDGE ( 'NONE', *, *, #1927, .T. ) ;
#512 = ADVANCED_FACE ( 'NONE', ( #2068 ), #710, .T. ) ;
#513 = CARTESIAN_POINT ( 'NONE',  ( 3.609999999999999876, -6.947896243240351488, 2.290000000000000036 ) ) ;
#514 = DIRECTION ( 'NONE',  ( 1.233792771998757259E-16, -1.000000000000000000, 0.000000000000000000 ) ) ;
#515 = PLANE ( 'NONE',  #172 ) ;
#516 =( LENGTH_UNIT ( ) NAMED_UNIT ( * ) SI_UNIT ( .MILLI., .METRE. ) );
#517 = VERTEX_POINT ( 'NONE', #2042 ) ;
#518 = DIRECTION ( 'NONE',  ( 9.489734551295444552E-17, -1.000000000000000000, 0.000000000000000000 ) ) ;
#519 =( NAMED_UNIT ( * ) PLANE_ANGLE_UNIT ( ) SI_UNIT ( $, .RADIAN. ) );
#520 = SURFACE_STYLE_USAGE ( .BOTH. , #1615 ) ;
#521 = CARTESIAN_POINT ( 'NONE',  ( 0.6500000000000003553, -5.724202248755409173, 2.689999999999999503 ) ) ;
#522 = CARTESIAN_POINT ( 'NONE',  ( -4.014999999999999680, -4.967842194041997731E-16, -0.01000000000000000021 ) ) ;
#523 = EDGE_CURVE ( 'NONE', #1385, #107, #1199, .T. ) ;
#524 = VERTEX_POINT ( 'NONE', #1058 ) ;
#525 = PRESENTATION_STYLE_ASSIGNMENT (( #1995 ) ) ;
#526 = LINE ( 'NONE', #217, #1087 ) ;
#527 = CARTESIAN_POINT ( 'NONE',  ( -4.825000000000000178, 4.570000000000000284, 0.000000000000000000 ) ) ;
#528 = VECTOR ( 'NONE', #279, 1000.000000000000000 ) ;
#529 = EDGE_CURVE ( 'NONE', #30, #1138, #720, .T. ) ;
#530 = VERTEX_POINT ( 'NONE', #67 ) ;
#531 = STYLED_ITEM ( 'NONE', ( #418 ), #1852 ) ;
#532 = PRODUCT_DEFINITION_FORMATION_WITH_SPECIFIED_SOURCE ( 'ANY', '', #745, .NOT_KNOWN. ) ;
#533 = CARTESIAN_POINT ( 'NONE',  ( -1.249999999999998890, -8.197896243240352376, 0.4000000000000000222 ) ) ;
#534 = PRESENTATION_STYLE_ASSIGNMENT (( #75 ) ) ;
#535 = UNCERTAINTY_MEASURE_WITH_UNIT (LENGTH_MEASURE( 1.000000000000000082E-05 ), #1368, 'distance_accuracy_value', 'NONE');
#536 = PRESENTATION_LAYER_ASSIGNMENT (  '', '', ( #830 ) ) ;
#537 = CARTESIAN_POINT ( 'NONE',  ( 1.250000000000001110, -6.947896243240351488, -0.01000000000000002623 ) ) ;
#538 = CARTESIAN_POINT ( 'NONE',  ( 0.6500000000000003553, -4.474202248755408284, -0.01000000000000002623 ) ) ;
#539 = VECTOR ( 'NONE', #640, 1000.000000000000000 ) ;
#540 = VERTEX_POINT ( 'NONE', #1547 ) ;
#541 = DIRECTION ( 'NONE',  ( -1.237320596274470661E-16, 1.000000000000000000, 0.000000000000000000 ) ) ;
#542 = MECHANICAL_DESIGN_GEOMETRIC_PRESENTATION_REPRESENTATION (  '', ( #776 ), #1868 ) ;
#543 = VERTEX_POINT ( 'NONE', #573 ) ;
#544 = VERTEX_POINT ( 'NONE', #1528 ) ;
#545 = CIRCLE ( 'NONE', #1697, 0.1000000000000011297 ) ;
#546 = UNCERTAINTY_MEASURE_WITH_UNIT (LENGTH_MEASURE( 1.000000000000000082E-05 ), #98, 'distance_accuracy_value', 'NONE');
#547 = AXIS2_PLACEMENT_3D ( 'NONE', #177, #1173, #53 ) ;
#548 = FILL_AREA_STYLE_COLOUR ( '', #27 ) ;
#549 = VECTOR ( 'NONE', #655, 1000.000000000000000 ) ;
#550 =( LENGTH_UNIT ( ) NAMED_UNIT ( * ) SI_UNIT ( .MILLI., .METRE. ) );
#551 = DIRECTION ( 'NONE',  ( -1.000000000000000000, -0.000000000000000000, -0.000000000000000000 ) ) ;
#552 = CARTESIAN_POINT ( 'NONE',  ( 4.014999999999999680, 3.169999999999998153, -0.000000000000000000 ) ) ;
#553 = CARTESIAN_POINT ( 'NONE',  ( -3.609999999999999876, -4.609809677220592761, 1.139999999999999902 ) ) ;
#554 = FILL_AREA_STYLE ('',( #1190 ) ) ;
#555 = CARTESIAN_POINT ( 'NONE',  ( -4.864809677220590878, -4.609809677220592761, 1.139999999999999902 ) ) ;
#556 = DIRECTION ( 'NONE',  ( -1.000000000000000000, -0.000000000000000000, -0.000000000000000000 ) ) ;
#557 = UNCERTAINTY_MEASURE_WITH_UNIT (LENGTH_MEASURE( 1.000000000000000082E-05 ), #1714, 'distance_accuracy_value', 'NONE');
#558 = EDGE_CURVE ( 'NONE', #2, #107, #1370, .T. ) ;
#559 =( NAMED_UNIT ( * ) PLANE_ANGLE_UNIT ( ) SI_UNIT ( $, .RADIAN. ) );
#560 = CARTESIAN_POINT ( 'NONE',  ( -4.825000000000000178, 4.609809677220592761, 1.139999999999999902 ) ) ;
#561 = PRESENTATION_STYLE_ASSIGNMENT (( #1389 ) ) ;
#562 = VERTEX_POINT ( 'NONE', #2032 ) ;
#563 = LINE ( 'NONE', #1662, #1245 ) ;
#564 = SURFACE_SIDE_STYLE ('',( #1237 ) ) ;
#565 = LINE ( 'NONE', #1745, #134 ) ;
#566 = VERTEX_POINT ( 'NONE', #1188 ) ;
#567 = VECTOR ( 'NONE', #1398, 1000.000000000000000 ) ;
#568 = CARTESIAN_POINT ( 'NONE',  ( -4.824999999999999289, -9.157593842000100689E-16, -0.01000000000000000021 ) ) ;
#569 = DIRECTION ( 'NONE',  ( 0.000000000000000000, 0.000000000000000000, 1.000000000000000000 ) ) ;
#570 = ORIENTED_EDGE ( 'NONE', *, *, #1807, .T. ) ;
#571 = COLOUR_RGB ( '',0.2980392156862745057, 0.2980392156862745057, 0.2980392156862745057 ) ;
#572 = CARTESIAN_POINT ( 'NONE',  ( -4.825000000000000178, 4.570000000000000284, -0.01000000000000000021 ) ) ;
#573 = CARTESIAN_POINT ( 'NONE',  ( -4.014999999999998792, -3.840000000000000746, -0.01000000000000000021 ) ) ;
#574 = CARTESIAN_POINT ( 'NONE',  ( 1.250000000000001110, -6.947896243240351488, 2.289999999999998703 ) ) ;
#575 = MECHANICAL_DESIGN_GEOMETRIC_PRESENTATION_REPRESENTATION (  '', ( #1111 ), #869 ) ;
#576 = LINE ( 'NONE', #1263, #1909 ) ;
#577 = VERTEX_POINT ( 'NONE', #1676 ) ;
#578 = PRESENTATION_LAYER_ASSIGNMENT (  '', '', ( #470 ) ) ;
#579 = MECHANICAL_DESIGN_GEOMETRIC_PRESENTATION_REPRESENTATION (  '', ( #1580 ), #71 ) ;
#580 = FILL_AREA_STYLE ('',( #1843 ) ) ;
#581 = CARTESIAN_POINT ( 'NONE',  ( 3.609999999999999876, -8.297896243240352021, 0.5000000000000000000 ) ) ;
#582 = VECTOR ( 'NONE', #101, 1000.000000000000000 ) ;
#583 = ORIENTED_EDGE ( 'NONE', *, *, #821, .F. ) ;
#584 = DIRECTION ( 'NONE',  ( -1.070816960479509564E-15, 1.000000000000000000, 0.000000000000000000 ) ) ;
#585 = VECTOR ( 'NONE', #763, 1000.000000000000000 ) ;
#586 =( NAMED_UNIT ( * ) PLANE_ANGLE_UNIT ( ) SI_UNIT ( $, .RADIAN. ) );
#587 = EDGE_CURVE ( 'NONE', #351, #83, #1361, .T. ) ;
#588 =( NAMED_UNIT ( * ) PLANE_ANGLE_UNIT ( ) SI_UNIT ( $, .RADIAN. ) );
#589 = CARTESIAN_POINT ( 'NONE',  ( 1.250000000000001110, -6.947896243240351488, -0.01000000000000002623 ) ) ;
#590 = CARTESIAN_POINT ( 'NONE',  ( 0.6500000000000002442, -5.724202248755409173, 2.289999999999999147 ) ) ;
#591 = LINE ( 'NONE', #430, #1254 ) ;
#592 = ORIENTED_EDGE ( 'NONE', *, *, #1206, .F. ) ;
#593 =( LENGTH_UNIT ( ) NAMED_UNIT ( * ) SI_UNIT ( .MILLI., .METRE. ) );
#594 = SURFACE_STYLE_USAGE ( .BOTH. , #2036 ) ;
#595 = CARTESIAN_POINT ( 'NONE',  ( 3.609999999999999876, -6.947896243240351488, 2.289999999999999591 ) ) ;
#596 = VERTEX_POINT ( 'NONE', #264 ) ;
#597 = VERTEX_POINT ( 'NONE', #81 ) ;
#598 =( NAMED_UNIT ( * ) SI_UNIT ( $, .STERADIAN. ) SOLID_ANGLE_UNIT ( ) );
#599 = ORIENTED_EDGE ( 'NONE', *, *, #1298, .T. ) ;
#600 = DIRECTION ( 'NONE',  ( 0.000000000000000000, 0.000000000000000000, 1.000000000000000000 ) ) ;
#601 = LINE ( 'NONE', #1728, #1007 ) ;
#602 =( NAMED_UNIT ( * ) PLANE_ANGLE_UNIT ( ) SI_UNIT ( $, .RADIAN. ) );
#603 = EDGE_CURVE ( 'NONE', #1040, #524, #227, .T. ) ;
#604 = EDGE_CURVE ( 'NONE', #1814, #11, #274, .T. ) ;
#605 = VECTOR ( 'NONE', #425, 1000.000000000000000 ) ;
#606 = ORIENTED_EDGE ( 'NONE', *, *, #220, .T. ) ;
#607 = LINE ( 'NONE', #1274, #32 ) ;
#608 = LINE ( 'NONE', #1236, #323 ) ;
#609 = CARTESIAN_POINT ( 'NONE',  ( -4.864809677220592654, -4.397896243240352554, 1.139999999999980362 ) ) ;
#610 = SURFACE_STYLE_USAGE ( .BOTH. , #1775 ) ;
#611 = FILL_AREA_STYLE_COLOUR ( '', #1139 ) ;
#612 = MECHANICAL_DESIGN_GEOMETRIC_PRESENTATION_REPRESENTATION (  '', ( #1518 ), #1585 ) ;
#613 = VERTEX_POINT ( 'NONE', #895 ) ;
#614 = ORIENTED_EDGE ( 'NONE', *, *, #667, .T. ) ;
#615 = MECHANICAL_DESIGN_GEOMETRIC_PRESENTATION_REPRESENTATION (  '', ( #1387 ), #742 ) ;
#616 = AXIS2_PLACEMENT_3D ( 'NONE', #939, #622, #1786 ) ;
#617 = COLOUR_RGB ( '',0.6470588235294117974, 0.6196078431372549211, 0.5882352941176470784 ) ;
#618 = CARTESIAN_POINT ( 'NONE',  ( 4.825000000000000178, 4.570000000000000284, -0.01000000000000000021 ) ) ;
#619 = ORIENTED_EDGE ( 'NONE', *, *, #2100, .F. ) ;
#620 = FACE_OUTER_BOUND ( 'NONE', #1517, .T. ) ;
#621 = COLOUR_RGB ( '',0.6470588235294117974, 0.6196078431372549211, 0.5882352941176470784 ) ;
#622 = DIRECTION ( 'NONE',  ( 0.000000000000000000, 0.9993908270190957621, -0.03489949670250105246 ) ) ;
#623 = COLOUR_RGB ( '',0.2980392156862745057, 0.2980392156862745057, 0.2980392156862745057 ) ;
#624 = ORIENTED_EDGE ( 'NONE', *, *, #764, .T. ) ;
#625 = VERTEX_POINT ( 'NONE', #552 ) ;
#626 = SURFACE_SIDE_STYLE ('',( #1233 ) ) ;
#627 = ORIENTED_EDGE ( 'NONE', *, *, #660, .F. ) ;
#628 = DIRECTION ( 'NONE',  ( -1.237320596274470661E-16, -1.000000000000000000, 0.000000000000000000 ) ) ;
#629 = DIRECTION ( 'NONE',  ( 3.469446951953614682E-16, 1.000000000000000000, 0.000000000000000000 ) ) ;
#630 = CARTESIAN_POINT ( 'NONE',  ( 4.825000000000000178, 4.570000000000000284, 0.000000000000000000 ) ) ;
#631 = LINE ( 'NONE', #2105, #2111 ) ;
#632 = FILL_AREA_STYLE ('',( #2101 ) ) ;
#633 = VERTEX_POINT ( 'NONE', #1850 ) ;
#634 = AXIS2_PLACEMENT_3D ( 'NONE', #1719, #1551, #1878 ) ;
#635 = VECTOR ( 'NONE', #1128, 1000.000000000000000 ) ;
#636 = DIRECTION ( 'NONE',  ( 1.000000000000000000, 1.387778780781446070E-15, 0.000000000000000000 ) ) ;
#637 = FILL_AREA_STYLE ('',( #1277 ) ) ;
#638 = CARTESIAN_POINT ( 'NONE',  ( 3.394489764720045991E-15, 3.169999999999994156, 0.000000000000000000 ) ) ;
#639 = EDGE_CURVE ( 'NONE', #1444, #412, #1883, .T. ) ;
#640 = DIRECTION ( 'NONE',  ( -1.000000000000000000, -1.070816960479509564E-15, 0.000000000000000000 ) ) ;
#641 =( NAMED_UNIT ( * ) SI_UNIT ( $, .STERADIAN. ) SOLID_ANGLE_UNIT ( ) );
#642 = VECTOR ( 'NONE', #1859, 1000.000000000000000 ) ;
#643 = AXIS2_PLACEMENT_3D ( 'NONE', #787, #1788, #1438 ) ;
#644 = PRESENTATION_LAYER_ASSIGNMENT (  '', '', ( #366 ) ) ;
#645 = ORIENTED_EDGE ( 'NONE', *, *, #205, .F. ) ;
#646 = DIRECTION ( 'NONE',  ( -9.489734551295443319E-17, 1.000000000000000000, -0.000000000000000000 ) ) ;
#647 = CARTESIAN_POINT ( 'NONE',  ( -1.874999999999999334, -5.724202248755410949, 2.289999999999999147 ) ) ;
#648 = MECHANICAL_DESIGN_GEOMETRIC_PRESENTATION_REPRESENTATION (  '', ( #208 ), #1396 ) ;
#649 = ORIENTED_EDGE ( 'NONE', *, *, #1927, .F. ) ;
#650 = AXIS2_PLACEMENT_3D ( 'NONE', #732, #1378, #1047 ) ;
#651 = EDGE_CURVE ( 'NONE', #1479, #924, #419, .T. ) ;
#652 = CLOSED_SHELL ( 'NONE', ( #1553, #2056, #1510, #1028, #342, #2038, #1542, #146, #1602, #1299, #385, #1162, #1614, #319, #827, #1852, #422, #1947, #152, #788, #876, #512, #923, #666, #989, #725, #831, #304, #1670, #1824, #1665, #970, #1030, #120, #1321, #1595, #163, #2104, #206, #1085, #222, #1240, #498, #1871 ) ) ;
#653 =( NAMED_UNIT ( * ) SI_UNIT ( $, .STERADIAN. ) SOLID_ANGLE_UNIT ( ) );
#654 = CARTESIAN_POINT ( 'NONE',  ( -1.874999999999999334, -4.474202248755409173, -0.01000000000000002623 ) ) ;
#655 = DIRECTION ( 'NONE',  ( -1.233792771998757259E-16, 1.000000000000000000, 0.000000000000000000 ) ) ;
#656 = CARTESIAN_POINT ( 'NONE',  ( 1.850000000000000533, -5.724202248755409173, 2.290000000000000036 ) ) ;
#657 = EDGE_CURVE ( 'NONE', #2003, #1479, #1729, .T. ) ;
#658 = SURFACE_SIDE_STYLE ('',( #312 ) ) ;
#659 = CARTESIAN_POINT ( 'NONE',  ( -1.249999999999998668, -8.197896243240350600, 2.690000000000000835 ) ) ;
#660 = EDGE_CURVE ( 'NONE', #180, #18, #1765, .T. ) ;
#661 = UNCERTAINTY_MEASURE_WITH_UNIT (LENGTH_MEASURE( 1.000000000000000082E-05 ), #1222, 'distance_accuracy_value', 'NONE');
#662 = VERTEX_POINT ( 'NONE', #1098 ) ;
#663 = FILL_AREA_STYLE_COLOUR ( '', #2023 ) ;
#664 = CARTESIAN_POINT ( 'NONE',  ( -1.249999999999998890, -6.947896243240351488, -0.01000000000000002623 ) ) ;
#665 = AXIS2_PLACEMENT_3D ( 'NONE', #160, #297, #768 ) ;
#666 = ADVANCED_FACE ( 'NONE', ( #1278 ), #317, .T. ) ;
#667 = EDGE_CURVE ( 'NONE', #1386, #1040, #157, .T. ) ;
#668 = LINE ( 'NONE', #1276, #935 ) ;
#669 = FACE_OUTER_BOUND ( 'NONE', #953, .T. ) ;
#670 = EDGE_CURVE ( 'NONE', #976, #886, #138, .T. ) ;
#671 = CARTESIAN_POINT ( 'NONE',  ( 4.569097994502969939, -4.609809677220592761, 4.519999999999999574 ) ) ;
#672 = FACE_OUTER_BOUND ( 'NONE', #300, .T. ) ;
#673 = COLOUR_RGB ( '',0.6470588235294117974, 0.6196078431372549211, 0.5882352941176470784 ) ;
#674 = PLANE ( 'NONE',  #547 ) ;
#675 =( NAMED_UNIT ( * ) PLANE_ANGLE_UNIT ( ) SI_UNIT ( $, .RADIAN. ) );
#676 = MECHANICAL_DESIGN_GEOMETRIC_PRESENTATION_REPRESENTATION (  '', ( #1328 ), #475 ) ;
#677 = ORIENTED_EDGE ( 'NONE', *, *, #639, .T. ) ;
#678 =( GEOMETRIC_REPRESENTATION_CONTEXT ( 3 ) GLOBAL_UNCERTAINTY_ASSIGNED_CONTEXT ( ( #661 ) ) GLOBAL_UNIT_ASSIGNED_CONTEXT ( ( #1222, #602, #860 ) ) REPRESENTATION_CONTEXT ( 'NONE', 'WORKASPACE' ) );
#679 = ORIENTED_EDGE ( 'NONE', *, *, #1266, .F. ) ;
#680 = ORIENTED_EDGE ( 'NONE', *, *, #1591, .F. ) ;
#681 = DIRECTION ( 'NONE',  ( -0.000000000000000000, -0.000000000000000000, 1.000000000000000000 ) ) ;
#682 = EDGE_CURVE ( 'NONE', #1301, #1138, #1435, .T. ) ;
#683 = CARTESIAN_POINT ( 'NONE',  ( -4.864809677220590878, -4.314097994502969158, 4.519999999999999574 ) ) ;
#684 = SURFACE_STYLE_FILL_AREA ( #1473 ) ;
#685 = EDGE_CURVE ( 'NONE', #1414, #2, #1943, .T. ) ;
#686 = SURFACE_STYLE_FILL_AREA ( #294 ) ;
#687 = SURFACE_SIDE_STYLE ('',( #41 ) ) ;
#688 = DIRECTION ( 'NONE',  ( -0.03481840666335375006, 0.06812974291806533911, -0.9970687121193522184 ) ) ;
#689 = PRESENTATION_STYLE_ASSIGNMENT (( #179 ) ) ;
#690 = DIRECTION ( 'NONE',  ( -1.000000000000000000, -1.070816960479509564E-15, 0.000000000000000000 ) ) ;
#691 = CARTESIAN_POINT ( 'NONE',  ( 1.850000000000000977, -4.474202248755408284, -0.01000000000000002623 ) ) ;
#692 = EDGE_CURVE ( 'NONE', #2044, #1854, #1956, .T. ) ;
#693 = DIRECTION ( 'NONE',  ( 1.000000000000000000, 1.233792771998757259E-16, 0.000000000000000000 ) ) ;
#694 =( LENGTH_UNIT ( ) NAMED_UNIT ( * ) SI_UNIT ( .MILLI., .METRE. ) );
#695 =( NAMED_UNIT ( * ) SI_UNIT ( $, .STERADIAN. ) SOLID_ANGLE_UNIT ( ) );
#696 = EDGE_CURVE ( 'NONE', #127, #746, #1077, .T. ) ;
#697 = ORIENTED_EDGE ( 'NONE', *, *, #1061, .F. ) ;
#698 =( NAMED_UNIT ( * ) PLANE_ANGLE_UNIT ( ) SI_UNIT ( $, .RADIAN. ) );
#699 = DIRECTION ( 'NONE',  ( -8.673617379884041635E-17, 1.000000000000000000, 1.079901566615247376E-16 ) ) ;
#700 = STYLED_ITEM ( 'NONE', ( #894 ), #1871 ) ;
#701 = ORIENTED_EDGE ( 'NONE', *, *, #1266, .T. ) ;
#702 = ORIENTED_EDGE ( 'NONE', *, *, #1042, .F. ) ;
#703 = CARTESIAN_POINT ( 'NONE',  ( 4.014999999999998792, -3.840000000000000746, -0.01000000000000000021 ) ) ;
#704 = PLANE ( 'NONE',  #942 ) ;
#705 = ORIENTED_EDGE ( 'NONE', *, *, #940, .F. ) ;
#706 = EDGE_LOOP ( 'NONE', ( #147, #1472, #504, #308, #962 ) ) ;
#707 = CARTESIAN_POINT ( 'NONE',  ( -1.249999999999998890, -8.197896243240350600, 0.5000000000000000000 ) ) ;
#708 = PRESENTATION_LAYER_ASSIGNMENT (  '', '', ( #1518 ) ) ;
#709 = LINE ( 'NONE', #1506, #1130 ) ;
#710 = PLANE ( 'NONE',  #650 ) ;
#711 = PRESENTATION_LAYER_ASSIGNMENT (  '', '', ( #438 ) ) ;
#712 =( NAMED_UNIT ( * ) PLANE_ANGLE_UNIT ( ) SI_UNIT ( $, .RADIAN. ) );
#713 = VECTOR ( 'NONE', #1809, 1000.000000000000000 ) ;
#714 = LINE ( 'NONE', #555, #1345 ) ;
#715 = SURFACE_STYLE_USAGE ( .BOTH. , #383 ) ;
#716 = PRESENTATION_LAYER_ASSIGNMENT (  '', '', ( #1259 ) ) ;
#717 = FACE_OUTER_BOUND ( 'NONE', #480, .T. ) ;
#718 =( NAMED_UNIT ( * ) PLANE_ANGLE_UNIT ( ) SI_UNIT ( $, .RADIAN. ) );
#719 = DIRECTION ( 'NONE',  ( -1.000000000000000000, -2.467585543997514519E-16, -0.000000000000000000 ) ) ;
#720 = LINE ( 'NONE', #236, #212 ) ;
#721 =( NAMED_UNIT ( * ) PLANE_ANGLE_UNIT ( ) SI_UNIT ( $, .RADIAN. ) );
#722 = ORIENTED_EDGE ( 'NONE', *, *, #821, .T. ) ;
#724 = EDGE_CURVE ( 'NONE', #540, #886, #1093, .T. ) ;
#723 = UNCERTAINTY_MEASURE_WITH_UNIT (LENGTH_MEASURE( 1.000000000000000082E-05 ), #318, 'distance_accuracy_value', 'NONE');
#725 = ADVANCED_FACE ( 'NONE', ( #463 ), #1106, .T. ) ;
#726 = PLANE ( 'NONE',  #2048 ) ;
#727 = ORIENTED_EDGE ( 'NONE', *, *, #280, .T. ) ;
#728 = EDGE_CURVE ( 'NONE', #951, #577, #1149, .T. ) ;
#729 = FILL_AREA_STYLE ('',( #1041 ) ) ;
#730 = FACE_OUTER_BOUND ( 'NONE', #1568, .T. ) ;
#731 =( LENGTH_UNIT ( ) NAMED_UNIT ( * ) SI_UNIT ( .MILLI., .METRE. ) );
#732 = CARTESIAN_POINT ( 'NONE',  ( 3.609999999999999876, -8.197896243240350600, 2.189999999999999503 ) ) ;
#733 = DIRECTION ( 'NONE',  ( -1.000000000000000000, 0.000000000000000000, 0.000000000000000000 ) ) ;
#734 = STYLED_ITEM ( 'NONE', ( #798 ), #1947 ) ;
#735 =( NAMED_UNIT ( * ) SI_UNIT ( $, .STERADIAN. ) SOLID_ANGLE_UNIT ( ) );
#736 =( LENGTH_UNIT ( ) NAMED_UNIT ( * ) SI_UNIT ( .MILLI., .METRE. ) );
#737 = EDGE_CURVE ( 'NONE', #951, #83, #1327, .T. ) ;
#738 = EDGE_LOOP ( 'NONE', ( #1000, #797, #448, #1434 ) ) ;
#739 = SURFACE_STYLE_FILL_AREA ( #729 ) ;
#740 = PRESENTATION_LAYER_ASSIGNMENT (  '', '', ( #234 ) ) ;
#741 = CARTESIAN_POINT ( 'NONE',  ( -1.249999999999998890, -6.947896243240351488, -0.01000000000000002623 ) ) ;
#742 =( GEOMETRIC_REPRESENTATION_CONTEXT ( 3 ) GLOBAL_UNCERTAINTY_ASSIGNED_CONTEXT ( ( #1582 ) ) GLOBAL_UNIT_ASSIGNED_CONTEXT ( ( #1027, #1341, #1165 ) ) REPRESENTATION_CONTEXT ( 'NONE', 'WORKASPACE' ) );
#743 =( NAMED_UNIT ( * ) PLANE_ANGLE_UNIT ( ) SI_UNIT ( $, .RADIAN. ) );
#744 = MECHANICAL_DESIGN_GEOMETRIC_PRESENTATION_REPRESENTATION (  '', ( #1803 ), #1740 ) ;
#745 = PRODUCT ( 'SLD8S30A', 'SLD8S30A', '', ( #459 ) ) ;
#746 = VERTEX_POINT ( 'NONE', #521 ) ;
#747 = DIRECTION ( 'NONE',  ( 0.9993908270190957621, 9.483953661410841536E-17, -0.03489949670250105246 ) ) ;
#748 = PRESENTATION_LAYER_ASSIGNMENT (  '', '', ( #1328 ) ) ;
#749 = ORIENTED_EDGE ( 'NONE', *, *, #1073, .F. ) ;
#750 = SURFACE_STYLE_FILL_AREA ( #109 ) ;
#751 = PRESENTATION_STYLE_ASSIGNMENT (( #892 ) ) ;
#752 = SURFACE_SIDE_STYLE ('',( #253 ) ) ;
#753 = SURFACE_STYLE_FILL_AREA ( #454 ) ;
#754 = PRESENTATION_STYLE_ASSIGNMENT (( #874 ) ) ;
#755 = LINE ( 'NONE', #1413, #503 ) ;
#756 = EDGE_LOOP ( 'NONE', ( #43, #1678, #1802, #1782, #1182 ) ) ;
#757 = ORIENTED_EDGE ( 'NONE', *, *, #945, .T. ) ;
#758 = SURFACE_STYLE_FILL_AREA ( #2029 ) ;
#759 = ORIENTED_EDGE ( 'NONE', *, *, #8, .T. ) ;
#760 = DIRECTION ( 'NONE',  ( 1.000000000000000000, 0.000000000000000000, 0.000000000000000000 ) ) ;
#761 = EDGE_CURVE ( 'NONE', #596, #796, #1617, .T. ) ;
#762 = SURFACE_SIDE_STYLE ('',( #753 ) ) ;
#763 = DIRECTION ( 'NONE',  ( -0.000000000000000000, -0.000000000000000000, 1.000000000000000000 ) ) ;
#764 = EDGE_CURVE ( 'NONE', #936, #1112, #1492, .T. ) ;
#765 = ORIENTED_EDGE ( 'NONE', *, *, #2028, .T. ) ;
#766 = EDGE_LOOP ( 'NONE', ( #1679, #493, #1095, #913, #1025, #1477, #373, #980, #1787, #1508, #1366, #2046 ) ) ;
#767 = ORIENTED_EDGE ( 'NONE', *, *, #1365, .T. ) ;
#768 = DIRECTION ( 'NONE',  ( -8.673617379884036705E-17, -1.000000000000000000, 0.000000000000000000 ) ) ;
#769 = PRESENTATION_LAYER_ASSIGNMENT (  '', '', ( #531 ) ) ;
#770 = CARTESIAN_POINT ( 'NONE',  ( -1.249999999999998890, -6.947896243240351488, 2.690000000000000835 ) ) ;
#771 = ORIENTED_EDGE ( 'NONE', *, *, #280, .F. ) ;
#772 = COLOUR_RGB ( '',0.2980392156862745057, 0.2980392156862745057, 0.2980392156862745057 ) ;
#773 =( NAMED_UNIT ( * ) PLANE_ANGLE_UNIT ( ) SI_UNIT ( $, .RADIAN. ) );
#774 = UNCERTAINTY_MEASURE_WITH_UNIT (LENGTH_MEASURE( 1.000000000000000082E-05 ), #1677, 'distance_accuracy_value', 'NONE');
#775 = VECTOR ( 'NONE', #514, 1000.000000000000000 ) ;
#776 = STYLED_ITEM ( 'NONE', ( #1066 ), #152 ) ;
#777 =( GEOMETRIC_REPRESENTATION_CONTEXT ( 3 ) GLOBAL_UNCERTAINTY_ASSIGNED_CONTEXT ( ( #1812 ) ) GLOBAL_UNIT_ASSIGNED_CONTEXT ( ( #1512, #1684, #1433 ) ) REPRESENTATION_CONTEXT ( 'NONE', 'WORKASPACE' ) );
#778 = PRODUCT_DEFINITION_CONTEXT ( 'detailed design', #1698, 'design' ) ;
#779 = COLOUR_RGB ( '',0.6470588235294117974, 0.6196078431372549211, 0.5882352941176470784 ) ;
#780 = AXIS2_PLACEMENT_3D ( 'NONE', #1774, #938, #1262 ) ;
#781 = FILL_AREA_STYLE_COLOUR ( '', #230 ) ;
#782 = VECTOR ( 'NONE', #256, 1000.000000000000000 ) ;
#783 =( NAMED_UNIT ( * ) SI_UNIT ( $, .STERADIAN. ) SOLID_ANGLE_UNIT ( ) );
#784 = CARTESIAN_POINT ( 'NONE',  ( -1.249999999999998890, -8.197896243240352376, 0.000000000000000000 ) ) ;
#785 = DIRECTION ( 'NONE',  ( 1.000000000000000000, 1.387778780781446070E-15, 1.498664479481281368E-31 ) ) ;
#786 = CARTESIAN_POINT ( 'NONE',  ( 1.250000000000001110, -8.297896243240350245, 2.189999999999999503 ) ) ;
#787 = CARTESIAN_POINT ( 'NONE',  ( -4.824999999999999289, -9.157593842000100689E-16, -0.01000000000000000021 ) ) ;
#788 = ADVANCED_FACE ( 'NONE', ( #1985 ), #994, .F. ) ;
#789 = ORIENTED_EDGE ( 'NONE', *, *, #856, .F. ) ;
#790 = CARTESIAN_POINT ( 'NONE',  ( -1.249999999999998890, -6.947896243240351488, 2.690000000000000835 ) ) ;
#791 = SURFACE_SIDE_STYLE ('',( #1293 ) ) ;
#792 = SURFACE_STYLE_USAGE ( .BOTH. , #1281 ) ;
#793 = EDGE_CURVE ( 'NONE', #746, #1961, #1334, .T. ) ;
#794 = CARTESIAN_POINT ( 'NONE',  ( 1.850000000000000533, -5.724202248755409173, -0.01000000000000002623 ) ) ;
#795 = VECTOR ( 'NONE', #73, 1000.000000000000000 ) ;
#796 = VERTEX_POINT ( 'NONE', #1503 ) ;
#797 = ORIENTED_EDGE ( 'NONE', *, *, #1541, .T. ) ;
#798 = PRESENTATION_STYLE_ASSIGNMENT (( #156 ) ) ;
#799 = PLANE ( 'NONE',  #1167 ) ;
#800 = VERTEX_POINT ( 'NONE', #1791 ) ;
#801 = DIRECTION ( 'NONE',  ( -1.000000000000000000, 0.000000000000000000, 0.000000000000000000 ) ) ;
#802 = COLOUR_RGB ( '',0.2980392156862745057, 0.2980392156862745057, 0.2980392156862745057 ) ;
#803 = COLOUR_RGB ( '',0.6470588235294117974, 0.6196078431372549211, 0.5882352941176470784 ) ;
#804 = VERTEX_POINT ( 'NONE', #513 ) ;
#805 = CARTESIAN_POINT ( 'NONE',  ( 3.609999999999999876, -8.197896243240350600, 2.189999999999999503 ) ) ;
#806 = COLOUR_RGB ( '',0.2980392156862745057, 0.2980392156862745057, 0.2980392156862745057 ) ;
#807 = ORIENTED_EDGE ( 'NONE', *, *, #1441, .T. ) ;
#808 = PLANE ( 'NONE',  #1325 ) ;
#809 = MECHANICAL_DESIGN_GEOMETRIC_PRESENTATION_REPRESENTATION (  '', ( #1949 ), #244 ) ;
#810 = VECTOR ( 'NONE', #364, 1000.000000000000000 ) ;
#811 = CARTESIAN_POINT ( 'NONE',  ( -1.249999999999998890, -8.297896243240350245, 2.189999999999999503 ) ) ;
#812 = LINE ( 'NONE', #952, #1132 ) ;
#813 = VECTOR ( 'NONE', #849, 1000.000000000000000 ) ;
#814 = CARTESIAN_POINT ( 'NONE',  ( -4.864809677220590878, -4.609809677220592761, 1.139999999999999902 ) ) ;
#815 = ORIENTED_EDGE ( 'NONE', *, *, #293, .T. ) ;
#816 = EDGE_LOOP ( 'NONE', ( #1407, #881, #1984, #192, #2007 ) ) ;
#817 = CARTESIAN_POINT ( 'NONE',  ( 3.609999999999999876, -8.697896243240352376, 2.189999999999999503 ) ) ;
#818 = PRESENTATION_STYLE_ASSIGNMENT (( #1159 ) ) ;
#819 =( LENGTH_UNIT ( ) NAMED_UNIT ( * ) SI_UNIT ( .MILLI., .METRE. ) );
#820 =( NAMED_UNIT ( * ) SI_UNIT ( $, .STERADIAN. ) SOLID_ANGLE_UNIT ( ) );
#821 = EDGE_CURVE ( 'NONE', #1397, #951, #336, .T. ) ;
#822 = ORIENTED_EDGE ( 'NONE', *, *, #269, .F. ) ;
#823 = ORIENTED_EDGE ( 'NONE', *, *, #461, .T. ) ;
#824 = DIRECTION ( 'NONE',  ( -0.000000000000000000, 1.000000000000000000, 0.000000000000000000 ) ) ;
#825 = PRESENTATION_LAYER_ASSIGNMENT (  '', '', ( #734 ) ) ;
#826 = CARTESIAN_POINT ( 'NONE',  ( 3.394489764720045991E-15, 3.169999999999994156, -0.01000000000000000021 ) ) ;
#827 = ADVANCED_FACE ( 'NONE', ( #1346 ), #808, .F. ) ;
#828 =( NAMED_UNIT ( * ) SI_UNIT ( $, .STERADIAN. ) SOLID_ANGLE_UNIT ( ) );
#829 = VERTEX_POINT ( 'NONE', #1855 ) ;
#830 = STYLED_ITEM ( 'NONE', ( #751 ), #1665 ) ;
#831 = ADVANCED_FACE ( 'NONE', ( #1710 ), #883, .F. ) ;
#832 = LINE ( 'NONE', #344, #490 ) ;
#833 =( LENGTH_UNIT ( ) NAMED_UNIT ( * ) SI_UNIT ( .MILLI., .METRE. ) );
#834 = PRESENTATION_LAYER_ASSIGNMENT (  '', '', ( #1111 ) ) ;
#835 = ORIENTED_EDGE ( 'NONE', *, *, #258, .T. ) ;
#836 = ORIENTED_EDGE ( 'NONE', *, *, #1763, .F. ) ;
#837 = STYLED_ITEM ( 'NONE', ( #499 ), #1553 ) ;
#838 = CARTESIAN_POINT ( 'NONE',  ( 3.609999999999999876, -8.197896243240350600, 2.689999999999999059 ) ) ;
#839 =( NAMED_UNIT ( * ) SI_UNIT ( $, .STERADIAN. ) SOLID_ANGLE_UNIT ( ) );
#840 = LINE ( 'NONE', #1673, #347 ) ;
#841 = MECHANICAL_DESIGN_GEOMETRIC_PRESENTATION_REPRESENTATION (  '', ( #1428 ), #2016 ) ;
#842 = CARTESIAN_POINT ( 'NONE',  ( 3.394489764720045991E-15, 3.169999999999994156, -0.01000000000000000021 ) ) ;
#843 = SURFACE_SIDE_STYLE ('',( #333 ) ) ;
#844 = DIRECTION ( 'NONE',  ( -1.000000000000000000, -0.000000000000000000, -0.000000000000000000 ) ) ;
#845 = MECHANICAL_DESIGN_GEOMETRIC_PRESENTATION_REPRESENTATION (  '', ( #1176 ), #1290 ) ;
#846 = MECHANICAL_DESIGN_GEOMETRIC_PRESENTATION_REPRESENTATION (  '', ( #2091 ), #1781 ) ;
#847 = EDGE_CURVE ( 'NONE', #1500, #408, #1867, .T. ) ;
#848 = FILL_AREA_STYLE_COLOUR ( '', #20 ) ;
#849 = DIRECTION ( 'NONE',  ( -1.000000000000000000, -0.000000000000000000, -0.000000000000000000 ) ) ;
#850 = ORIENTED_EDGE ( 'NONE', *, *, #1629, .F. ) ;
#851 =( NAMED_UNIT ( * ) PLANE_ANGLE_UNIT ( ) SI_UNIT ( $, .RADIAN. ) );
#852 = UNCERTAINTY_MEASURE_WITH_UNIT (LENGTH_MEASURE( 1.000000000000000082E-05 ), #1260, 'distance_accuracy_value', 'NONE');
#853 = DIRECTION ( 'NONE',  ( 0.000000000000000000, 0.000000000000000000, -1.000000000000000000 ) ) ;
#854 = LINE ( 'NONE', #581, #1354 ) ;
#855 = ORIENTED_EDGE ( 'NONE', *, *, #1348, .T. ) ;
#856 = EDGE_CURVE ( 'NONE', #1300, #1444, #1219, .T. ) ;
#857 = EDGE_CURVE ( 'NONE', #544, #746, #1879, .T. ) ;
#858 = DIRECTION ( 'NONE',  ( -1.000000000000000000, -0.000000000000000000, 0.000000000000000000 ) ) ;
#859 = DIRECTION ( 'NONE',  ( -0.000000000000000000, -0.000000000000000000, 1.000000000000000000 ) ) ;
#860 =( NAMED_UNIT ( * ) SI_UNIT ( $, .STERADIAN. ) SOLID_ANGLE_UNIT ( ) );
#861 = CARTESIAN_POINT ( 'NONE',  ( 0.000000000000000000, 4.570000000000000284, -0.01000000000000000021 ) ) ;
#862 =( GEOMETRIC_REPRESENTATION_CONTEXT ( 3 ) GLOBAL_UNCERTAINTY_ASSIGNED_CONTEXT ( ( #1353 ) ) GLOBAL_UNIT_ASSIGNED_CONTEXT ( ( #1105, #519, #2103 ) ) REPRESENTATION_CONTEXT ( 'NONE', 'WORKASPACE' ) );
#863 = PLANE ( 'NONE',  #1833 ) ;
#864 = ORIENTED_EDGE ( 'NONE', *, *, #682, .F. ) ;
#865 = DIRECTION ( 'NONE',  ( -0.03489949670250104552, 0.000000000000000000, -0.9993908270190956511 ) ) ;
#866 = CARTESIAN_POINT ( 'NONE',  ( -4.825000000000000178, 4.570000000000000284, 0.000000000000000000 ) ) ;
#867 =( GEOMETRIC_REPRESENTATION_CONTEXT ( 3 ) GLOBAL_UNCERTAINTY_ASSIGNED_CONTEXT ( ( #2035 ) ) GLOBAL_UNIT_ASSIGNED_CONTEXT ( ( #1316, #586, #1524 ) ) REPRESENTATION_CONTEXT ( 'NONE', 'WORKASPACE' ) );
#868 = ORIENTED_EDGE ( 'NONE', *, *, #587, .T. ) ;
#869 =( GEOMETRIC_REPRESENTATION_CONTEXT ( 3 ) GLOBAL_UNCERTAINTY_ASSIGNED_CONTEXT ( ( #1418 ) ) GLOBAL_UNIT_ASSIGNED_CONTEXT ( ( #736, #231, #1844 ) ) REPRESENTATION_CONTEXT ( 'NONE', 'WORKASPACE' ) );
#870 = EDGE_CURVE ( 'NONE', #577, #1099, #545, .T. ) ;
#871 = VECTOR ( 'NONE', #1884, 1000.000000000000000 ) ;
#872 = LINE ( 'NONE', #572, #2011 ) ;
#873 = DIRECTION ( 'NONE',  ( 0.000000000000000000, 0.000000000000000000, -1.000000000000000000 ) ) ;
#874 = SURFACE_STYLE_USAGE ( .BOTH. , #1730 ) ;
#875 = STYLED_ITEM ( 'NONE', ( #1758 ), #1542 ) ;
#876 = ADVANCED_FACE ( 'NONE', ( #1723 ), #906, .F. ) ;
#877 = VECTOR ( 'NONE', #1754, 1000.000000000000114 ) ;
#878 = VECTOR ( 'NONE', #1476, 1000.000000000000000 ) ;
#879 =( NAMED_UNIT ( * ) SI_UNIT ( $, .STERADIAN. ) SOLID_ANGLE_UNIT ( ) );
#880 = MECHANICAL_DESIGN_GEOMETRIC_PRESENTATION_REPRESENTATION (  '', ( #1259 ), #79 ) ;
#881 = ORIENTED_EDGE ( 'NONE', *, *, #1789, .T. ) ;
#882 = LINE ( 'NONE', #683, #1257 ) ;
#883 = PLANE ( 'NONE',  #74 ) ;
#884 = DIRECTION ( 'NONE',  ( 1.897946910259088664E-16, -1.000000000000000000, 0.000000000000000000 ) ) ;
#885 = ORIENTED_EDGE ( 'NONE', *, *, #184, .T. ) ;
#886 = VERTEX_POINT ( 'NONE', #928 ) ;
#887 = EDGE_CURVE ( 'NONE', #796, #203, #299, .T. ) ;
#888 = EDGE_CURVE ( 'NONE', #434, #207, #1584, .T. ) ;
#889 = ORIENTED_EDGE ( 'NONE', *, *, #354, .F. ) ;
#890 = ORIENTED_EDGE ( 'NONE', *, *, #1441, .F. ) ;
#891 = PRESENTATION_STYLE_ASSIGNMENT (( #250 ) ) ;
#892 = SURFACE_STYLE_USAGE ( .BOTH. , #1074 ) ;
#893 = FILL_AREA_STYLE ('',( #1317 ) ) ;
#894 = PRESENTATION_STYLE_ASSIGNMENT (( #1882 ) ) ;
#895 = CARTESIAN_POINT ( 'NONE',  ( -1.249999999999998890, -6.947896243240351488, 2.289999999999998703 ) ) ;
#896 = CARTESIAN_POINT ( 'NONE',  ( 1.850000000000000977, -4.476475786860007133, 2.290000000000000036 ) ) ;
#897 = VECTOR ( 'NONE', #39, 1000.000000000000000 ) ;
#898 = ORIENTED_EDGE ( 'NONE', *, *, #1861, .T. ) ;
#899 = ORIENTED_EDGE ( 'NONE', *, *, #350, .F. ) ;
#900 = EDGE_CURVE ( 'NONE', #1112, #2020, #153, .T. ) ;
#901 = PRESENTATION_LAYER_ASSIGNMENT (  '', '', ( #996 ) ) ;
#902 =( LENGTH_UNIT ( ) NAMED_UNIT ( * ) SI_UNIT ( .MILLI., .METRE. ) );
#903 = CARTESIAN_POINT ( 'NONE',  ( -0.6249999999999987788, -5.724202248755409173, 2.290000000000000036 ) ) ;
#904 = ORIENTED_EDGE ( 'NONE', *, *, #1530, .F. ) ;
#905 = VERTEX_POINT ( 'NONE', #618 ) ;
#906 = PLANE ( 'NONE',  #1564 ) ;
#907 = CARTESIAN_POINT ( 'NONE',  ( 0.000000000000000000, 4.570000000000000284, -0.01000000000000000021 ) ) ;
#908 = CARTESIAN_POINT ( 'NONE',  ( 4.825000000000000178, 3.169999999999998153, 0.000000000000000000 ) ) ;
#909 = CARTESIAN_POINT ( 'NONE',  ( -3.609999999999999876, -4.299923681770169814, -0.2938139482720377726 ) ) ;
#910 =( LENGTH_UNIT ( ) NAMED_UNIT ( * ) SI_UNIT ( .MILLI., .METRE. ) );
#911 = CARTESIAN_POINT ( 'NONE',  ( 1.850000000000000977, -4.181966621492558822, 2.290000000000000036 ) ) ;
#912 = VECTOR ( 'NONE', #733, 1000.000000000000000 ) ;
#913 = ORIENTED_EDGE ( 'NONE', *, *, #1193, .F. ) ;
#914 = VECTOR ( 'NONE', #1815, 1000.000000000000000 ) ;
#915 = FILL_AREA_STYLE ('',( #2095 ) ) ;
#916 =( GEOMETRIC_REPRESENTATION_CONTEXT ( 3 ) GLOBAL_UNCERTAINTY_ASSIGNED_CONTEXT ( ( #1119 ) ) GLOBAL_UNIT_ASSIGNED_CONTEXT ( ( #930, #128, #1993 ) ) REPRESENTATION_CONTEXT ( 'NONE', 'WORKASPACE' ) );
#917 = SURFACE_SIDE_STYLE ('',( #283 ) ) ;
#918 = FACE_OUTER_BOUND ( 'NONE', #2063, .T. ) ;
#919 = VECTOR ( 'NONE', #1319, 1000.000000000000000 ) ;
#920 = VERTEX_POINT ( 'NONE', #947 ) ;
#921 = LINE ( 'NONE', #2086, #57 ) ;
#922 = DIRECTION ( 'NONE',  ( 0.000000000000000000, 0.06817107807959993382, -0.9976736460954879204 ) ) ;
#923 = ADVANCED_FACE ( 'NONE', ( #2066 ), #439, .F. ) ;
#924 = VERTEX_POINT ( 'NONE', #1419 ) ;
#925 =( NAMED_UNIT ( * ) SI_UNIT ( $, .STERADIAN. ) SOLID_ANGLE_UNIT ( ) );
#926 = FILL_AREA_STYLE_COLOUR ( '', #2075 ) ;
#927 = UNCERTAINTY_MEASURE_WITH_UNIT (LENGTH_MEASURE( 1.000000000000000082E-05 ), #1644, 'distance_accuracy_value', 'NONE');
#928 = CARTESIAN_POINT ( 'NONE',  ( -4.825000000000000178, 3.169999999999998597, 0.000000000000000000 ) ) ;
#929 =( NAMED_UNIT ( * ) SI_UNIT ( $, .STERADIAN. ) SOLID_ANGLE_UNIT ( ) );
#930 =( LENGTH_UNIT ( ) NAMED_UNIT ( * ) SI_UNIT ( .MILLI., .METRE. ) );
#931 = FILL_AREA_STYLE_COLOUR ( '', #1357 ) ;
#932 = FACE_OUTER_BOUND ( 'NONE', #1624, .T. ) ;
#933 = ORIENTED_EDGE ( 'NONE', *, *, #1830, .F. ) ;
#934 =( NAMED_UNIT ( * ) SI_UNIT ( $, .STERADIAN. ) SOLID_ANGLE_UNIT ( ) );
#935 = VECTOR ( 'NONE', #1941, 1000.000000000000000 ) ;
#936 = VERTEX_POINT ( 'NONE', #1408 ) ;
#937 = DIRECTION ( 'NONE',  ( -1.000000000000000000, -0.000000000000000000, -0.000000000000000000 ) ) ;
#938 = DIRECTION ( 'NONE',  ( 0.000000000000000000, -1.000000000000000000, 0.000000000000000000 ) ) ;
#939 = CARTESIAN_POINT ( 'NONE',  ( -4.825000000000000178, 4.570000000000000284, 0.000000000000000000 ) ) ;
#940 = EDGE_CURVE ( 'NONE', #1314, #936, #1832, .T. ) ;
#941 = AXIS2_PLACEMENT_3D ( 'NONE', #1220, #78, #1401 ) ;
#942 = AXIS2_PLACEMENT_3D ( 'NONE', #1708, #391, #1502 ) ;
#943 = PLANE ( 'NONE',  #1526 ) ;
#944 = VECTOR ( 'NONE', #257, 1000.000000000000000 ) ;
#945 = EDGE_CURVE ( 'NONE', #1853, #597, #607, .T. ) ;
#946 = PRESENTATION_LAYER_ASSIGNMENT (  '', '', ( #1081 ) ) ;
#947 = CARTESIAN_POINT ( 'NONE',  ( -0.6249999999999992228, -4.476475786860007133, 2.290000000000000036 ) ) ;
#948 = CARTESIAN_POINT ( 'NONE',  ( 4.014999999999998792, -3.840000000000000746, 0.000000000000000000 ) ) ;
#949 = STYLED_ITEM ( 'NONE', ( #445 ), #725 ) ;
#950 = FILL_AREA_STYLE ('',( #1269 ) ) ;
#951 = VERTEX_POINT ( 'NONE', #1889 ) ;
#952 = CARTESIAN_POINT ( 'NONE',  ( -4.014999999999999680, -4.967842194041997731E-16, -0.000000000000000000 ) ) ;
#953 = EDGE_LOOP ( 'NONE', ( #570, #2040, #1550, #239, #1235 ) ) ;
#954 = EDGE_CURVE ( 'NONE', #351, #18, #1114, .T. ) ;
#955 = SURFACE_SIDE_STYLE ('',( #1440 ) ) ;
#956 = ORIENTED_EDGE ( 'NONE', *, *, #1206, .T. ) ;
#957 = SURFACE_STYLE_USAGE ( .BOTH. , #1784 ) ;
#958 = FACE_OUTER_BOUND ( 'NONE', #77, .T. ) ;
#959 = DIRECTION ( 'NONE',  ( -1.000000000000000000, 1.070816960479511733E-15, 0.000000000000000000 ) ) ;
#960 = FACE_OUTER_BOUND ( 'NONE', #1960, .T. ) ;
#961 = SURFACE_STYLE_USAGE ( .BOTH. , #917 ) ;
#962 = ORIENTED_EDGE ( 'NONE', *, *, #1861, .F. ) ;
#963 = PLANE ( 'NONE',  #1166 ) ;
#964 =( GEOMETRIC_REPRESENTATION_CONTEXT ( 3 ) GLOBAL_UNCERTAINTY_ASSIGNED_CONTEXT ( ( #61 ) ) GLOBAL_UNIT_ASSIGNED_CONTEXT ( ( #1285, #773, #934 ) ) REPRESENTATION_CONTEXT ( 'NONE', 'WORKASPACE' ) );
#965 = DIRECTION ( 'NONE',  ( -1.000000000000000000, -1.233792771998757259E-16, -0.000000000000000000 ) ) ;
#966 = DIRECTION ( 'NONE',  ( -1.000000000000000000, -0.000000000000000000, -0.000000000000000000 ) ) ;
#967 = ORIENTED_EDGE ( 'NONE', *, *, #761, .F. ) ;
#968 = CIRCLE ( 'NONE', #1280, 0.5000000000000004441 ) ;
#969 = DIRECTION ( 'NONE',  ( -1.000000000000000000, -0.000000000000000000, -0.000000000000000000 ) ) ;
#970 = ADVANCED_FACE ( 'NONE', ( #1103 ), #1442, .F. ) ;
#971 =( LENGTH_UNIT ( ) NAMED_UNIT ( * ) SI_UNIT ( .MILLI., .METRE. ) );
#972 = MECHANICAL_DESIGN_GEOMETRIC_PRESENTATION_REPRESENTATION (  '', ( #1010 ), #1493 ) ;
#973 = FACE_OUTER_BOUND ( 'NONE', #1641, .T. ) ;
#974 = DIRECTION ( 'NONE',  ( -8.673617379884040402E-17, 1.000000000000000000, -0.000000000000000000 ) ) ;
#975 = STYLED_ITEM ( 'NONE', ( #1126 ), #788 ) ;
#976 = VERTEX_POINT ( 'NONE', #981 ) ;
#977 = LINE ( 'NONE', #1024, #878 ) ;
#978 = SURFACE_STYLE_FILL_AREA ( #1320 ) ;
#979 = DIRECTION ( 'NONE',  ( -0.9961946980917455452, -1.874396613338407105E-16, 0.08715574274765836016 ) ) ;
#980 = ORIENTED_EDGE ( 'NONE', *, *, #1486, .F. ) ;
#981 = CARTESIAN_POINT ( 'NONE',  ( -4.825000000000000178, 3.169999999999998597, -0.01000000000000000021 ) ) ;
#982 = ORIENTED_EDGE ( 'NONE', *, *, #603, .F. ) ;
#983 = SURFACE_STYLE_FILL_AREA ( #483 ) ;
#984 = SURFACE_STYLE_USAGE ( .BOTH. , #1817 ) ;
#985 = CARTESIAN_POINT ( 'NONE',  ( 3.609999999999999432, -4.609809677220592761, 1.139999999999999902 ) ) ;
#986 = ORIENTED_EDGE ( 'NONE', *, *, #870, .T. ) ;
#987 =( NAMED_UNIT ( * ) SI_UNIT ( $, .STERADIAN. ) SOLID_ANGLE_UNIT ( ) );
#988 = LINE ( 'NONE', #527, #497 ) ;
#989 = ADVANCED_FACE ( 'NONE', ( #1302 ), #23, .F. ) ;
#990 = UNCERTAINTY_MEASURE_WITH_UNIT (LENGTH_MEASURE( 1.000000000000000082E-05 ), #1158, 'distance_accuracy_value', 'NONE');
#991 = ORIENTED_EDGE ( 'NONE', *, *, #8, .F. ) ;
#992 = LINE ( 'NONE', #1606, #1415 ) ;
#993 = ORIENTED_EDGE ( 'NONE', *, *, #1044, .T. ) ;
#994 = PLANE ( 'NONE',  #1912 ) ;
#995 = SURFACE_STYLE_FILL_AREA ( #4 ) ;
#996 = STYLED_ITEM ( 'NONE', ( #400 ), #2056 ) ;
#997 = LINE ( 'NONE', #228, #328 ) ;
#998 = ORIENTED_EDGE ( 'NONE', *, *, #205, .T. ) ;
#999 = EDGE_CURVE ( 'NONE', #83, #2065, #1970, .T. ) ;
#1000 = ORIENTED_EDGE ( 'NONE', *, *, #1706, .F. ) ;
#1001 =( GEOMETRIC_REPRESENTATION_CONTEXT ( 3 ) GLOBAL_UNCERTAINTY_ASSIGNED_CONTEXT ( ( #2001 ) ) GLOBAL_UNIT_ASSIGNED_CONTEXT ( ( #731, #698, #1161 ) ) REPRESENTATION_CONTEXT ( 'NONE', 'WORKASPACE' ) );
#1002 = CARTESIAN_POINT ( 'NONE',  ( -1.874999999999998668, -4.299923681770169814, -0.2938139482720377726 ) ) ;
#1003 = COLOUR_RGB ( '',0.6470588235294117974, 0.6196078431372549211, 0.5882352941176470784 ) ;
#1004 = ORIENTED_EDGE ( 'NONE', *, *, #49, .F. ) ;
#1005 = VECTOR ( 'NONE', #1059, 1000.000000000000000 ) ;
#1006 = DIRECTION ( 'NONE',  ( 0.000000000000000000, 0.000000000000000000, 1.000000000000000000 ) ) ;
#1007 = VECTOR ( 'NONE', #1680, 1000.000000000000000 ) ;
#1008 = LINE ( 'NONE', #2041, #1619 ) ;
#1009 = SURFACE_SIDE_STYLE ('',( #1516 ) ) ;
#1010 = STYLED_ITEM ( 'NONE', ( #1332 ), #342 ) ;
#1011 = EDGE_LOOP ( 'NONE', ( #1910, #1146, #1309, #899 ) ) ;
#1012 = VERTEX_POINT ( 'NONE', #496 ) ;
#1013 = ORIENTED_EDGE ( 'NONE', *, *, #857, .T. ) ;
#1014 = EDGE_CURVE ( 'NONE', #468, #1961, #1658, .T. ) ;
#1015 = EDGE_LOOP ( 'NONE', ( #362, #1287, #254, #1987, #1355 ) ) ;
#1016 = CARTESIAN_POINT ( 'NONE',  ( -1.874999999999999334, -5.724202248755410949, -0.01000000000000002623 ) ) ;
#1017 = DIRECTION ( 'NONE',  ( 0.000000000000000000, 0.06817107807959993382, -0.9976736460954879204 ) ) ;
#1018 = UNCERTAINTY_MEASURE_WITH_UNIT (LENGTH_MEASURE( 1.000000000000000082E-05 ), #593, 'distance_accuracy_value', 'NONE');
#1019 = ORIENTED_EDGE ( 'NONE', *, *, #1757, .T. ) ;
#1020 = DIRECTION ( 'NONE',  ( -1.000000000000000000, -1.070816960479509564E-15, 0.000000000000000000 ) ) ;
#1021 = SURFACE_STYLE_FILL_AREA ( #376 ) ;
#1022 = LINE ( 'NONE', #664, #1272 ) ;
#1023 = LINE ( 'NONE', #1675, #394 ) ;
#1024 = CARTESIAN_POINT ( 'NONE',  ( -0.6249999999999993339, -5.724202248755409173, -0.01000000000000002623 ) ) ;
#1025 = ORIENTED_EDGE ( 'NONE', *, *, #258, .F. ) ;
#1026 = SURFACE_STYLE_FILL_AREA ( #580 ) ;
#1027 =( LENGTH_UNIT ( ) NAMED_UNIT ( * ) SI_UNIT ( .MILLI., .METRE. ) );
#1028 = ADVANCED_FACE ( 'NONE', ( #669 ), #963, .T. ) ;
#1029 = EDGE_LOOP ( 'NONE', ( #885, #1816, #1426, #1303 ) ) ;
#1030 = ADVANCED_FACE ( 'NONE', ( #1533 ), #704, .F. ) ;
#1031 = PRESENTATION_STYLE_ASSIGNMENT (( #1184 ) ) ;
#1032 = DIRECTION ( 'NONE',  ( 0.000000000000000000, -0.08715574274765836016, -0.9961946980917455452 ) ) ;
#1033 = CARTESIAN_POINT ( 'NONE',  ( 3.609999999999999876, -8.197896243240350600, 0.4000000000000000222 ) ) ;
#1034 = PRESENTATION_STYLE_ASSIGNMENT (( #2057 ) ) ;
#1035 = CARTESIAN_POINT ( 'NONE',  ( -4.864809677220592654, 4.609809677220592761, 1.139999999999999902 ) ) ;
#1036 = UNCERTAINTY_MEASURE_WITH_UNIT (LENGTH_MEASURE( 1.000000000000000082E-05 ), #1570, 'distance_accuracy_value', 'NONE');
#1037 = FACE_OUTER_BOUND ( 'NONE', #1655, .T. ) ;
#1038 = DIRECTION ( 'NONE',  ( 1.233792771998757259E-16, -1.000000000000000000, 0.000000000000000000 ) ) ;
#1039 = EDGE_LOOP ( 'NONE', ( #325, #1460, #2034, #1170 ) ) ;
#1040 = VERTEX_POINT ( 'NONE', #2037 ) ;
#1041 = FILL_AREA_STYLE_COLOUR ( '', #673 ) ;
#1042 = EDGE_CURVE ( 'NONE', #1300, #530, #221, .T. ) ;
#1043 =( GEOMETRIC_REPRESENTATION_CONTEXT ( 3 ) GLOBAL_UNCERTAINTY_ASSIGNED_CONTEXT ( ( #774 ) ) GLOBAL_UNIT_ASSIGNED_CONTEXT ( ( #1677, #1362, #1988 ) ) REPRESENTATION_CONTEXT ( 'NONE', 'WORKASPACE' ) );
#1044 = EDGE_CURVE ( 'NONE', #1012, #408, #371, .T. ) ;
#1045 = EDGE_LOOP ( 'NONE', ( #2026, #1225, #2081, #1820 ) ) ;
#1046 = LINE ( 'NONE', #1360, #277 ) ;
#1047 = DIRECTION ( 'NONE',  ( 0.000000000000000000, 0.000000000000000000, -1.000000000000000000 ) ) ;
#1048 = DIRECTION ( 'NONE',  ( 0.000000000000000000, -0.000000000000000000, 1.000000000000000000 ) ) ;
#1049 = AXIS2_PLACEMENT_3D ( 'NONE', #537, #1834, #1967 ) ;
#1050 =( GEOMETRIC_REPRESENTATION_CONTEXT ( 3 ) GLOBAL_UNCERTAINTY_ASSIGNED_CONTEXT ( ( #2118 ) ) GLOBAL_UNIT_ASSIGNED_CONTEXT ( ( #133, #118, #1258 ) ) REPRESENTATION_CONTEXT ( 'NONE', 'WORKASPACE' ) );
#1051 = ORIENTED_EDGE ( 'NONE', *, *, #888, .F. ) ;
#1052 = STYLED_ITEM ( 'NONE', ( #1964 ), #163 ) ;
#1053 = PRESENTATION_LAYER_ASSIGNMENT (  '', '', ( #1980 ) ) ;
#1054 = CARTESIAN_POINT ( 'NONE',  ( 0.6500000000000003553, -4.181966621492559710, 2.290000000000000036 ) ) ;
#1055 = ORIENTED_EDGE ( 'NONE', *, *, #1590, .T. ) ;
#1056 = CARTESIAN_POINT ( 'NONE',  ( 4.813260840504910654, 4.558260840504912537, -0.3361655446298567607 ) ) ;
#1057 = SURFACE_SIDE_STYLE ('',( #1926 ) ) ;
#1058 = CARTESIAN_POINT ( 'NONE',  ( -1.875000000000000000, -5.724202248755410949, 2.689999999999999503 ) ) ;
#1059 = DIRECTION ( 'NONE',  ( -1.000000000000000000, -0.000000000000000000, -0.000000000000000000 ) ) ;
#1060 = ORIENTED_EDGE ( 'NONE', *, *, #2039, .F. ) ;
#1061 = EDGE_CURVE ( 'NONE', #1397, #1099, #854, .T. ) ;
#1062 = PRESENTATION_STYLE_ASSIGNMENT (( #414 ) ) ;
#1063 = EDGE_LOOP ( 'NONE', ( #267, #679, #1455, #1082, #1536, #449, #890, #326 ) ) ;
#1064 = DIRECTION ( 'NONE',  ( 0.000000000000000000, 1.000000000000000000, 0.000000000000000000 ) ) ;
#1065 = DIRECTION ( 'NONE',  ( 0.000000000000000000, -1.000000000000000000, -2.159803133230494506E-16 ) ) ;
#1066 = PRESENTATION_STYLE_ASSIGNMENT (( #1559 ) ) ;
#1067 = ORIENTED_EDGE ( 'NONE', *, *, #1432, .F. ) ;
#1068 = CARTESIAN_POINT ( 'NONE',  ( -4.864809677220592654, -4.476475786860007133, 2.290000000000000036 ) ) ;
#1069 = CARTESIAN_POINT ( 'NONE',  ( -1.249999999999998890, -8.297896243240350245, 2.189999999999999503 ) ) ;
#1070 = FACE_OUTER_BOUND ( 'NONE', #1917, .T. ) ;
#1071 = ORIENTED_EDGE ( 'NONE', *, *, #1577, .F. ) ;
#1072 = ORIENTED_EDGE ( 'NONE', *, *, #1297, .T. ) ;
#1073 = EDGE_CURVE ( 'NONE', #351, #1846, #1509, .T. ) ;
#1074 = SURFACE_SIDE_STYLE ('',( #262 ) ) ;
#1075 = AXIS2_PLACEMENT_3D ( 'NONE', #907, #1685, #386 ) ;
#1076 = CARTESIAN_POINT ( 'NONE',  ( 3.609999999999999876, -8.197896243240350600, 0.5000000000000000000 ) ) ;
#1077 = LINE ( 'NONE', #473, #1983 ) ;
#1078 = PLANE ( 'NONE',  #616 ) ;
#1079 = PRESENTATION_LAYER_ASSIGNMENT (  '', '', ( #2013 ) ) ;
#1080 = VECTOR ( 'NONE', #1895, 1000.000000000000000 ) ;
#1081 = STYLED_ITEM ( 'NONE', ( #427 ), #923 ) ;
#1082 = ORIENTED_EDGE ( 'NONE', *, *, #724, .F. ) ;
#1083 = PLANE ( 'NONE',  #665 ) ;
#1084 = AXIS2_PLACEMENT_3D ( 'NONE', #1915, #460, #2073 ) ;
#1085 = ADVANCED_FACE ( 'NONE', ( #60 ), #726, .F. ) ;
#1086 = EDGE_CURVE ( 'NONE', #412, #127, #402, .T. ) ;
#1087 = VECTOR ( 'NONE', #688, 1000.000000000000114 ) ;
#1088 = ORIENTED_EDGE ( 'NONE', *, *, #1897, .F. ) ;
#1089 = CARTESIAN_POINT ( 'NONE',  ( 3.609999999999999876, -4.181966621492559710, 2.290000000000000036 ) ) ;
#1090 = MECHANICAL_DESIGN_GEOMETRIC_PRESENTATION_REPRESENTATION (  '', ( #1703 ), #1216 ) ;
#1091 = FILL_AREA_STYLE ('',( #1903 ) ) ;
#1092 = LINE ( 'NONE', #1905, #2106 ) ;
#1093 = LINE ( 'NONE', #638, #1141 ) ;
#1094 = UNCERTAINTY_MEASURE_WITH_UNIT (LENGTH_MEASURE( 1.000000000000000082E-05 ), #1650, 'distance_accuracy_value', 'NONE');
#1095 = ORIENTED_EDGE ( 'NONE', *, *, #1591, .T. ) ;
#1096 = CARTESIAN_POINT ( 'NONE',  ( 3.609999999999999876, -6.947896243240351488, 0.000000000000000000 ) ) ;
#1097 = PLANE ( 'NONE',  #33 ) ;
#1098 = CARTESIAN_POINT ( 'NONE',  ( -4.014999999999998792, -3.840000000000000746, 0.000000000000000000 ) ) ;
#1099 = VERTEX_POINT ( 'NONE', #1552 ) ;
#1100 = DIRECTION ( 'NONE',  ( 1.897946910259088910E-16, -1.000000000000000000, -0.000000000000000000 ) ) ;
#1101 = SURFACE_STYLE_FILL_AREA ( #426 ) ;
#1102 =( GEOMETRIC_REPRESENTATION_CONTEXT ( 3 ) GLOBAL_UNCERTAINTY_ASSIGNED_CONTEXT ( ( #546 ) ) GLOBAL_UNIT_ASSIGNED_CONTEXT ( ( #98, #1727, #1668 ) ) REPRESENTATION_CONTEXT ( 'NONE', 'WORKASPACE' ) );
#1103 = FACE_OUTER_BOUND ( 'NONE', #1749, .T. ) ;
#1104 = SURFACE_STYLE_FILL_AREA ( #1275 ) ;
#1105 =( LENGTH_UNIT ( ) NAMED_UNIT ( * ) SI_UNIT ( .MILLI., .METRE. ) );
#1106 = CYLINDRICAL_SURFACE ( 'NONE', #1431, 0.5000000000000002220 ) ;
#1107 = EDGE_CURVE ( 'NONE', #662, #540, #812, .T. ) ;
#1108 = EDGE_LOOP ( 'NONE', ( #367, #1586, #1793, #1488 ) ) ;
#1109 = DIRECTION ( 'NONE',  ( -1.000000000000000000, -0.000000000000000000, -0.000000000000000000 ) ) ;
#1110 = PLANE ( 'NONE',  #1251 ) ;
#1111 = STYLED_ITEM ( 'NONE', ( #1192 ), #1085 ) ;
#1112 = VERTEX_POINT ( 'NONE', #659 ) ;
#1113 = PRESENTATION_LAYER_ASSIGNMENT (  '', '', ( #307 ) ) ;
#1114 = LINE ( 'NONE', #1096, #1623 ) ;
#1115 = DIRECTION ( 'NONE',  ( -1.000000000000000000, -0.000000000000000000, -0.000000000000000000 ) ) ;
#1116 = MECHANICAL_DESIGN_GEOMETRIC_PRESENTATION_REPRESENTATION (  '', ( #335 ), #678 ) ;
#1117 = CARTESIAN_POINT ( 'NONE',  ( 4.864809677220592654, 4.609809677220592761, 1.139999999999999902 ) ) ;
#1118 = LINE ( 'NONE', #465, #1738 ) ;
#1119 = UNCERTAINTY_MEASURE_WITH_UNIT (LENGTH_MEASURE( 1.000000000000000082E-05 ), #930, 'distance_accuracy_value', 'NONE');
#1120 =( NAMED_UNIT ( * ) SI_UNIT ( $, .STERADIAN. ) SOLID_ANGLE_UNIT ( ) );
#1121 = EDGE_LOOP ( 'NONE', ( #1197, #332, #1935, #1705, #1060, #424, #1051, #701, #1322, #1963, #680, #993, #1635, #511, #291, #677, #92, #898 ) ) ;
#1122 = DIRECTION ( 'NONE',  ( -8.673617379884036705E-17, -1.000000000000000000, -1.079901566615247376E-16 ) ) ;
#1123 = EDGE_CURVE ( 'NONE', #2020, #633, #1230, .T. ) ;
#1124 = ORIENTED_EDGE ( 'NONE', *, *, #1456, .T. ) ;
#1125 =( NAMED_UNIT ( * ) PLANE_ANGLE_UNIT ( ) SI_UNIT ( $, .RADIAN. ) );
#1126 = PRESENTATION_STYLE_ASSIGNMENT (( #13 ) ) ;
#1127 =( NAMED_UNIT ( * ) PLANE_ANGLE_UNIT ( ) SI_UNIT ( $, .RADIAN. ) );
#1128 = DIRECTION ( 'NONE',  ( -0.000000000000000000, -0.000000000000000000, 1.000000000000000000 ) ) ;
#1129 = FACE_OUTER_BOUND ( 'NONE', #1011, .T. ) ;
#1130 = VECTOR ( 'NONE', #52, 1000.000000000000114 ) ;
#1131 = FILL_AREA_STYLE ('',( #1308 ) ) ;
#1132 = VECTOR ( 'NONE', #1593, 1000.000000000000000 ) ;
#1133 = UNCERTAINTY_MEASURE_WITH_UNIT (LENGTH_MEASURE( 1.000000000000000082E-05 ), #971, 'distance_accuracy_value', 'NONE');
#1134 = DIRECTION ( 'NONE',  ( -0.000000000000000000, -0.000000000000000000, 1.000000000000000000 ) ) ;
#1135 = VECTOR ( 'NONE', #330, 1000.000000000000000 ) ;
#1136 = EDGE_CURVE ( 'NONE', #613, #1911, #1888, .T. ) ;
#1137 = VECTOR ( 'NONE', #1901, 1000.000000000000114 ) ;
#1138 = VERTEX_POINT ( 'NONE', #106 ) ;
#1139 = COLOUR_RGB ( '',0.6470588235294117974, 0.6196078431372549211, 0.5882352941176470784 ) ;
#1140 = COLOUR_RGB ( '',0.2980392156862745057, 0.2980392156862745057, 0.2980392156862745057 ) ;
#1141 = VECTOR ( 'NONE', #959, 1000.000000000000000 ) ;
#1142 = LINE ( 'NONE', #42, #810 ) ;
#1143 = FILL_AREA_STYLE ('',( #1632 ) ) ;
#1144 = VECTOR ( 'NONE', #358, 1000.000000000000000 ) ;
#1145 = CARTESIAN_POINT ( 'NONE',  ( -4.864809677220592654, 4.609809677220592761, 1.139999999999999902 ) ) ;
#1146 = ORIENTED_EDGE ( 'NONE', *, *, #558, .T. ) ;
#1147 = FACE_OUTER_BOUND ( 'NONE', #1339, .T. ) ;
#1148 = PRESENTATION_STYLE_ASSIGNMENT (( #481 ) ) ;
#1149 = LINE ( 'NONE', #3, #1465 ) ;
#1150 = DIRECTION ( 'NONE',  ( 1.000000000000000000, -0.000000000000000000, -0.000000000000000000 ) ) ;
#1151 = SURFACE_STYLE_FILL_AREA ( #1318 ) ;
#1152 = CARTESIAN_POINT ( 'NONE',  ( -4.014999999999999680, -4.967842194041997731E-16, -0.01000000000000000021 ) ) ;
#1153 = EDGE_CURVE ( 'NONE', #1112, #30, #1940, .T. ) ;
#1154 = ORIENTED_EDGE ( 'NONE', *, *, #1153, .F. ) ;
#1155 = DIRECTION ( 'NONE',  ( 2.467585543997514519E-16, -1.000000000000000000, 0.000000000000000000 ) ) ;
#1156 =( NAMED_UNIT ( * ) PLANE_ANGLE_UNIT ( ) SI_UNIT ( $, .RADIAN. ) );
#1157 = ORIENTED_EDGE ( 'NONE', *, *, #1982, .T. ) ;
#1158 =( LENGTH_UNIT ( ) NAMED_UNIT ( * ) SI_UNIT ( .MILLI., .METRE. ) );
#1159 = SURFACE_STYLE_USAGE ( .BOTH. , #360 ) ;
#1160 = MECHANICAL_DESIGN_GEOMETRIC_PRESENTATION_REPRESENTATION (  '', ( #1380 ), #1242 ) ;
#1161 =( NAMED_UNIT ( * ) SI_UNIT ( $, .STERADIAN. ) SOLID_ANGLE_UNIT ( ) );
#1162 = ADVANCED_FACE ( 'NONE', ( #1601 ), #143, .F. ) ;
#1163 = VECTOR ( 'NONE', #1336, 1000.000000000000000 ) ;
#1164 = LINE ( 'NONE', #533, #1892 ) ;
#1165 =( NAMED_UNIT ( * ) SI_UNIT ( $, .STERADIAN. ) SOLID_ANGLE_UNIT ( ) );
#1166 = AXIS2_PLACEMENT_3D ( 'NONE', #866, #1374, #1181 ) ;
#1167 = AXIS2_PLACEMENT_3D ( 'NONE', #1117, #2114, #1792 ) ;
#1168 =( NAMED_UNIT ( * ) PLANE_ANGLE_UNIT ( ) SI_UNIT ( $, .RADIAN. ) );
#1169 = DIRECTION ( 'NONE',  ( 0.000000000000000000, -0.000000000000000000, 1.000000000000000000 ) ) ;
#1170 = ORIENTED_EDGE ( 'NONE', *, *, #1897, .T. ) ;
#1171 = DIRECTION ( 'NONE',  ( -1.000000000000000000, -0.000000000000000000, -0.000000000000000000 ) ) ;
#1172 = PRESENTATION_LAYER_ASSIGNMENT (  '', '', ( #1949 ) ) ;
#1173 = DIRECTION ( 'NONE',  ( 0.000000000000000000, 1.000000000000000000, 0.000000000000000000 ) ) ;
#1174 = CARTESIAN_POINT ( 'NONE',  ( 1.850000000000001421, -4.474202248755408284, 2.256727106065367749 ) ) ;
#1175 = AXIS2_PLACEMENT_3D ( 'NONE', #741, #1405, #1393 ) ;
#1176 = STYLED_ITEM ( 'NONE', ( #1919 ), #319 ) ;
#1177 = ORIENTED_EDGE ( 'NONE', *, *, #651, .T. ) ;
#1178 = VECTOR ( 'NONE', #1860, 1000.000000000000000 ) ;
#1179 = EDGE_CURVE ( 'NONE', #597, #613, #151, .T. ) ;
#1180 = LINE ( 'NONE', #1229, #528 ) ;
#1181 = DIRECTION ( 'NONE',  ( -0.03489949670250104552, 0.000000000000000000, 0.9993908270190956511 ) ) ;
#1182 = ORIENTED_EDGE ( 'NONE', *, *, #685, .T. ) ;
#1183 = CARTESIAN_POINT ( 'NONE',  ( 3.609999999999999876, -8.197896243240350600, 0.000000000000000000 ) ) ;
#1184 = SURFACE_STYLE_USAGE ( .BOTH. , #2054 ) ;
#1185 = DIRECTION ( 'NONE',  ( -1.000000000000000000, 0.000000000000000000, 0.000000000000000000 ) ) ;
#1186 = ORIENTED_EDGE ( 'NONE', *, *, #558, .F. ) ;
#1187 = PRESENTATION_STYLE_ASSIGNMENT (( #961 ) ) ;
#1188 = CARTESIAN_POINT ( 'NONE',  ( 4.014999999999999680, 3.169999999999998153, -0.01000000000000000021 ) ) ;
#1189 =( NAMED_UNIT ( * ) SI_UNIT ( $, .STERADIAN. ) SOLID_ANGLE_UNIT ( ) );
#1190 = FILL_AREA_STYLE_COLOUR ( '', #1700 ) ;
#1191 = CARTESIAN_POINT ( 'NONE',  ( 4.825000000000000178, -4.320000000000000284, 0.000000000000000000 ) ) ;
#1192 = PRESENTATION_STYLE_ASSIGNMENT (( #715 ) ) ;
#1193 = EDGE_CURVE ( 'NONE', #596, #1814, #313, .T. ) ;
#1194 = EDGE_CURVE ( 'NONE', #796, #800, #477, .T. ) ;
#1195 =( NAMED_UNIT ( * ) SI_UNIT ( $, .STERADIAN. ) SOLID_ANGLE_UNIT ( ) );
#1196 = FILL_AREA_STYLE ('',( #406 ) ) ;
#1197 = ORIENTED_EDGE ( 'NONE', *, *, #9, .T. ) ;
#1198 = LINE ( 'NONE', #66, #104 ) ;
#1199 = LINE ( 'NONE', #589, #1531 ) ;
#1200 = LINE ( 'NONE', #1394, #871 ) ;
#1201 = VECTOR ( 'NONE', #1115, 1000.000000000000000 ) ;
#1202 = ORIENTED_EDGE ( 'NONE', *, *, #737, .F. ) ;
#1203 = UNCERTAINTY_MEASURE_WITH_UNIT (LENGTH_MEASURE( 1.000000000000000082E-05 ), #87, 'distance_accuracy_value', 'NONE');
#1204 =( LENGTH_UNIT ( ) NAMED_UNIT ( * ) SI_UNIT ( .MILLI., .METRE. ) );
#1205 = PRESENTATION_LAYER_ASSIGNMENT (  '', '', ( #1454 ) ) ;
#1206 = EDGE_CURVE ( 'NONE', #11, #203, #631, .T. ) ;
#1207 = CARTESIAN_POINT ( 'NONE',  ( -3.609999999999999876, -4.181966621492559710, 2.689999999999999947 ) ) ;
#1208 = MECHANICAL_DESIGN_GEOMETRIC_PRESENTATION_REPRESENTATION (  '', ( #875 ), #1777 ) ;
#1209 = DIRECTION ( 'NONE',  ( 0.000000000000000000, 1.000000000000000000, 0.000000000000000000 ) ) ;
#1210 = EDGE_CURVE ( 'NONE', #1414, #530, #1609, .T. ) ;
#1211 = CARTESIAN_POINT ( 'NONE',  ( 1.250000000000001110, -6.947896243240351488, 2.690000000000000835 ) ) ;
#1212 = CARTESIAN_POINT ( 'NONE',  ( 3.609999999999999432, -4.474202248755409173, 2.689999999999999947 ) ) ;
#1213 = DIRECTION ( 'NONE',  ( -1.000000000000000000, 0.000000000000000000, 0.000000000000000000 ) ) ;
#1214 = ORIENTED_EDGE ( 'NONE', *, *, #1228, .T. ) ;
#1215 = ORIENTED_EDGE ( 'NONE', *, *, #110, .F. ) ;
#1216 =( GEOMETRIC_REPRESENTATION_CONTEXT ( 3 ) GLOBAL_UNCERTAINTY_ASSIGNED_CONTEXT ( ( #1611 ) ) GLOBAL_UNIT_ASSIGNED_CONTEXT ( ( #1756, #123, #456 ) ) REPRESENTATION_CONTEXT ( 'NONE', 'WORKASPACE' ) );
#1217 = LINE ( 'NONE', #1734, #567 ) ;
#1218 = ORIENTED_EDGE ( 'NONE', *, *, #293, .F. ) ;
#1219 = LINE ( 'NONE', #95, #1525 ) ;
#1220 = CARTESIAN_POINT ( 'NONE',  ( 0.000000000000000000, 0.000000000000000000, 4.519999999999999574 ) ) ;
#1221 =( LENGTH_UNIT ( ) NAMED_UNIT ( * ) SI_UNIT ( .MILLI., .METRE. ) );
#1222 =( LENGTH_UNIT ( ) NAMED_UNIT ( * ) SI_UNIT ( .MILLI., .METRE. ) );
#1223 = LINE ( 'NONE', #410, #1005 ) ;
#1224 = EDGE_CURVE ( 'NONE', #1540, #566, #1932, .T. ) ;
#1225 = ORIENTED_EDGE ( 'NONE', *, *, #176, .F. ) ;
#1226 = ORIENTED_EDGE ( 'NONE', *, *, #48, .T. ) ;
#1227 = ORIENTED_EDGE ( 'NONE', *, *, #523, .T. ) ;
#1228 = EDGE_CURVE ( 'NONE', #524, #1811, #1118, .T. ) ;
#1229 = CARTESIAN_POINT ( 'NONE',  ( -3.609999999999999876, -4.181966621492559710, 2.290000000000000036 ) ) ;
#1230 = LINE ( 'NONE', #1271, #238 ) ;
#1231 = VERTEX_POINT ( 'NONE', #903 ) ;
#1232 = ORIENTED_EDGE ( 'NONE', *, *, #670, .T. ) ;
#1233 = SURFACE_STYLE_FILL_AREA ( #915 ) ;
#1234 =( NAMED_UNIT ( * ) PLANE_ANGLE_UNIT ( ) SI_UNIT ( $, .RADIAN. ) );
#1235 = ORIENTED_EDGE ( 'NONE', *, *, #1829, .T. ) ;
#1236 = CARTESIAN_POINT ( 'NONE',  ( -0.6249999999999996669, -4.299923681770169814, -0.2938139482720377726 ) ) ;
#1237 = SURFACE_STYLE_FILL_AREA ( #429 ) ;
#1238 = CARTESIAN_POINT ( 'NONE',  ( 3.609999999999999876, -8.297896243240350245, 2.189999999999999503 ) ) ;
#1239 = LINE ( 'NONE', #411, #1527 ) ;
#1240 = ADVANCED_FACE ( 'NONE', ( #960 ), #1110, .F. ) ;
#1241 = CARTESIAN_POINT ( 'NONE',  ( -4.864809677220592654, -4.474202248755409173, 2.256727106065377519 ) ) ;
#1242 =( GEOMETRIC_REPRESENTATION_CONTEXT ( 3 ) GLOBAL_UNCERTAINTY_ASSIGNED_CONTEXT ( ( #1845 ) ) GLOBAL_UNIT_ASSIGNED_CONTEXT ( ( #1204, #243, #879 ) ) REPRESENTATION_CONTEXT ( 'NONE', 'WORKASPACE' ) );
#1243 = FILL_AREA_STYLE ('',( #926 ) ) ;
#1244 = FACE_OUTER_BOUND ( 'NONE', #2108, .T. ) ;
#1245 = VECTOR ( 'NONE', #255, 1000.000000000000000 ) ;
#1246 = ORIENTED_EDGE ( 'NONE', *, *, #667, .F. ) ;
#1247 = MECHANICAL_DESIGN_GEOMETRIC_PRESENTATION_REPRESENTATION (  '', ( #234 ), #1937 ) ;
#1248 = DIRECTION ( 'NONE',  ( -5.912898476366499485E-18, 0.06817107807959994770, -0.9976736460954879204 ) ) ;
#1249 = SURFACE_STYLE_USAGE ( .BOTH. , #1561 ) ;
#1250 = CARTESIAN_POINT ( 'NONE',  ( 3.609999999999999876, -4.181966621492559710, 2.689999999999999947 ) ) ;
#1251 = AXIS2_PLACEMENT_3D ( 'NONE', #1840, #1338, #1825 ) ;
#1252 = FILL_AREA_STYLE ('',( #611 ) ) ;
#1253 = ORIENTED_EDGE ( 'NONE', *, *, #1706, .T. ) ;
#1254 = VECTOR ( 'NONE', #1529, 1000.000000000000000 ) ;
#1255 = VECTOR ( 'NONE', #1545, 1000.000000000000000 ) ;
#1256 = ORIENTED_EDGE ( 'NONE', *, *, #457, .T. ) ;
#1257 = VECTOR ( 'NONE', #1992, 1000.000000000000000 ) ;
#1258 =( NAMED_UNIT ( * ) SI_UNIT ( $, .STERADIAN. ) SOLID_ANGLE_UNIT ( ) );
#1259 = STYLED_ITEM ( 'NONE', ( #183 ), #827 ) ;
#1260 =( LENGTH_UNIT ( ) NAMED_UNIT ( * ) SI_UNIT ( .MILLI., .METRE. ) );
#1261 = FILL_AREA_STYLE ('',( #69 ) ) ;
#1262 = DIRECTION ( 'NONE',  ( 0.000000000000000000, -0.000000000000000000, -1.000000000000000000 ) ) ;
#1263 = CARTESIAN_POINT ( 'NONE',  ( 0.000000000000000000, -3.840000000000000746, -0.01000000000000000021 ) ) ;
#1264 = LINE ( 'NONE', #433, #1331 ) ;
#1265 = CARTESIAN_POINT ( 'NONE',  ( -3.609999999999999876, -8.197896243240350600, 2.189999999999999503 ) ) ;
#1266 = EDGE_CURVE ( 'NONE', #434, #2044, #997, .T. ) ;
#1267 = SURFACE_SIDE_STYLE ('',( #1104 ) ) ;
#1268 = DIRECTION ( 'NONE',  ( -0.000000000000000000, -0.000000000000000000, 1.000000000000000000 ) ) ;
#1269 = FILL_AREA_STYLE_COLOUR ( '', #806 ) ;
#1270 = ORIENTED_EDGE ( 'NONE', *, *, #1193, .T. ) ;
#1271 = CARTESIAN_POINT ( 'NONE',  ( -5.124512844307104409, -6.947896243240351488, 2.690000000000000835 ) ) ;
#1272 = VECTOR ( 'NONE', #859, 1000.000000000000000 ) ;
#1273 = MECHANICAL_DESIGN_GEOMETRIC_PRESENTATION_REPRESENTATION (  '', ( #531 ), #1969 ) ;
#1274 = CARTESIAN_POINT ( 'NONE',  ( 3.609999999999999876, -8.197896243240350600, 2.289999999999999591 ) ) ;
#1275 = FILL_AREA_STYLE ('',( #285 ) ) ;
#1276 = CARTESIAN_POINT ( 'NONE',  ( 4.825000000000000178, 4.570000000000000284, -0.01000000000000000021 ) ) ;
#1277 = FILL_AREA_STYLE_COLOUR ( '', #1951 ) ;
#1278 = FACE_OUTER_BOUND ( 'NONE', #298, .T. ) ;
#1279 = SURFACE_STYLE_USAGE ( .BOTH. , #458 ) ;
#1280 = AXIS2_PLACEMENT_3D ( 'NONE', #1369, #88, #378 ) ;
#1281 = SURFACE_SIDE_STYLE ('',( #1101 ) ) ;
#1282 = MECHANICAL_DESIGN_GEOMETRIC_PRESENTATION_REPRESENTATION (  '', ( #105 ), #397 ) ;
#1283 = SURFACE_STYLE_FILL_AREA ( #1131 ) ;
#1284 = VECTOR ( 'NONE', #785, 1000.000000000000000 ) ;
#1285 =( LENGTH_UNIT ( ) NAMED_UNIT ( * ) SI_UNIT ( .MILLI., .METRE. ) );
#1286 = DIRECTION ( 'NONE',  ( 0.000000000000000000, -0.9961946980917455452, 0.08715574274765836016 ) ) ;
#1287 = ORIENTED_EDGE ( 'NONE', *, *, #1790, .T. ) ;
#1288 = COLOUR_RGB ( '',0.6470588235294117974, 0.6196078431372549211, 0.5882352941176470784 ) ;
#1289 = FILL_AREA_STYLE ('',( #1462 ) ) ;
#1290 =( GEOMETRIC_REPRESENTATION_CONTEXT ( 3 ) GLOBAL_UNCERTAINTY_ASSIGNED_CONTEXT ( ( #1831 ) ) GLOBAL_UNIT_ASSIGNED_CONTEXT ( ( #455, #1764, #783 ) ) REPRESENTATION_CONTEXT ( 'NONE', 'WORKASPACE' ) );
#1291 = CARTESIAN_POINT ( 'NONE',  ( -4.864809677220592654, -4.299923681770169814, -0.2938139482720377726 ) ) ;
#1292 = PRESENTATION_LAYER_ASSIGNMENT (  '', '', ( #335 ) ) ;
#1293 = SURFACE_STYLE_FILL_AREA ( #303 ) ;
#1294 = PLANE ( 'NONE',  #2051 ) ;
#1295 = EDGE_CURVE ( 'NONE', #432, #905, #1975, .T. ) ;
#1296 =( NAMED_UNIT ( * ) SI_UNIT ( $, .STERADIAN. ) SOLID_ANGLE_UNIT ( ) );
#1297 = EDGE_CURVE ( 'NONE', #1954, #976, #185, .T. ) ;
#1298 = EDGE_CURVE ( 'NONE', #1939, #45, #988, .T. ) ;
#1299 = ADVANCED_FACE ( 'NONE', ( #1484 ), #1350, .F. ) ;
#1300 = VERTEX_POINT ( 'NONE', #1174 ) ;
#1301 = VERTEX_POINT ( 'NONE', #1499 ) ;
#1302 = FACE_OUTER_BOUND ( 'NONE', #506, .T. ) ;
#1303 = ORIENTED_EDGE ( 'NONE', *, *, #1136, .F. ) ;
#1304 = FILL_AREA_STYLE_COLOUR ( '', #623 ) ;
#1305 = SURFACE_STYLE_USAGE ( .BOTH. , #1466 ) ;
#1306 = LINE ( 'NONE', #1330, #713 ) ;
#1307 = DIRECTION ( 'NONE',  ( -1.000000000000000000, -0.000000000000000000, 0.000000000000000000 ) ) ;
#1308 = FILL_AREA_STYLE_COLOUR ( '', #1140 ) ;
#1309 = ORIENTED_EDGE ( 'NONE', *, *, #523, .F. ) ;
#1310 = ORIENTED_EDGE ( 'NONE', *, *, #1716, .F. ) ;
#1311 = DIRECTION ( 'NONE',  ( 0.000000000000000000, -0.000000000000000000, 1.000000000000000000 ) ) ;
#1312 = VECTOR ( 'NONE', #309, 1000.000000000000000 ) ;
#1313 = COLOUR_RGB ( '',0.6470588235294117974, 0.6196078431372549211, 0.5882352941176470784 ) ;
#1314 = VERTEX_POINT ( 'NONE', #1819 ) ;
#1315 =( NAMED_UNIT ( * ) PLANE_ANGLE_UNIT ( ) SI_UNIT ( $, .RADIAN. ) );
#1316 =( LENGTH_UNIT ( ) NAMED_UNIT ( * ) SI_UNIT ( .MILLI., .METRE. ) );
#1317 = FILL_AREA_STYLE_COLOUR ( '', #1313 ) ;
#1318 = FILL_AREA_STYLE ('',( #1507 ) ) ;
#1319 = DIRECTION ( 'NONE',  ( -2.532886729084905370E-31, 1.026463595252548753E-15, 1.000000000000000000 ) ) ;
#1320 = FILL_AREA_STYLE ('',( #68 ) ) ;
#1321 = ADVANCED_FACE ( 'NONE', ( #1129 ), #380, .F. ) ;
#1322 = ORIENTED_EDGE ( 'NONE', *, *, #457, .F. ) ;
#1323 = DIRECTION ( 'NONE',  ( 1.387778780781446070E-15, -1.000000000000000000, 0.000000000000000000 ) ) ;
#1324 = STYLED_ITEM ( 'NONE', ( #818 ), #1595 ) ;
#1325 = AXIS2_PLACEMENT_3D ( 'NONE', #1523, #584, #1020 ) ;
#1326 = PRESENTATION_LAYER_ASSIGNMENT (  '', '', ( #1052 ) ) ;
#1327 = LINE ( 'NONE', #1966, #549 ) ;
#1328 = STYLED_ITEM ( 'NONE', ( #2090 ), #304 ) ;
#1329 =( LENGTH_UNIT ( ) NAMED_UNIT ( * ) SI_UNIT ( .MILLI., .METRE. ) );
#1330 = CARTESIAN_POINT ( 'NONE',  ( -4.014999999999999680, 3.169999999999998153, -0.01000000000000000021 ) ) ;
#1331 = VECTOR ( 'NONE', #1100, 1000.000000000000000 ) ;
#1332 = PRESENTATION_STYLE_ASSIGNMENT (( #1653 ) ) ;
#1333 = SURFACE_SIDE_STYLE ('',( #46 ) ) ;
#1334 = LINE ( 'NONE', #329, #1144 ) ;
#1335 = ORIENTED_EDGE ( 'NONE', *, *, #1541, .F. ) ;
#1336 = DIRECTION ( 'NONE',  ( 0.000000000000000000, 0.000000000000000000, 1.000000000000000000 ) ) ;
#1337 =( NAMED_UNIT ( * ) SI_UNIT ( $, .STERADIAN. ) SOLID_ANGLE_UNIT ( ) );
#1338 = DIRECTION ( 'NONE',  ( -1.000000000000000000, 0.000000000000000000, -0.000000000000000000 ) ) ;
#1339 = EDGE_LOOP ( 'NONE', ( #1270, #2080, #956, #1709, #967 ) ) ;
#1340 = CARTESIAN_POINT ( 'NONE',  ( 4.825000000000000178, 4.570000000000000284, 0.000000000000000000 ) ) ;
#1341 =( NAMED_UNIT ( * ) PLANE_ANGLE_UNIT ( ) SI_UNIT ( $, .RADIAN. ) );
#1342 = UNCERTAINTY_MEASURE_WITH_UNIT (LENGTH_MEASURE( 1.000000000000000082E-05 ), #1598, 'distance_accuracy_value', 'NONE');
#1343 = VERTEX_POINT ( 'NONE', #1035 ) ;
#1344 = CARTESIAN_POINT ( 'NONE',  ( 3.609999999999999876, -6.947896243240351488, 2.189999999999999503 ) ) ;
#1345 = VECTOR ( 'NONE', #1923, 1000.000000000000114 ) ;
#1346 = FACE_OUTER_BOUND ( 'NONE', #1468, .T. ) ;
#1347 = LINE ( 'NONE', #1504, #242 ) ;
#1348 = EDGE_CURVE ( 'NONE', #1990, #662, #82, .T. ) ;
#1349 = DIRECTION ( 'NONE',  ( -0.000000000000000000, -0.000000000000000000, 1.000000000000000000 ) ) ;
#1350 = PLANE ( 'NONE',  #168 ) ;
#1351 = CARTESIAN_POINT ( 'NONE',  ( -4.864809677220592654, -4.476475786860007133, 2.290000000000000036 ) ) ;
#1352 = CARTESIAN_POINT ( 'NONE',  ( 1.250000000000001110, -8.197896243240350600, 0.000000000000000000 ) ) ;
#1353 = UNCERTAINTY_MEASURE_WITH_UNIT (LENGTH_MEASURE( 1.000000000000000082E-05 ), #1105, 'distance_accuracy_value', 'NONE');
#1354 = VECTOR ( 'NONE', #556, 1000.000000000000000 ) ;
#1355 = ORIENTED_EDGE ( 'NONE', *, *, #657, .T. ) ;
#1356 = EDGE_LOOP ( 'NONE', ( #507, #1656, #1253, #1603 ) ) ;
#1357 = COLOUR_RGB ( '',0.2980392156862745057, 0.2980392156862745057, 0.2980392156862745057 ) ;
#1358 =( NAMED_UNIT ( * ) PLANE_ANGLE_UNIT ( ) SI_UNIT ( $, .RADIAN. ) );
#1359 = COLOUR_RGB ( '',0.2980392156862745057, 0.2980392156862745057, 0.2980392156862745057 ) ;
#1360 = CARTESIAN_POINT ( 'NONE',  ( -3.609999999999999876, -6.947896243240351488, 2.189999999999999503 ) ) ;
#1361 = LINE ( 'NONE', #1404, #1178 ) ;
#1362 =( NAMED_UNIT ( * ) PLANE_ANGLE_UNIT ( ) SI_UNIT ( $, .RADIAN. ) );
#1363 = AXIS2_PLACEMENT_3D ( 'NONE', #1999, #2014, #518 ) ;
#1364 = EDGE_CURVE ( 'NONE', #905, #1540, #565, .T. ) ;
#1365 = EDGE_CURVE ( 'NONE', #530, #544, #1200, .T. ) ;
#1366 = ORIENTED_EDGE ( 'NONE', *, *, #1478, .F. ) ;
#1367 = SURFACE_SIDE_STYLE ('',( #739 ) ) ;
#1368 =( LENGTH_UNIT ( ) NAMED_UNIT ( * ) SI_UNIT ( .MILLI., .METRE. ) );
#1369 = CARTESIAN_POINT ( 'NONE',  ( -1.249999999999998890, -8.197896243240350600, 0.5000000000000000000 ) ) ;
#1370 = LINE ( 'NONE', #1211, #2093 ) ;
#1371 = DIRECTION ( 'NONE',  ( -0.000000000000000000, 1.000000000000000000, 0.000000000000000000 ) ) ;
#1372 =( NAMED_UNIT ( * ) SI_UNIT ( $, .STERADIAN. ) SOLID_ANGLE_UNIT ( ) );
#1373 = DIRECTION ( 'NONE',  ( -1.897946910259088664E-16, 1.000000000000000000, 0.000000000000000000 ) ) ;
#1374 = DIRECTION ( 'NONE',  ( -0.9993908270190957621, -1.896790732282168307E-16, -0.03489949670250105246 ) ) ;
#1375 =( NAMED_UNIT ( * ) SI_UNIT ( $, .STERADIAN. ) SOLID_ANGLE_UNIT ( ) );
#1376 =( GEOMETRIC_REPRESENTATION_CONTEXT ( 3 ) GLOBAL_UNCERTAINTY_ASSIGNED_CONTEXT ( ( #510 ) ) GLOBAL_UNIT_ASSIGNED_CONTEXT ( ( #1945, #1467, #695 ) ) REPRESENTATION_CONTEXT ( 'NONE', 'WORKASPACE' ) );
#1377 = FILL_AREA_STYLE ('',( #113 ) ) ;
#1378 = DIRECTION ( 'NONE',  ( 1.000000000000000000, 0.000000000000000000, 0.000000000000000000 ) ) ;
#1379 = SURFACE_STYLE_USAGE ( .BOTH. , #1810 ) ;
#1380 = STYLED_ITEM ( 'NONE', ( #1062 ), #2038 ) ;
#1381 = ORIENTED_EDGE ( 'NONE', *, *, #1900, .T. ) ;
#1382 = UNCERTAINTY_MEASURE_WITH_UNIT (LENGTH_MEASURE( 1.000000000000000082E-05 ), #1446, 'distance_accuracy_value', 'NONE');
#1383 = DIRECTION ( 'NONE',  ( -0.000000000000000000, -0.000000000000000000, 1.000000000000000000 ) ) ;
#1384 = VECTOR ( 'NONE', #1856, 1000.000000000000000 ) ;
#1385 = VERTEX_POINT ( 'NONE', #574 ) ;
#1386 = VERTEX_POINT ( 'NONE', #1412 ) ;
#1387 = STYLED_ITEM ( 'NONE', ( #534 ), #1030 ) ;
#1388 =( LENGTH_UNIT ( ) NAMED_UNIT ( * ) SI_UNIT ( .MILLI., .METRE. ) );
#1389 = SURFACE_STYLE_USAGE ( .BOTH. , #752 ) ;
#1390 = MECHANICAL_DESIGN_GEOMETRIC_PRESENTATION_REPRESENTATION (  '', ( #281 ), #1043 ) ;
#1391 =( NAMED_UNIT ( * ) SI_UNIT ( $, .STERADIAN. ) SOLID_ANGLE_UNIT ( ) );
#1392 = DIRECTION ( 'NONE',  ( -0.000000000000000000, -0.000000000000000000, 1.000000000000000000 ) ) ;
#1393 = DIRECTION ( 'NONE',  ( -2.467585543997514519E-16, 1.000000000000000000, 0.000000000000000000 ) ) ;
#1394 = CARTESIAN_POINT ( 'NONE',  ( 0.6500000000000003553, -4.474202248755408284, 2.690000000000000835 ) ) ;
#1395 = PRESENTATION_LAYER_ASSIGNMENT (  '', '', ( #1461 ) ) ;
#1396 =( GEOMETRIC_REPRESENTATION_CONTEXT ( 3 ) GLOBAL_UNCERTAINTY_ASSIGNED_CONTEXT ( ( #191 ) ) GLOBAL_UNIT_ASSIGNED_CONTEXT ( ( #516, #1663, #1337 ) ) REPRESENTATION_CONTEXT ( 'NONE', 'WORKASPACE' ) );
#1397 = VERTEX_POINT ( 'NONE', #2043 ) ;
#1398 = DIRECTION ( 'NONE',  ( -0.000000000000000000, -0.000000000000000000, 1.000000000000000000 ) ) ;
#1399 = MECHANICAL_DESIGN_GEOMETRIC_PRESENTATION_REPRESENTATION (  '', ( #1783 ), #1981 ) ;
#1400 = ORIENTED_EDGE ( 'NONE', *, *, #696, .F. ) ;
#1401 = DIRECTION ( 'NONE',  ( 1.000000000000000000, 0.000000000000000000, -0.000000000000000000 ) ) ;
#1402 = ORIENTED_EDGE ( 'NONE', *, *, #670, .F. ) ;
#1403 = DIRECTION ( 'NONE',  ( 1.000000000000000000, -3.469446951953614682E-16, 0.000000000000000000 ) ) ;
#1404 = CARTESIAN_POINT ( 'NONE',  ( 1.250000000000001110, -6.947896243240351488, -0.01000000000000002623 ) ) ;
#1405 = DIRECTION ( 'NONE',  ( 1.000000000000000000, 2.467585543997514519E-16, 0.000000000000000000 ) ) ;
#1406 = ORIENTED_EDGE ( 'NONE', *, *, #1443, .F. ) ;
#1407 = ORIENTED_EDGE ( 'NONE', *, *, #19, .T. ) ;
#1408 = CARTESIAN_POINT ( 'NONE',  ( 1.250000000000001332, -8.197896243240350600, 2.690000000000000835 ) ) ;
#1409 = DIRECTION ( 'NONE',  ( 0.000000000000000000, -1.026463595252548753E-15, -1.000000000000000000 ) ) ;
#1410 = DIRECTION ( 'NONE',  ( -1.000000000000000000, 1.237320596274470661E-16, 0.000000000000000000 ) ) ;
#1411 = DIRECTION ( 'NONE',  ( -1.000000000000000000, -0.000000000000000000, -0.000000000000000000 ) ) ;
#1412 = CARTESIAN_POINT ( 'NONE',  ( -1.874999999999999334, -4.474202248755409173, 2.256727106065376631 ) ) ;
#1413 = CARTESIAN_POINT ( 'NONE',  ( 1.850000000000000977, -4.474202248755408284, 2.690000000000000835 ) ) ;
#1414 = VERTEX_POINT ( 'NONE', #1212 ) ;
#1415 = VECTOR ( 'NONE', #1657, 1000.000000000000114 ) ;
#1416 = ORIENTED_EDGE ( 'NONE', *, *, #1210, .T. ) ;
#1417 =( GEOMETRIC_REPRESENTATION_CONTEXT ( 3 ) GLOBAL_UNCERTAINTY_ASSIGNED_CONTEXT ( ( #1583 ) ) GLOBAL_UNIT_ASSIGNED_CONTEXT ( ( #1898, #1572, #641 ) ) REPRESENTATION_CONTEXT ( 'NONE', 'WORKASPACE' ) );
#1418 = UNCERTAINTY_MEASURE_WITH_UNIT (LENGTH_MEASURE( 1.000000000000000082E-05 ), #736, 'distance_accuracy_value', 'NONE');
#1419 = CARTESIAN_POINT ( 'NONE',  ( -1.874999999999999556, -4.476475786860007133, 2.290000000000000036 ) ) ;
#1420 = VECTOR ( 'NONE', #235, 1000.000000000000000 ) ;
#1421 = ORIENTED_EDGE ( 'NONE', *, *, #1626, .F. ) ;
#1422 = VECTOR ( 'NONE', #1997, 1000.000000000000000 ) ;
#1423 = PLANE ( 'NONE',  #1363 ) ;
#1424 = CARTESIAN_POINT ( 'NONE',  ( 3.609999999999999876, -8.197896243240350600, 2.189999999999999503 ) ) ;
#1425 = SURFACE_STYLE_USAGE ( .BOTH. , #447 ) ;
#1426 = ORIENTED_EDGE ( 'NONE', *, *, #1790, .F. ) ;
#1427 = LINE ( 'NONE', #1241, #213 ) ;
#1428 = STYLED_ITEM ( 'NONE', ( #1805 ), #989 ) ;
#1429 = APPLICATION_PROTOCOL_DEFINITION ( 'draft international standard', 'automotive_design', 1998, #2006 ) ;
#1430 = PRESENTATION_LAYER_ASSIGNMENT (  '', '', ( #1176 ) ) ;
#1431 = AXIS2_PLACEMENT_3D ( 'NONE', #24, #1646, #1006 ) ;
#1432 = EDGE_CURVE ( 'NONE', #1939, #1854, #2058, .T. ) ;
#1433 =( NAMED_UNIT ( * ) SI_UNIT ( $, .STERADIAN. ) SOLID_ANGLE_UNIT ( ) );
#1434 = ORIENTED_EDGE ( 'NONE', *, *, #1716, .T. ) ;
#1435 = LINE ( 'NONE', #1452, #372 ) ;
#1436 = PRESENTATION_STYLE_ASSIGNMENT (( #1576 ) ) ;
#1437 = DIRECTION ( 'NONE',  ( 1.266443364542452685E-31, -1.026463595252548753E-15, -1.000000000000000000 ) ) ;
#1438 = DIRECTION ( 'NONE',  ( -1.897946910259088910E-16, 1.000000000000000000, 0.000000000000000000 ) ) ;
#1439 = SURFACE_SIDE_STYLE ('',( #1283 ) ) ;
#1440 = SURFACE_STYLE_FILL_AREA ( #1243 ) ;
#1441 = EDGE_CURVE ( 'NONE', #625, #1990, #591, .T. ) ;
#1442 = CYLINDRICAL_SURFACE ( 'NONE', #2055, 0.09999999999999982514 ) ;
#1443 = EDGE_CURVE ( 'NONE', #1343, #45, #420, .T. ) ;
#1444 = VERTEX_POINT ( 'NONE', #89 ) ;
#1445 = LINE ( 'NONE', #472, #1201 ) ;
#1446 =( LENGTH_UNIT ( ) NAMED_UNIT ( * ) SI_UNIT ( .MILLI., .METRE. ) );
#1447 = DIRECTION ( 'NONE',  ( -2.467585543997514519E-16, 1.000000000000000000, 1.079901566615247376E-16 ) ) ;
#1448 = PRODUCT_DEFINITION_SHAPE ( 'NONE', 'NONE',  #2027 ) ;
#1449 = MECHANICAL_DESIGN_GEOMETRIC_PRESENTATION_REPRESENTATION (  '', ( #1581 ), #964 ) ;
#1450 = SURFACE_STYLE_FILL_AREA ( #154 ) ;
#1451 = CARTESIAN_POINT ( 'NONE',  ( -4.014999999999999680, 3.169999999999998153, -0.01000000000000000021 ) ) ;
#1452 = CARTESIAN_POINT ( 'NONE',  ( 3.609999999999999876, -8.697896243240352376, 0.5000000000000000000 ) ) ;
#1453 = FILL_AREA_STYLE ('',( #931 ) ) ;
#1454 = STYLED_ITEM ( 'NONE', ( #1187 ), #1670 ) ;
#1455 = ORIENTED_EDGE ( 'NONE', *, *, #1807, .F. ) ;
#1456 = EDGE_CURVE ( 'NONE', #229, #136, #1875, .T. ) ;
#1457 = PRESENTATION_STYLE_ASSIGNMENT (( #792 ) ) ;
#1458 = VECTOR ( 'NONE', #1307, 1000.000000000000000 ) ;
#1459 = PRESENTATION_LAYER_ASSIGNMENT (  '', '', ( #281 ) ) ;
#1460 = ORIENTED_EDGE ( 'NONE', *, *, #494, .F. ) ;
#1461 = STYLED_ITEM ( 'NONE', ( #1671 ), #876 ) ;
#1462 = FILL_AREA_STYLE_COLOUR ( '', #1288 ) ;
#1463 = MECHANICAL_DESIGN_GEOMETRIC_PRESENTATION_REPRESENTATION (  '', ( #1980 ), #369 ) ;
#1464 = ORIENTED_EDGE ( 'NONE', *, *, #1736, .F. ) ;
#1465 = VECTOR ( 'NONE', #38, 1000.000000000000000 ) ;
#1466 = SURFACE_SIDE_STYLE ('',( #1021 ) ) ;
#1467 =( NAMED_UNIT ( * ) PLANE_ANGLE_UNIT ( ) SI_UNIT ( $, .RADIAN. ) );
#1468 = EDGE_LOOP ( 'NONE', ( #1381, #619, #368, #1953 ) ) ;
#1469 = CARTESIAN_POINT ( 'NONE',  ( -1.249999999999999778, -4.181966621492560598, 2.290000000000000036 ) ) ;
#1470 = ORIENTED_EDGE ( 'NONE', *, *, #728, .F. ) ;
#1471 = DIRECTION ( 'NONE',  ( -0.000000000000000000, 1.000000000000000000, 0.000000000000000000 ) ) ;
#1472 = ORIENTED_EDGE ( 'NONE', *, *, #453, .T. ) ;
#1473 = FILL_AREA_STYLE ('',( #663 ) ) ;
#1474 = PRESENTATION_STYLE_ASSIGNMENT (( #1305 ) ) ;
#1475 = LINE ( 'NONE', #14, #635 ) ;
#1476 = DIRECTION ( 'NONE',  ( -0.000000000000000000, -0.000000000000000000, 1.000000000000000000 ) ) ;
#1477 = ORIENTED_EDGE ( 'NONE', *, *, #2102, .T. ) ;
#1478 = EDGE_CURVE ( 'NONE', #544, #1612, #1223, .T. ) ;
#1479 = VERTEX_POINT ( 'NONE', #1713 ) ;
#1480 = VECTOR ( 'NONE', #681, 1000.000000000000000 ) ;
#1481 =( NAMED_UNIT ( * ) SI_UNIT ( $, .STERADIAN. ) SOLID_ANGLE_UNIT ( ) );
#1482 = DIRECTION ( 'NONE',  ( -0.000000000000000000, 0.000000000000000000, 1.000000000000000000 ) ) ;
#1483 = FACE_OUTER_BOUND ( 'NONE', #1539, .T. ) ;
#1484 = FACE_OUTER_BOUND ( 'NONE', #1039, .T. ) ;
#1485 = PRESENTATION_LAYER_ASSIGNMENT (  '', '', ( #327 ) ) ;
#1486 = EDGE_CURVE ( 'NONE', #829, #2003, #265, .T. ) ;
#1487 = AXIS2_PLACEMENT_3D ( 'NONE', #2098, #965, #446 ) ;
#1488 = ORIENTED_EDGE ( 'NONE', *, *, #1753, .F. ) ;
#1489 = PLANE ( 'NONE',  #1645 ) ;
#1490 = UNCERTAINTY_MEASURE_WITH_UNIT (LENGTH_MEASURE( 1.000000000000000082E-05 ), #819, 'distance_accuracy_value', 'NONE');
#1491 = AXIS2_PLACEMENT_3D ( 'NONE', #1291, #316, #1938 ) ;
#1492 = LINE ( 'NONE', #838, #813 ) ;
#1493 =( GEOMETRIC_REPRESENTATION_CONTEXT ( 3 ) GLOBAL_UNCERTAINTY_ASSIGNED_CONTEXT ( ( #1682 ) ) GLOBAL_UNIT_ASSIGNED_CONTEXT ( ( #31, #712, #828 ) ) REPRESENTATION_CONTEXT ( 'NONE', 'WORKASPACE' ) );
#1494 = DIRECTION ( 'NONE',  ( -0.000000000000000000, -0.000000000000000000, 1.000000000000000000 ) ) ;
#1495 = PRESENTATION_LAYER_ASSIGNMENT (  '', '', ( #1703 ) ) ;
#1496 = FACE_OUTER_BOUND ( 'NONE', #357, .T. ) ;
#1497 = DIRECTION ( 'NONE',  ( 1.070816960479511930E-15, 1.000000000000000000, 0.000000000000000000 ) ) ;
#1498 = LINE ( 'NONE', #170, #1625 ) ;
#1499 = CARTESIAN_POINT ( 'NONE',  ( 1.250000000000001110, -8.697896243240352376, 0.5000000000000000000 ) ) ;
#1500 = VERTEX_POINT ( 'NONE', #896 ) ;
#1501 = CARTESIAN_POINT ( 'NONE',  ( -4.014999999999998792, -3.840000000000000746, -0.01000000000000000021 ) ) ;
#1502 = DIRECTION ( 'NONE',  ( 0.000000000000000000, -0.000000000000000000, 1.000000000000000000 ) ) ;
#1503 = CARTESIAN_POINT ( 'NONE',  ( 4.569097994502969051, 4.314097994502969158, 4.519999999999999574 ) ) ;
#1504 = CARTESIAN_POINT ( 'NONE',  ( -4.864809677220592654, -4.490825094825335206, 2.500000000000000444 ) ) ;
#1505 = CARTESIAN_POINT ( 'NONE',  ( 1.250000000000001110, -6.947896243240351488, -3.388131789017201356E-18 ) ) ;
#1506 = CARTESIAN_POINT ( 'NONE',  ( -4.918003160148900932, -4.356351286903804798, 0.5319957079633782504 ) ) ;
#1507 = FILL_AREA_STYLE_COLOUR ( '', #76 ) ;
#1508 = ORIENTED_EDGE ( 'NONE', *, *, #1715, .F. ) ;
#1509 = LINE ( 'NONE', #1352, #1556 ) ;
#1510 = ADVANCED_FACE ( 'NONE', ( #1070 ), #1078, .T. ) ;
#1511 = AXIS2_PLACEMENT_3D ( 'NONE', #1016, #1323, #636 ) ;
#1512 =( LENGTH_UNIT ( ) NAMED_UNIT ( * ) SI_UNIT ( .MILLI., .METRE. ) );
#1513 = LINE ( 'NONE', #985, #897 ) ;
#1514 = ORIENTED_EDGE ( 'NONE', *, *, #2100, .T. ) ;
#1515 = CARTESIAN_POINT ( 'NONE',  ( 3.609999999999999876, -4.181966621492559710, 2.290000000000000036 ) ) ;
#1516 = SURFACE_STYLE_FILL_AREA ( #1800 ) ;
#1517 = EDGE_LOOP ( 'NONE', ( #807, #315, #991, #1514 ) ) ;
#1518 = STYLED_ITEM ( 'NONE', ( #525 ), #1824 ) ;
#1519 = MANIFOLD_SOLID_BREP ( 'Cut-Extrude2', #652 ) ;
#1520 = PRESENTATION_LAYER_ASSIGNMENT (  '', '', ( #105 ) ) ;
#1521 = CARTESIAN_POINT ( 'NONE',  ( 4.014999999999999680, 3.169999999999998153, -0.01000000000000000021 ) ) ;
#1522 =( GEOMETRIC_REPRESENTATION_CONTEXT ( 3 ) GLOBAL_UNCERTAINTY_ASSIGNED_CONTEXT ( ( #1036 ) ) GLOBAL_UNIT_ASSIGNED_CONTEXT ( ( #1570, #2089, #1120 ) ) REPRESENTATION_CONTEXT ( 'NONE', 'WORKASPACE' ) );
#1523 = CARTESIAN_POINT ( 'NONE',  ( -3.394489764720038891E-15, 3.169999999999994156, -0.01000000000000000021 ) ) ;
#1524 =( NAMED_UNIT ( * ) SI_UNIT ( $, .STERADIAN. ) SOLID_ANGLE_UNIT ( ) );
#1525 = VECTOR ( 'NONE', #858, 1000.000000000000000 ) ;
#1526 = AXIS2_PLACEMENT_3D ( 'NONE', #1145, #979, #1916 ) ;
#1527 = VECTOR ( 'NONE', #1922, 1000.000000000000000 ) ;
#1528 = CARTESIAN_POINT ( 'NONE',  ( 0.6500000000000003553, -4.474202248755408284, 2.690000000000000835 ) ) ;
#1529 = DIRECTION ( 'NONE',  ( -1.237320596274470415E-16, -1.000000000000000000, 0.000000000000000000 ) ) ;
#1530 = EDGE_CURVE ( 'NONE', #1546, #1231, #1776, .T. ) ;
#1531 = VECTOR ( 'NONE', #1392, 1000.000000000000000 ) ;
#1532 = AXIS2_PLACEMENT_3D ( 'NONE', #50, #693, #1628 ) ;
#1533 = FACE_OUTER_BOUND ( 'NONE', #1029, .T. ) ;
#1534 = DIRECTION ( 'NONE',  ( 1.000000000000000000, 0.000000000000000000, -0.000000000000000000 ) ) ;
#1535 = LINE ( 'NONE', #1207, #1772 ) ;
#1536 = ORIENTED_EDGE ( 'NONE', *, *, #1107, .F. ) ;
#1537 = FILL_AREA_STYLE_COLOUR ( '', #1689 ) ;
#1538 = FILL_AREA_STYLE_COLOUR ( '', #405 ) ;
#1539 = EDGE_LOOP ( 'NONE', ( #1896, #2062, #1971, #2012, #1215, #1976, #1827, #645, #627, #1310, #1704, #1154 ) ) ;
#1540 = VERTEX_POINT ( 'NONE', #129 ) ;
#1541 = EDGE_CURVE ( 'NONE', #1846, #1301, #365, .T. ) ;
#1542 = ADVANCED_FACE ( 'NONE', ( #1921 ), #799, .T. ) ;
#1543 = SURFACE_SIDE_STYLE ('',( #1026 ) ) ;
#1544 = ORIENTED_EDGE ( 'NONE', *, *, #423, .T. ) ;
#1545 = DIRECTION ( 'NONE',  ( 1.000000000000000000, 0.000000000000000000, -0.000000000000000000 ) ) ;
#1546 = VERTEX_POINT ( 'NONE', #647 ) ;
#1547 = CARTESIAN_POINT ( 'NONE',  ( -4.014999999999999680, 3.169999999999998153, 0.000000000000000000 ) ) ;
#1548 =( NAMED_UNIT ( * ) SI_UNIT ( $, .STERADIAN. ) SOLID_ANGLE_UNIT ( ) );
#1549 = FILL_AREA_STYLE_COLOUR ( '', #772 ) ;
#1550 = ORIENTED_EDGE ( 'NONE', *, *, #19, .F. ) ;
#1551 = DIRECTION ( 'NONE',  ( 0.9961946980917455452, 9.371983066692035527E-17, 0.08715574274765836016 ) ) ;
#1552 = CARTESIAN_POINT ( 'NONE',  ( -1.249999999999998890, -8.297896243240352021, 0.4999999999999997780 ) ) ;
#1553 = ADVANCED_FACE ( 'NONE', ( #484 ), #1294, .F. ) ;
#1554 = COLOUR_RGB ( '',0.6470588235294117974, 0.6196078431372549211, 0.5882352941176470784 ) ;
#1555 = DIRECTION ( 'NONE',  ( -1.000000000000000000, -2.467585543997514519E-16, -0.000000000000000000 ) ) ;
#1556 = VECTOR ( 'NONE', #1038, 1000.000000000000000 ) ;
#1557 = SURFACE_STYLE_FILL_AREA ( #252 ) ;
#1558 = MECHANICAL_DESIGN_GEOMETRIC_PRESENTATION_REPRESENTATION (  '', ( #837 ), #1693 ) ;
#1559 = SURFACE_STYLE_USAGE ( .BOTH. , #1267 ) ;
#1560 = PLANE ( 'NONE',  #352 ) ;
#1561 = SURFACE_SIDE_STYLE ('',( #292 ) ) ;
#1562 = DIRECTION ( 'NONE',  ( -8.673617379884041635E-17, 1.000000000000000000, 0.000000000000000000 ) ) ;
#1563 = CARTESIAN_POINT ( 'NONE',  ( -4.825000000000000178, 4.570000000000000284, 0.000000000000000000 ) ) ;
#1564 = AXIS2_PLACEMENT_3D ( 'NONE', #1089, #282, #469 ) ;
#1565 = PRESENTATION_LAYER_ASSIGNMENT (  '', '', ( #208 ) ) ;
#1566 = VECTOR ( 'NONE', #646, 1000.000000000000000 ) ;
#1567 = CARTESIAN_POINT ( 'NONE',  ( -4.803911416747307150, -4.278735625974974255, -0.6038980114019245615 ) ) ;
#1568 = EDGE_LOOP ( 'NONE', ( #337, #1226, #393, #259 ) ) ;
#1569 = PLANE ( 'NONE',  #780 ) ;
#1570 =( LENGTH_UNIT ( ) NAMED_UNIT ( * ) SI_UNIT ( .MILLI., .METRE. ) );
#1571 = CARTESIAN_POINT ( 'NONE',  ( 4.864809677220593542, -4.397896243240353442, 1.139999999999999458 ) ) ;
#1572 =( NAMED_UNIT ( * ) PLANE_ANGLE_UNIT ( ) SI_UNIT ( $, .RADIAN. ) );
#1573 = VERTEX_POINT ( 'NONE', #195 ) ;
#1574 = FACE_OUTER_BOUND ( 'NONE', #1722, .T. ) ;
#1575 = DIRECTION ( 'NONE',  ( 0.000000000000000000, -1.000000000000000000, -2.159803133230494506E-16 ) ) ;
#1576 = SURFACE_STYLE_USAGE ( .BOTH. , #311 ) ;
#1577 = EDGE_CURVE ( 'NONE', #107, #936, #26, .T. ) ;
#1578 = ORIENTED_EDGE ( 'NONE', *, *, #1364, .T. ) ;
#1579 = MECHANICAL_DESIGN_GEOMETRIC_PRESENTATION_REPRESENTATION (  '', ( #734 ), #862 ) ;
#1580 = STYLED_ITEM ( 'NONE', ( #1686 ), #206 ) ;
#1581 = STYLED_ITEM ( 'NONE', ( #2071 ), #2104 ) ;
#1582 = UNCERTAINTY_MEASURE_WITH_UNIT (LENGTH_MEASURE( 1.000000000000000082E-05 ), #1027, 'distance_accuracy_value', 'NONE');
#1583 = UNCERTAINTY_MEASURE_WITH_UNIT (LENGTH_MEASURE( 1.000000000000000082E-05 ), #1898, 'distance_accuracy_value', 'NONE');
#1584 = LINE ( 'NONE', #1567, #1137 ) ;
#1585 =( GEOMETRIC_REPRESENTATION_CONTEXT ( 3 ) GLOBAL_UNCERTAINTY_ASSIGNED_CONTEXT ( ( #852 ) ) GLOBAL_UNIT_ASSIGNED_CONTEXT ( ( #1260, #588, #929 ) ) REPRESENTATION_CONTEXT ( 'NONE', 'WORKASPACE' ) );
#1586 = ORIENTED_EDGE ( 'NONE', *, *, #793, .T. ) ;
#1587 = COLOUR_RGB ( '',0.2980392156862745057, 0.2980392156862745057, 0.2980392156862745057 ) ;
#1588 = PLANE ( 'NONE',  #1511 ) ;
#1589 = VECTOR ( 'NONE', #237, 1000.000000000000000 ) ;
#1590 = EDGE_CURVE ( 'NONE', #543, #1954, #51, .T. ) ;
#1591 = EDGE_CURVE ( 'NONE', #1012, #1814, #1347, .T. ) ;
#1592 = CARTESIAN_POINT ( 'NONE',  ( 4.014999999999999680, -4.967842194041997731E-16, -0.01000000000000000021 ) ) ;
#1593 = DIRECTION ( 'NONE',  ( -1.237320596274470415E-16, 1.000000000000000000, 0.000000000000000000 ) ) ;
#1594 =( GEOMETRIC_REPRESENTATION_CONTEXT ( 3 ) GLOBAL_UNCERTAINTY_ASSIGNED_CONTEXT ( ( #1634 ) ) GLOBAL_UNIT_ASSIGNED_CONTEXT ( ( #63, #1168, #1375 ) ) REPRESENTATION_CONTEXT ( 'NONE', 'WORKASPACE' ) );
#1595 = ADVANCED_FACE ( 'NONE', ( #1647 ), #2005, .F. ) ;
#1596 = VECTOR ( 'NONE', #922, 1000.000000000000227 ) ;
#1597 = SURFACE_STYLE_USAGE ( .BOTH. , #626 ) ;
#1598 =( LENGTH_UNIT ( ) NAMED_UNIT ( * ) SI_UNIT ( .MILLI., .METRE. ) );
#1599 = ORIENTED_EDGE ( 'NONE', *, *, #1194, .T. ) ;
#1600 =( NAMED_UNIT ( * ) PLANE_ANGLE_UNIT ( ) SI_UNIT ( $, .RADIAN. ) );
#1601 = FACE_OUTER_BOUND ( 'NONE', #296, .T. ) ;
#1602 = ADVANCED_FACE ( 'NONE', ( #973 ), #1808, .T. ) ;
#1603 = ORIENTED_EDGE ( 'NONE', *, *, #660, .T. ) ;
#1604 = PRESENTATION_STYLE_ASSIGNMENT (( #957 ) ) ;
#1605 = FILL_AREA_STYLE_COLOUR ( '', #779 ) ;
#1606 = CARTESIAN_POINT ( 'NONE',  ( 1.850000000000001865, -4.299923681770169814, -0.2938139482720376616 ) ) ;
#1607 = FILL_AREA_STYLE_COLOUR ( '', #251 ) ;
#1608 = ORIENTED_EDGE ( 'NONE', *, *, #999, .T. ) ;
#1609 = LINE ( 'NONE', #324, #1798 ) ;
#1610 = AXIS2_PLACEMENT_3D ( 'NONE', #1913, #131, #124 ) ;
#1611 = UNCERTAINTY_MEASURE_WITH_UNIT (LENGTH_MEASURE( 1.000000000000000082E-05 ), #1756, 'distance_accuracy_value', 'NONE');
#1612 = VERTEX_POINT ( 'NONE', #2031 ) ;
#1613 = ORIENTED_EDGE ( 'NONE', *, *, #1014, .T. ) ;
#1614 = ADVANCED_FACE ( 'NONE', ( #717 ), #1696, .F. ) ;
#1615 = SURFACE_SIDE_STYLE ('',( #1962 ) ) ;
#1616 =( NAMED_UNIT ( * ) PLANE_ANGLE_UNIT ( ) SI_UNIT ( $, .RADIAN. ) );
#1617 = LINE ( 'NONE', #671, #1750 ) ;
#1618 = EDGE_CURVE ( 'NONE', #829, #633, #1535, .T. ) ;
#1619 = VECTOR ( 'NONE', #551, 1000.000000000000000 ) ;
#1620 = CARTESIAN_POINT ( 'NONE',  ( -3.394489764720038891E-15, 3.169999999999994156, -0.01000000000000000021 ) ) ;
#1621 = MECHANICAL_DESIGN_GEOMETRIC_PRESENTATION_REPRESENTATION (  '', ( #307 ), #72 ) ;
#1622 = COLOUR_RGB ( '',0.2980392156862745057, 0.2980392156862745057, 0.2980392156862745057 ) ;
#1623 = VECTOR ( 'NONE', #1925, 1000.000000000000000 ) ;
#1624 = EDGE_LOOP ( 'NONE', ( #1858, #126, #5, #998 ) ) ;
#1625 = VECTOR ( 'NONE', #1973, 1000.000000000000000 ) ;
#1626 = EDGE_CURVE ( 'NONE', #1444, #544, #1724, .T. ) ;
#1627 = PRESENTATION_LAYER_ASSIGNMENT (  '', '', ( #975 ) ) ;
#1628 = DIRECTION ( 'NONE',  ( 0.000000000000000000, -1.000000000000000000, -2.168404344970984413E-15 ) ) ;
#1629 = EDGE_CURVE ( 'NONE', #203, #1939, #111, .T. ) ;
#1630 = PRESENTATION_STYLE_ASSIGNMENT (( #1637 ) ) ;
#1631 = CARTESIAN_POINT ( 'NONE',  ( 1.250000000000001110, -6.947896243240351488, 2.690000000000000835 ) ) ;
#1632 = FILL_AREA_STYLE_COLOUR ( '', #1904 ) ;
#1633 = ORIENTED_EDGE ( 'NONE', *, *, #1295, .T. ) ;
#1634 = UNCERTAINTY_MEASURE_WITH_UNIT (LENGTH_MEASURE( 1.000000000000000082E-05 ), #63, 'distance_accuracy_value', 'NONE');
#1635 = ORIENTED_EDGE ( 'NONE', *, *, #847, .F. ) ;
#1636 = SURFACE_STYLE_USAGE ( .BOTH. , #338 ) ;
#1637 = SURFACE_STYLE_USAGE ( .BOTH. , #1818 ) ;
#1638 = EDGE_CURVE ( 'NONE', #203, #1343, #1711, .T. ) ;
#1639 = ORIENTED_EDGE ( 'NONE', *, *, #1123, .F. ) ;
#1640 = AXIS2_PLACEMENT_3D ( 'NONE', #538, #340, #1169 ) ;
#1641 = EDGE_LOOP ( 'NONE', ( #835, #1989, #1599, #1804 ) ) ;
#1642 = ORIENTED_EDGE ( 'NONE', *, *, #1753, .T. ) ;
#1643 = LINE ( 'NONE', #1501, #1480 ) ;
#1644 =( LENGTH_UNIT ( ) NAMED_UNIT ( * ) SI_UNIT ( .MILLI., .METRE. ) );
#1645 = AXIS2_PLACEMENT_3D ( 'NONE', #370, #853, #59 ) ;
#1646 = DIRECTION ( 'NONE',  ( -1.000000000000000000, -0.000000000000000000, -0.000000000000000000 ) ) ;
#1647 = FACE_OUTER_BOUND ( 'NONE', #28, .T. ) ;
#1648 = CARTESIAN_POINT ( 'NONE',  ( -0.6249999999999993339, -5.724202248755409173, 2.690000000000000835 ) ) ;
#1649 = PLANE ( 'NONE',  #36 ) ;
#1650 =( LENGTH_UNIT ( ) NAMED_UNIT ( * ) SI_UNIT ( .MILLI., .METRE. ) );
#1651 =( GEOMETRIC_REPRESENTATION_CONTEXT ( 3 ) GLOBAL_UNCERTAINTY_ASSIGNED_CONTEXT ( ( #1667 ) ) GLOBAL_UNIT_ASSIGNED_CONTEXT ( ( #1388, #1234, #64 ) ) REPRESENTATION_CONTEXT ( 'NONE', 'WORKASPACE' ) );
#1652 = MECHANICAL_DESIGN_GEOMETRIC_PRESENTATION_REPRESENTATION (  '', ( #438 ), #1902 ) ;
#1653 = SURFACE_STYLE_USAGE ( .BOTH. , #382 ) ;
#1654 = PRESENTATION_LAYER_ASSIGNMENT (  '', '', ( #1803 ) ) ;
#1655 = EDGE_LOOP ( 'NONE', ( #592, #1256, #487, #1067, #850 ) ) ;
#1656 = ORIENTED_EDGE ( 'NONE', *, *, #1073, .T. ) ;
#1657 = DIRECTION ( 'NONE',  ( 2.365159390546598561E-17, 0.06817107807959994770, -0.9976736460954879204 ) ) ;
#1658 = LINE ( 'NONE', #794, #169 ) ;
#1659 = VECTOR ( 'NONE', #1737, 1000.000000000000000 ) ;
#1660 = CARTESIAN_POINT ( 'NONE',  ( 1.250000000000001110, -6.947896243240351488, 2.690000000000000835 ) ) ;
#1661 = MECHANICAL_DESIGN_GEOMETRIC_PRESENTATION_REPRESENTATION (  '', ( #949 ), #916 ) ;
#1662 = CARTESIAN_POINT ( 'NONE',  ( 3.609999999999999876, -5.724202248755409173, 2.290000000000000036 ) ) ;
#1663 =( NAMED_UNIT ( * ) PLANE_ANGLE_UNIT ( ) SI_UNIT ( $, .RADIAN. ) );
#1664 = SURFACE_STYLE_USAGE ( .BOTH. , #1009 ) ;
#1665 = ADVANCED_FACE ( 'NONE', ( #730 ), #1890, .F. ) ;
#1666 = ORIENTED_EDGE ( 'NONE', *, *, #2070, .T. ) ;
#1667 = UNCERTAINTY_MEASURE_WITH_UNIT (LENGTH_MEASURE( 1.000000000000000082E-05 ), #1388, 'distance_accuracy_value', 'NONE');
#1668 =( NAMED_UNIT ( * ) SI_UNIT ( $, .STERADIAN. ) SOLID_ANGLE_UNIT ( ) );
#1669 = UNCERTAINTY_MEASURE_WITH_UNIT (LENGTH_MEASURE( 1.000000000000000082E-05 ), #902, 'distance_accuracy_value', 'NONE');
#1670 = ADVANCED_FACE ( 'NONE', ( #1244 ), #363, .F. ) ;
#1671 = PRESENTATION_STYLE_ASSIGNMENT (( #2004 ) ) ;
#1672 = FILL_AREA_STYLE_COLOUR ( '', #802 ) ;
#1673 = CARTESIAN_POINT ( 'NONE',  ( -0.6249999999999994449, -4.474202248755409173, 2.690000000000000835 ) ) ;
#1674 = CARTESIAN_POINT ( 'NONE',  ( 1.250000000000001110, -8.197896243240350600, 2.189999999999999503 ) ) ;
#1675 = CARTESIAN_POINT ( 'NONE',  ( -4.825000000000000178, 4.570000000000000284, 0.000000000000000000 ) ) ;
#1676 = CARTESIAN_POINT ( 'NONE',  ( -1.249999999999998890, -8.197896243240350600, 0.3999999999999994116 ) ) ;
#1677 =( LENGTH_UNIT ( ) NAMED_UNIT ( * ) SI_UNIT ( .MILLI., .METRE. ) );
#1678 = ORIENTED_EDGE ( 'NONE', *, *, #1736, .T. ) ;
#1679 = ORIENTED_EDGE ( 'NONE', *, *, #1210, .F. ) ;
#1680 = DIRECTION ( 'NONE',  ( 0.000000000000000000, -1.000000000000000000, -1.079901566615247376E-16 ) ) ;
#1681 = LINE ( 'NONE', #1521, #795 ) ;
#1682 = UNCERTAINTY_MEASURE_WITH_UNIT (LENGTH_MEASURE( 1.000000000000000082E-05 ), #31, 'distance_accuracy_value', 'NONE');
#1683 = COLOUR_RGB ( '',0.2980392156862745057, 0.2980392156862745057, 0.2980392156862745057 ) ;
#1684 =( NAMED_UNIT ( * ) PLANE_ANGLE_UNIT ( ) SI_UNIT ( $, .RADIAN. ) );
#1685 = DIRECTION ( 'NONE',  ( 0.000000000000000000, -1.000000000000000000, 0.000000000000000000 ) ) ;
#1686 = PRESENTATION_STYLE_ASSIGNMENT (( #1881 ) ) ;
#1687 = DIRECTION ( 'NONE',  ( 0.000000000000000000, -1.000000000000000000, 0.000000000000000000 ) ) ;
#1688 = CARTESIAN_POINT ( 'NONE',  ( -1.249999999999998890, -8.197896243240350600, 2.189999999999999503 ) ) ;
#1689 = COLOUR_RGB ( '',0.6470588235294117974, 0.6196078431372549211, 0.5882352941176470784 ) ;
#1690 = ORIENTED_EDGE ( 'NONE', *, *, #220, .F. ) ;
#1691 = VECTOR ( 'NONE', #341, 1000.000000000000000 ) ;
#1692 = FILL_AREA_STYLE ('',( #548 ) ) ;
#1693 =( GEOMETRIC_REPRESENTATION_CONTEXT ( 3 ) GLOBAL_UNCERTAINTY_ASSIGNED_CONTEXT ( ( #1877 ) ) GLOBAL_UNIT_ASSIGNED_CONTEXT ( ( #1329, #1994, #1986 ) ) REPRESENTATION_CONTEXT ( 'NONE', 'WORKASPACE' ) );
#1694 = ORIENTED_EDGE ( 'NONE', *, *, #1829, .F. ) ;
#1695 =( GEOMETRIC_REPRESENTATION_CONTEXT ( 3 ) GLOBAL_UNCERTAINTY_ASSIGNED_CONTEXT ( ( #240 ) ) GLOBAL_UNIT_ASSIGNED_CONTEXT ( ( #694, #1127, #839 ) ) REPRESENTATION_CONTEXT ( 'NONE', 'WORKASPACE' ) );
#1696 = PLANE ( 'NONE',  #1075 ) ;
#1697 = AXIS2_PLACEMENT_3D ( 'NONE', #707, #1555, #1064 ) ;
#1698 = APPLICATION_CONTEXT ( 'automotive_design' ) ;
#1699 = CYLINDRICAL_SURFACE ( 'NONE', #1770, 0.1000000000000005884 ) ;
#1700 = COLOUR_RGB ( '',0.2980392156862745057, 0.2980392156862745057, 0.2980392156862745057 ) ;
#1701 = CARTESIAN_POINT ( 'NONE',  ( 0.6500000000000003553, -4.299923681770169814, -0.2938139482720377171 ) ) ;
#1702 = CARTESIAN_POINT ( 'NONE',  ( 4.825000000000001066, 4.578796921000052317E-16, 0.000000000000000000 ) ) ;
#1703 = STYLED_ITEM ( 'NONE', ( #2088 ), #666 ) ;
#1704 = ORIENTED_EDGE ( 'NONE', *, *, #529, .F. ) ;
#1705 = ORIENTED_EDGE ( 'NONE', *, *, #657, .F. ) ;
#1706 = EDGE_CURVE ( 'NONE', #1846, #180, #1198, .T. ) ;
#1707 = CARTESIAN_POINT ( 'NONE',  ( -4.864809677220592654, -4.490825094825335206, 2.500000000000000444 ) ) ;
#1708 = CARTESIAN_POINT ( 'NONE',  ( -5.124512844307104409, -6.947896243240351488, -0.01000000000000002623 ) ) ;
#1709 = ORIENTED_EDGE ( 'NONE', *, *, #887, .F. ) ;
#1710 = FACE_OUTER_BOUND ( 'NONE', #1356, .T. ) ;
#1711 = LINE ( 'NONE', #560, #466 ) ;
#1712 = ORIENTED_EDGE ( 'NONE', *, *, #269, .T. ) ;
#1713 = CARTESIAN_POINT ( 'NONE',  ( -3.609999999999999876, -4.476475786860007133, 2.290000000000000480 ) ) ;
#1714 =( LENGTH_UNIT ( ) NAMED_UNIT ( * ) SI_UNIT ( .MILLI., .METRE. ) );
#1715 = EDGE_CURVE ( 'NONE', #1612, #1040, #1008, .T. ) ;
#1716 = EDGE_CURVE ( 'NONE', #1138, #180, #968, .T. ) ;
#1717 = CARTESIAN_POINT ( 'NONE',  ( 3.609999999999999876, -8.697896243240352376, 2.189999999999999503 ) ) ;
#1718 = DIRECTION ( 'NONE',  ( -1.000000000000000000, 1.070816960479511930E-15, 0.000000000000000000 ) ) ;
#1719 = CARTESIAN_POINT ( 'NONE',  ( 4.864809677220593542, -4.609809677220592761, 1.139999999999999902 ) ) ;
#1720 = EDGE_CURVE ( 'NONE', #432, #45, #872, .T. ) ;
#1721 = DIRECTION ( 'NONE',  ( 1.000000000000000000, 1.387778780781445873E-15, 0.000000000000000000 ) ) ;
#1722 = EDGE_LOOP ( 'NONE', ( #1019, #1214, #1876, #904 ) ) ;
#1723 = FACE_OUTER_BOUND ( 'NONE', #1933, .T. ) ;
#1724 = LINE ( 'NONE', #1869, #1384 ) ;
#1725 = ORIENTED_EDGE ( 'NONE', *, *, #1638, .T. ) ;
#1726 = MECHANICAL_DESIGN_GEOMETRIC_PRESENTATION_REPRESENTATION (  '', ( #700 ), #1102 ) ;
#1727 =( NAMED_UNIT ( * ) PLANE_ANGLE_UNIT ( ) SI_UNIT ( $, .RADIAN. ) );
#1728 = CARTESIAN_POINT ( 'NONE',  ( -1.874999999999999556, -4.181966621492559710, 2.290000000000000036 ) ) ;
#1729 = LINE ( 'NONE', #909, #1596 ) ;
#1730 = SURFACE_SIDE_STYLE ('',( #100 ) ) ;
#1731 = AXIS2_PLACEMENT_3D ( 'NONE', #2015, #747, #865 ) ;
#1732 = ORIENTED_EDGE ( 'NONE', *, *, #728, .T. ) ;
#1733 = DIRECTION ( 'NONE',  ( -1.237320596274470415E-16, -1.000000000000000000, 0.000000000000000000 ) ) ;
#1734 = CARTESIAN_POINT ( 'NONE',  ( -0.6249999999999994449, -4.474202248755409173, -0.01000000000000002623 ) ) ;
#1735 = MECHANICAL_DESIGN_GEOMETRIC_PRESENTATION_REPRESENTATION (  '', ( #1454 ), #1001 ) ;
#1736 = EDGE_CURVE ( 'NONE', #804, #408, #1849, .T. ) ;
#1737 = DIRECTION ( 'NONE',  ( -2.467585543997514519E-16, 1.000000000000000000, -0.000000000000000000 ) ) ;
#1738 = VECTOR ( 'NONE', #1721, 1000.000000000000000 ) ;
#1739 = FILL_AREA_STYLE_COLOUR ( '', #571 ) ;
#1740 =( GEOMETRIC_REPRESENTATION_CONTEXT ( 3 ) GLOBAL_UNCERTAINTY_ASSIGNED_CONTEXT ( ( #1382 ) ) GLOBAL_UNIT_ASSIGNED_CONTEXT ( ( #1446, #1944, #140 ) ) REPRESENTATION_CONTEXT ( 'NONE', 'WORKASPACE' ) );
#1741 = PLANE ( 'NONE',  #1491 ) ;
#1742 = FILL_AREA_STYLE_COLOUR ( '', #1683 ) ;
#1743 =( LENGTH_UNIT ( ) NAMED_UNIT ( * ) SI_UNIT ( .MILLI., .METRE. ) );
#1744 = FILL_AREA_STYLE ('',( #1607 ) ) ;
#1745 = CARTESIAN_POINT ( 'NONE',  ( 4.825000000000001066, 4.578796921000052317E-16, -0.01000000000000000021 ) ) ;
#1746 = MECHANICAL_DESIGN_GEOMETRIC_PRESENTATION_REPRESENTATION (  '', ( #1081 ), #1050 ) ;
#1747 = DIRECTION ( 'NONE',  ( -1.000000000000000000, -0.000000000000000000, 0.000000000000000000 ) ) ;
#1748 = VECTOR ( 'NONE', #699, 1000.000000000000000 ) ;
#1749 = EDGE_LOOP ( 'NONE', ( #345, #1863, #1124, #62 ) ) ;
#1750 = VECTOR ( 'NONE', #194, 1000.000000000000000 ) ;
#1751 = SHAPE_DEFINITION_REPRESENTATION ( #1448, #181 ) ;
#1752 = EDGE_CURVE ( 'NONE', #136, #597, #1826, .T. ) ;
#1753 = EDGE_CURVE ( 'NONE', #127, #468, #563, .T. ) ;
#1754 = DIRECTION ( 'NONE',  ( 0.08682659386424777803, 0.08682659386424779191, -0.9924325091389669673 ) ) ;
#1755 =( NAMED_UNIT ( * ) PLANE_ANGLE_UNIT ( ) SI_UNIT ( $, .RADIAN. ) );
#1756 =( LENGTH_UNIT ( ) NAMED_UNIT ( * ) SI_UNIT ( .MILLI., .METRE. ) );
#1757 = EDGE_CURVE ( 'NONE', #1546, #524, #216, .T. ) ;
#1758 = PRESENTATION_STYLE_ASSIGNMENT (( #1279 ) ) ;
#1759 = ORIENTED_EDGE ( 'NONE', *, *, #1618, .T. ) ;
#1760 = FACE_OUTER_BOUND ( 'NONE', #175, .T. ) ;
#1761 = CARTESIAN_POINT ( 'NONE',  ( 4.864809677220592654, 4.609809677220592761, 1.139999999999999902 ) ) ;
#1762 =( NAMED_UNIT ( * ) SI_UNIT ( $, .STERADIAN. ) SOLID_ANGLE_UNIT ( ) );
#1763 = EDGE_CURVE ( 'NONE', #1301, #1314, #80, .T. ) ;
#1764 =( NAMED_UNIT ( * ) PLANE_ANGLE_UNIT ( ) SI_UNIT ( $, .RADIAN. ) );
#1765 = LINE ( 'NONE', #784, #1806 ) ;
#1766 = SURFACE_STYLE_FILL_AREA ( #1453 ) ;
#1767 = EDGE_LOOP ( 'NONE', ( #1666, #1891, #1246, #392 ) ) ;
#1768 = CARTESIAN_POINT ( 'NONE',  ( -1.249999999999998890, -8.697896243240352376, 2.189999999999999503 ) ) ;
#1769 =( LENGTH_UNIT ( ) NAMED_UNIT ( * ) SI_UNIT ( .MILLI., .METRE. ) );
#1770 = AXIS2_PLACEMENT_3D ( 'NONE', #1076, #937, #600 ) ;
#1771 = ORIENTED_EDGE ( 'NONE', *, *, #2052, .T. ) ;
#1772 = VECTOR ( 'NONE', #1065, 1000.000000000000000 ) ;
#1773 = CARTESIAN_POINT ( 'NONE',  ( 1.850000000000000533, -5.724202248755409173, 2.690000000000000835 ) ) ;
#1774 = CARTESIAN_POINT ( 'NONE',  ( 3.609999999999999876, -6.947896243240351488, 0.000000000000000000 ) ) ;
#1775 = SURFACE_SIDE_STYLE ('',( #2077 ) ) ;
#1776 = LINE ( 'NONE', #158, #1284 ) ;
#1777 =( GEOMETRIC_REPRESENTATION_CONTEXT ( 3 ) GLOBAL_UNCERTAINTY_ASSIGNED_CONTEXT ( ( #723 ) ) GLOBAL_UNIT_ASSIGNED_CONTEXT ( ( #318, #1600, #2078 ) ) REPRESENTATION_CONTEXT ( 'NONE', 'WORKASPACE' ) );
#1778 = FILL_AREA_STYLE ('',( #7 ) ) ;
#1779 = FILL_AREA_STYLE_COLOUR ( '', #803 ) ;
#1780 = APPLICATION_PROTOCOL_DEFINITION ( 'draft international standard', 'automotive_design', 1998, #1698 ) ;
#1781 =( GEOMETRIC_REPRESENTATION_CONTEXT ( 3 ) GLOBAL_UNCERTAINTY_ASSIGNED_CONTEXT ( ( #1490 ) ) GLOBAL_UNIT_ASSIGNED_CONTEXT ( ( #819, #15, #987 ) ) REPRESENTATION_CONTEXT ( 'NONE', 'WORKASPACE' ) );
#1782 = ORIENTED_EDGE ( 'NONE', *, *, #188, .F. ) ;
#1783 = STYLED_ITEM ( 'NONE', ( #476 ), #120 ) ;
#1784 = SURFACE_SIDE_STYLE ('',( #1936 ) ) ;
#1785 = SURFACE_STYLE_USAGE ( .BOTH. , #791 ) ;
#1786 = DIRECTION ( 'NONE',  ( 0.000000000000000000, 0.03489949670250104552, 0.9993908270190956511 ) ) ;
#1787 = ORIENTED_EDGE ( 'NONE', *, *, #2028, .F. ) ;
#1788 = DIRECTION ( 'NONE',  ( 1.000000000000000000, 1.897946910259088910E-16, 0.000000000000000000 ) ) ;
#1789 = EDGE_CURVE ( 'NONE', #207, #517, #709, .T. ) ;
#1790 = EDGE_CURVE ( 'NONE', #1911, #633, #1046, .T. ) ;
#1791 = CARTESIAN_POINT ( 'NONE',  ( -4.569097994502969051, 4.314097994502969158, 4.519999999999999574 ) ) ;
#1792 = DIRECTION ( 'NONE',  ( 0.000000000000000000, -0.08715574274765836016, 0.9961946980917455452 ) ) ;
#1793 = ORIENTED_EDGE ( 'NONE', *, *, #1014, .F. ) ;
#1794 = CARTESIAN_POINT ( 'NONE',  ( 4.864809677220593542, -4.609809677220592761, 1.139999999999999902 ) ) ;
#1795 = UNCERTAINTY_MEASURE_WITH_UNIT (LENGTH_MEASURE( 1.000000000000000082E-05 ), #12, 'distance_accuracy_value', 'NONE');
#1796 =( NAMED_UNIT ( * ) SI_UNIT ( $, .STERADIAN. ) SOLID_ANGLE_UNIT ( ) );
#1797 = CARTESIAN_POINT ( 'NONE',  ( 4.825000000000001066, 3.169999999999998597, -0.01000000000000000021 ) ) ;
#1798 = VECTOR ( 'NONE', #966, 1000.000000000000000 ) ;
#1799 = SURFACE_STYLE_USAGE ( .BOTH. , #843 ) ;
#1800 = FILL_AREA_STYLE ('',( #1779 ) ) ;
#1801 = PRESENTATION_LAYER_ASSIGNMENT (  '', '', ( #875 ) ) ;
#1802 = ORIENTED_EDGE ( 'NONE', *, *, #1044, .F. ) ;
#1803 = STYLED_ITEM ( 'NONE', ( #1436 ), #1519 ) ;
#1804 = ORIENTED_EDGE ( 'NONE', *, *, #437, .T. ) ;
#1805 = PRESENTATION_STYLE_ASSIGNMENT (( #520 ) ) ;
#1806 = VECTOR ( 'NONE', #2097, 1000.000000000000000 ) ;
#1807 = EDGE_CURVE ( 'NONE', #886, #434, #1023, .T. ) ;
#1808 = PLANE ( 'NONE',  #941 ) ;
#1809 = DIRECTION ( 'NONE',  ( -0.000000000000000000, -0.000000000000000000, 1.000000000000000000 ) ) ;
#1810 = SURFACE_SIDE_STYLE ('',( #17 ) ) ;
#1811 = VERTEX_POINT ( 'NONE', #1648 ) ;
#1812 = UNCERTAINTY_MEASURE_WITH_UNIT (LENGTH_MEASURE( 1.000000000000000082E-05 ), #1512, 'distance_accuracy_value', 'NONE');
#1813 = ORIENTED_EDGE ( 'NONE', *, *, #1086, .F. ) ;
#1814 = VERTEX_POINT ( 'NONE', #226 ) ;
#1815 = DIRECTION ( 'NONE',  ( -1.000000000000000000, -0.000000000000000000, -0.000000000000000000 ) ) ;
#1816 = ORIENTED_EDGE ( 'NONE', *, *, #1123, .T. ) ;
#1817 = SURFACE_SIDE_STYLE ('',( #686 ) ) ;
#1818 = SURFACE_SIDE_STYLE ('',( #1151 ) ) ;
#1819 = CARTESIAN_POINT ( 'NONE',  ( 1.250000000000001110, -8.697896243240352376, 2.189999999999999503 ) ) ;
#1820 = ORIENTED_EDGE ( 'NONE', *, *, #2010, .T. ) ;
#1821 = PRESENTATION_LAYER_ASSIGNMENT (  '', '', ( #1380 ) ) ;
#1822 = DIRECTION ( 'NONE',  ( 0.000000000000000000, 1.000000000000000000, 2.159803133230494506E-16 ) ) ;
#1823 = DIRECTION ( 'NONE',  ( 1.000000000000000000, 8.673617379884041635E-17, 0.000000000000000000 ) ) ;
#1824 = ADVANCED_FACE ( 'NONE', ( #1496 ), #1699, .F. ) ;
#1825 = DIRECTION ( 'NONE',  ( -0.000000000000000000, 0.000000000000000000, 1.000000000000000000 ) ) ;
#1826 = CIRCLE ( 'NONE', #2082, 0.09999999999999939493 ) ;
#1827 = ORIENTED_EDGE ( 'NONE', *, *, #1885, .F. ) ;
#1828 = VECTOR ( 'NONE', #2099, 1000.000000000000114 ) ;
#1829 = EDGE_CURVE ( 'NONE', #45, #886, #921, .T. ) ;
#1830 = EDGE_CURVE ( 'NONE', #800, #1343, #1092, .T. ) ;
#1831 = UNCERTAINTY_MEASURE_WITH_UNIT (LENGTH_MEASURE( 1.000000000000000082E-05 ), #455, 'distance_accuracy_value', 'NONE');
#1832 = CIRCLE ( 'NONE', #1084, 0.5000000000000004441 ) ;
#1833 = AXIS2_PLACEMENT_3D ( 'NONE', #814, #1286, #1032 ) ;
#1834 = DIRECTION ( 'NONE',  ( -1.000000000000000000, -1.233792771998757259E-16, 0.000000000000000000 ) ) ;
#1835 = LINE ( 'NONE', #1797, #1929 ) ;
#1836 = PRESENTATION_LAYER_ASSIGNMENT (  '', '', ( #949 ) ) ;
#1837 = DIRECTION ( 'NONE',  ( 0.000000000000000000, 0.000000000000000000, -1.000000000000000000 ) ) ;
#1838 = CARTESIAN_POINT ( 'NONE',  ( -4.825000000000000178, 4.570000000000000284, -0.01000000000000000021 ) ) ;
#1839 = VECTOR ( 'NONE', #1437, 1000.000000000000000 ) ;
#1840 = CARTESIAN_POINT ( 'NONE',  ( -1.874999999999999334, -4.474202248755409173, -0.01000000000000002623 ) ) ;
#1841 = ORIENTED_EDGE ( 'NONE', *, *, #940, .T. ) ;
#1842 = ORIENTED_EDGE ( 'NONE', *, *, #1757, .F. ) ;
#1843 = FILL_AREA_STYLE_COLOUR ( '', #389 ) ;
#1844 =( NAMED_UNIT ( * ) SI_UNIT ( $, .STERADIAN. ) SOLID_ANGLE_UNIT ( ) );
#1845 = UNCERTAINTY_MEASURE_WITH_UNIT (LENGTH_MEASURE( 1.000000000000000082E-05 ), #1204, 'distance_accuracy_value', 'NONE');
#1846 = VERTEX_POINT ( 'NONE', #121 ) ;
#1847 = FILL_AREA_STYLE_COLOUR ( '', #617 ) ;
#1848 = DIRECTION ( 'NONE',  ( 1.000000000000000000, 1.233792771998757259E-16, 0.000000000000000000 ) ) ;
#1849 = LINE ( 'NONE', #1515, #642 ) ;
#1850 = CARTESIAN_POINT ( 'NONE',  ( -3.609999999999999876, -6.947896243240351488, 2.690000000000000835 ) ) ;
#1851 = FILL_AREA_STYLE_COLOUR ( '', #272 ) ;
#1852 = ADVANCED_FACE ( 'NONE', ( #620 ), #1560, .F. ) ;
#1853 = VERTEX_POINT ( 'NONE', #2076 ) ;
#1854 = VERTEX_POINT ( 'NONE', #908 ) ;
#1855 = CARTESIAN_POINT ( 'NONE',  ( -3.609999999999999876, -4.474202248755409173, 2.689999999999999947 ) ) ;
#1856 = DIRECTION ( 'NONE',  ( -0.000000000000000000, -0.000000000000000000, 1.000000000000000000 ) ) ;
#1857 = SURFACE_SIDE_STYLE ('',( #284 ) ) ;
#1858 = ORIENTED_EDGE ( 'NONE', *, *, #999, .F. ) ;
#1859 = DIRECTION ( 'NONE',  ( -0.000000000000000000, 1.000000000000000000, 1.079901566615247253E-16 ) ) ;
#1860 = DIRECTION ( 'NONE',  ( -0.000000000000000000, -0.000000000000000000, 1.000000000000000000 ) ) ;
#1861 = EDGE_CURVE ( 'NONE', #920, #562, #608, .T. ) ;
#1862 = CARTESIAN_POINT ( 'NONE',  ( 0.000000000000000000, -3.840000000000000746, -0.000000000000000000 ) ) ;
#1863 = ORIENTED_EDGE ( 'NONE', *, *, #354, .T. ) ;
#1864 = PRESENTATION_LAYER_ASSIGNMENT (  '', '', ( #1387 ) ) ;
#1865 = PLANE ( 'NONE',  #1731 ) ;
#1866 = DIRECTION ( 'NONE',  ( 0.000000000000000000, -0.000000000000000000, -1.000000000000000000 ) ) ;
#1867 = LINE ( 'NONE', #404, #1255 ) ;
#1868 =( GEOMETRIC_REPRESENTATION_CONTEXT ( 3 ) GLOBAL_UNCERTAINTY_ASSIGNED_CONTEXT ( ( #1342 ) ) GLOBAL_UNIT_ASSIGNED_CONTEXT ( ( #1598, #1755, #1762 ) ) REPRESENTATION_CONTEXT ( 'NONE', 'WORKASPACE' ) );
#1869 = CARTESIAN_POINT ( 'NONE',  ( 0.6500000000000003553, -4.474202248755408284, -0.01000000000000002623 ) ) ;
#1870 = MECHANICAL_DESIGN_GEOMETRIC_PRESENTATION_REPRESENTATION (  '', ( #1461 ), #777 ) ;
#1871 = ADVANCED_FACE ( 'NONE', ( #1574 ), #1588, .F. ) ;
#1872 = CARTESIAN_POINT ( 'NONE',  ( -1.874999999999999334, -5.724202248755410949, -0.01000000000000002623 ) ) ;
#1873 = CIRCLE ( 'NONE', #287, 0.09999999999999939493 ) ;
#1874 = DIRECTION ( 'NONE',  ( 0.08695452246840697230, 0.06791286526742250362, -0.9938947397755258928 ) ) ;
#1875 = LINE ( 'NONE', #1238, #1080 ) ;
#1876 = ORIENTED_EDGE ( 'NONE', *, *, #453, .F. ) ;
#1877 = UNCERTAINTY_MEASURE_WITH_UNIT (LENGTH_MEASURE( 1.000000000000000082E-05 ), #1329, 'distance_accuracy_value', 'NONE');
#1878 = DIRECTION ( 'NONE',  ( 0.08715574274765836016, 0.000000000000000000, -0.9961946980917455452 ) ) ;
#1879 = LINE ( 'NONE', #2053, #1907 ) ;
#1880 = DIRECTION ( 'NONE',  ( -1.000000000000000000, -0.000000000000000000, -0.000000000000000000 ) ) ;
#1881 = SURFACE_STYLE_USAGE ( .BOTH. , #1857 ) ;
#1882 = SURFACE_STYLE_USAGE ( .BOTH. , #1057 ) ;
#1883 = LINE ( 'NONE', #1701, #144 ) ;
#1884 = DIRECTION ( 'NONE',  ( -1.000000000000000000, -0.000000000000000000, -0.000000000000000000 ) ) ;
#1885 = EDGE_CURVE ( 'NONE', #2065, #577, #1164, .T. ) ;
#1886 = DIRECTION ( 'NONE',  ( 3.469446951953613696E-16, 1.000000000000000000, -0.000000000000000000 ) ) ;
#1887 = ORIENTED_EDGE ( 'NONE', *, *, #1530, .T. ) ;
#1888 = LINE ( 'NONE', #595, #467 ) ;
#1889 = CARTESIAN_POINT ( 'NONE',  ( 1.250000000000001110, -8.197896243240350600, 0.3999999999999994116 ) ) ;
#1890 = PLANE ( 'NONE',  #25 ) ;
#1891 = ORIENTED_EDGE ( 'NONE', *, *, #1715, .T. ) ;
#1892 = VECTOR ( 'NONE', #1155, 1000.000000000000000 ) ;
#1893 = FACE_OUTER_BOUND ( 'NONE', #1767, .T. ) ;
#1894 = DIRECTION ( 'NONE',  ( -1.000000000000000000, -0.000000000000000000, -0.000000000000000000 ) ) ;
#1895 = DIRECTION ( 'NONE',  ( -1.000000000000000000, -0.000000000000000000, -0.000000000000000000 ) ) ;
#1896 = ORIENTED_EDGE ( 'NONE', *, *, #900, .T. ) ;
#1897 = EDGE_CURVE ( 'NONE', #543, #662, #1643, .T. ) ;
#1898 =( LENGTH_UNIT ( ) NAMED_UNIT ( * ) SI_UNIT ( .MILLI., .METRE. ) );
#1899 = ORIENTED_EDGE ( 'NONE', *, *, #724, .T. ) ;
#1900 = EDGE_CURVE ( 'NONE', #1854, #625, #832, .T. ) ;
#1901 = DIRECTION ( 'NONE',  ( -0.03481840666335372925, -0.06812974291806533911, 0.9970687121193522184 ) ) ;
#1902 =( GEOMETRIC_REPRESENTATION_CONTEXT ( 3 ) GLOBAL_UNCERTAINTY_ASSIGNED_CONTEXT ( ( #125 ) ) GLOBAL_UNIT_ASSIGNED_CONTEXT ( ( #833, #321, #509 ) ) REPRESENTATION_CONTEXT ( 'NONE', 'WORKASPACE' ) );
#1903 = FILL_AREA_STYLE_COLOUR ( '', #2047 ) ;
#1904 = COLOUR_RGB ( '',0.6470588235294117974, 0.6196078431372549211, 0.5882352941176470784 ) ;
#1905 = CARTESIAN_POINT ( 'NONE',  ( -4.864809677220592654, 4.609809677220592761, 1.139999999999999902 ) ) ;
#1906 = CARTESIAN_POINT ( 'NONE',  ( -1.874999999999999334, -4.474202248755409173, -0.01000000000000002623 ) ) ;
#1907 = VECTOR ( 'NONE', #416, 1000.000000000000000 ) ;
#1908 = SURFACE_STYLE_FILL_AREA ( #1252 ) ;
#1909 = VECTOR ( 'NONE', #1213, 1000.000000000000000 ) ;
#1910 = ORIENTED_EDGE ( 'NONE', *, *, #233, .T. ) ;
#1911 = VERTEX_POINT ( 'NONE', #189 ) ;
#1912 = AXIS2_PLACEMENT_3D ( 'NONE', #215, #166, #1822 ) ;
#1913 = CARTESIAN_POINT ( 'NONE',  ( 0.000000000000000000, 0.000000000000000000, 0.000000000000000000 ) ) ;
#1914 = UNCERTAINTY_MEASURE_WITH_UNIT (LENGTH_MEASURE( 1.000000000000000082E-05 ), #1769, 'distance_accuracy_value', 'NONE');
#1915 = CARTESIAN_POINT ( 'NONE',  ( 1.250000000000001110, -8.197896243240350600, 2.189999999999999503 ) ) ;
#1916 = DIRECTION ( 'NONE',  ( 0.08715574274765836016, 0.000000000000000000, 0.9961946980917455452 ) ) ;
#1917 = EDGE_LOOP ( 'NONE', ( #599, #1406, #103, #2019 ) ) ;
#1918 = PRESENTATION_STYLE_ASSIGNMENT (( #1249 ) ) ;
#1919 = PRESENTATION_STYLE_ASSIGNMENT (( #1942 ) ) ;
#1920 = CARTESIAN_POINT ( 'NONE',  ( -4.825000000000000178, 3.169999999999998597, -0.01000000000000000021 ) ) ;
#1921 = FACE_OUTER_BOUND ( 'NONE', #451, .T. ) ;
#1922 = DIRECTION ( 'NONE',  ( 1.233792771998757259E-16, -1.000000000000000000, -1.079901566615247376E-16 ) ) ;
#1923 = DIRECTION ( 'NONE',  ( -0.08682659386424777803, -0.08682659386424779191, -0.9924325091389669673 ) ) ;
#1924 = EDGE_CURVE ( 'NONE', #1386, #924, #34, .T. ) ;
#1925 = DIRECTION ( 'NONE',  ( -1.000000000000000000, -0.000000000000000000, -0.000000000000000000 ) ) ;
#1926 = SURFACE_STYLE_FILL_AREA ( #2096 ) ;
#1927 = EDGE_CURVE ( 'NONE', #1500, #1300, #992, .T. ) ;
#1928 = DIRECTION ( 'NONE',  ( -1.000000000000000000, -0.000000000000000000, -0.000000000000000000 ) ) ;
#1929 = VECTOR ( 'NONE', #1494, 1000.000000000000000 ) ;
#1930 =( NAMED_UNIT ( * ) SI_UNIT ( $, .STERADIAN. ) SOLID_ANGLE_UNIT ( ) );
#1931 = LINE ( 'NONE', #1717, #407 ) ;
#1932 = LINE ( 'NONE', #1620, #539 ) ;
#1933 = EDGE_LOOP ( 'NONE', ( #2119, #815, #757, #40, #186, #413, #1177, #606, #1887, #1544, #1157, #21, #1642, #727, #22, #1464 ) ) ;
#1934 = PRESENTATION_LAYER_ASSIGNMENT (  '', '', ( #1581 ) ) ;
#1935 = ORIENTED_EDGE ( 'NONE', *, *, #651, .F. ) ;
#1936 = SURFACE_STYLE_FILL_AREA ( #632 ) ;
#1937 =( GEOMETRIC_REPRESENTATION_CONTEXT ( 3 ) GLOBAL_UNCERTAINTY_ASSIGNED_CONTEXT ( ( #1203 ) ) GLOBAL_UNIT_ASSIGNED_CONTEXT ( ( #87, #1358, #598 ) ) REPRESENTATION_CONTEXT ( 'NONE', 'WORKASPACE' ) );
#1938 = DIRECTION ( 'NONE',  ( 0.000000000000000000, -0.06817107807959993382, 0.9976736460954879204 ) ) ;
#1939 = VERTEX_POINT ( 'NONE', #1340 ) ;
#1940 = CIRCLE ( 'NONE', #278, 0.5000000000000004441 ) ;
#1941 = DIRECTION ( 'NONE',  ( -0.000000000000000000, -0.000000000000000000, 1.000000000000000000 ) ) ;
#1942 = SURFACE_STYLE_USAGE ( .BOTH. , #444 ) ;
#1943 = LINE ( 'NONE', #1250, #478 ) ;
#1944 =( NAMED_UNIT ( * ) PLANE_ANGLE_UNIT ( ) SI_UNIT ( $, .RADIAN. ) );
#1945 =( LENGTH_UNIT ( ) NAMED_UNIT ( * ) SI_UNIT ( .MILLI., .METRE. ) );
#1946 = VECTOR ( 'NONE', #275, 1000.000000000000227 ) ;
#1947 = ADVANCED_FACE ( 'NONE', ( #209 ), #1489, .T. ) ;
#1948 = AXIS2_PLACEMENT_3D ( 'NONE', #431, #1403, #629 ) ;
#1949 = STYLED_ITEM ( 'NONE', ( #1604 ), #970 ) ;
#1950 = SURFACE_STYLE_USAGE ( .BOTH. , #1439 ) ;
#1951 = COLOUR_RGB ( '',0.2980392156862745057, 0.2980392156862745057, 0.2980392156862745057 ) ;
#1952 = VECTOR ( 'NONE', #99, 1000.000000000000000 ) ;
#1953 = ORIENTED_EDGE ( 'NONE', *, *, #176, .T. ) ;
#1954 = VERTEX_POINT ( 'NONE', #1451 ) ;
#1955 = CARTESIAN_POINT ( 'NONE',  ( 3.609999999999999876, -6.947896243240351488, 0.4000000000000000222 ) ) ;
#1956 = LINE ( 'NONE', #630, #1566 ) ;
#1957 = FILL_AREA_STYLE_COLOUR ( '', #2085 ) ;
#1958 = CARTESIAN_POINT ( 'NONE',  ( 1.250000000000001110, -6.947896243240351488, 0.3999999999999999112 ) ) ;
#1959 = DIRECTION ( 'NONE',  ( -4.336808689942013792E-16, 1.000000000000000000, 0.000000000000000000 ) ) ;
#1960 = EDGE_LOOP ( 'NONE', ( #614, #1998, #1842, #1690, #155 ) ) ;
#1961 = VERTEX_POINT ( 'NONE', #1773 ) ;
#1962 = SURFACE_STYLE_FILL_AREA ( #1289 ) ;
#1963 = ORIENTED_EDGE ( 'NONE', *, *, #604, .F. ) ;
#1964 = PRESENTATION_STYLE_ASSIGNMENT (( #1 ) ) ;
#1965 = DIRECTION ( 'NONE',  ( 0.000000000000000000, -0.000000000000000000, 1.000000000000000000 ) ) ;
#1966 = CARTESIAN_POINT ( 'NONE',  ( 1.250000000000001110, -8.197896243240350600, 0.4000000000000000222 ) ) ;
#1967 = DIRECTION ( 'NONE',  ( 1.233792771998757259E-16, -1.000000000000000000, 0.000000000000000000 ) ) ;
#1968 = DIRECTION ( 'NONE',  ( -9.489734551295444552E-17, 1.000000000000000000, -0.000000000000000000 ) ) ;
#1969 =( GEOMETRIC_REPRESENTATION_CONTEXT ( 3 ) GLOBAL_UNCERTAINTY_ASSIGNED_CONTEXT ( ( #58 ) ) GLOBAL_UNIT_ASSIGNED_CONTEXT ( ( #1221, #428, #286 ) ) REPRESENTATION_CONTEXT ( 'NONE', 'WORKASPACE' ) );
#1970 = LINE ( 'NONE', #1955, #914 ) ;
#1971 = ORIENTED_EDGE ( 'NONE', *, *, #1179, .F. ) ;
#1972 = VECTOR ( 'NONE', #1383, 1000.000000000000000 ) ;
#1973 = DIRECTION ( 'NONE',  ( -0.000000000000000000, -0.000000000000000000, 1.000000000000000000 ) ) ;
#1974 =( LENGTH_UNIT ( ) NAMED_UNIT ( * ) SI_UNIT ( .MILLI., .METRE. ) );
#1975 = LINE ( 'NONE', #861, #1691 ) ;
#1976 = ORIENTED_EDGE ( 'NONE', *, *, #870, .F. ) ;
#1977 = COLOUR_RGB ( '',0.6470588235294117974, 0.6196078431372549211, 0.5882352941176470784 ) ;
#1978 = COLOUR_RGB ( '',0.6470588235294117974, 0.6196078431372549211, 0.5882352941176470784 ) ;
#1979 = VERTEX_POINT ( 'NONE', #703 ) ;
#1980 = STYLED_ITEM ( 'NONE', ( #561 ), #385 ) ;
#1981 =( GEOMETRIC_REPRESENTATION_CONTEXT ( 3 ) GLOBAL_UNCERTAINTY_ASSIGNED_CONTEXT ( ( #356 ) ) GLOBAL_UNIT_ASSIGNED_CONTEXT ( ( #1974, #201, #1548 ) ) REPRESENTATION_CONTEXT ( 'NONE', 'WORKASPACE' ) );
#1982 = EDGE_CURVE ( 'NONE', #920, #412, #2112, .T. ) ;
#1983 = VECTOR ( 'NONE', #1268, 1000.000000000000000 ) ;
#1984 = ORIENTED_EDGE ( 'NONE', *, *, #2102, .F. ) ;
#1985 = FACE_OUTER_BOUND ( 'NONE', #97, .T. ) ;
#1986 =( NAMED_UNIT ( * ) SI_UNIT ( $, .STERADIAN. ) SOLID_ANGLE_UNIT ( ) );
#1987 = ORIENTED_EDGE ( 'NONE', *, *, #1486, .T. ) ;
#1988 =( NAMED_UNIT ( * ) SI_UNIT ( $, .STERADIAN. ) SOLID_ANGLE_UNIT ( ) );
#1989 = ORIENTED_EDGE ( 'NONE', *, *, #761, .T. ) ;
#1990 = VERTEX_POINT ( 'NONE', #948 ) ;
#1991 = DIRECTION ( 'NONE',  ( 0.000000000000000000, 0.000000000000000000, 1.000000000000000000 ) ) ;
#1992 = DIRECTION ( 'NONE',  ( 1.000000000000000000, -0.000000000000000000, -0.000000000000000000 ) ) ;
#1993 =( NAMED_UNIT ( * ) SI_UNIT ( $, .STERADIAN. ) SOLID_ANGLE_UNIT ( ) );
#1994 =( NAMED_UNIT ( * ) PLANE_ANGLE_UNIT ( ) SI_UNIT ( $, .RADIAN. ) );
#1995 = SURFACE_STYLE_USAGE ( .BOTH. , #687 ) ;
#1996 = FACE_OUTER_BOUND ( 'NONE', #706, .T. ) ;
#1997 = DIRECTION ( 'NONE',  ( -1.000000000000000000, 1.070816960479511733E-15, 0.000000000000000000 ) ) ;
#1998 = ORIENTED_EDGE ( 'NONE', *, *, #603, .T. ) ;
#1999 = CARTESIAN_POINT ( 'NONE',  ( 4.825000000000001066, 4.578796921000052317E-16, -0.01000000000000000021 ) ) ;
#2000 = PRESENTATION_LAYER_ASSIGNMENT (  '', '', ( #700 ) ) ;
#2001 = UNCERTAINTY_MEASURE_WITH_UNIT (LENGTH_MEASURE( 1.000000000000000082E-05 ), #731, 'distance_accuracy_value', 'NONE');
#2002 = FILL_AREA_STYLE ('',( #245 ) ) ;
#2003 = VERTEX_POINT ( 'NONE', #148 ) ;
#2004 = SURFACE_STYLE_USAGE ( .BOTH. , #375 ) ;
#2005 = PLANE ( 'NONE',  #1049 ) ;
#2006 = APPLICATION_CONTEXT ( 'automotive_design' ) ;
#2007 = ORIENTED_EDGE ( 'NONE', *, *, #1830, .T. ) ;
#2008 = DIRECTION ( 'NONE',  ( 0.000000000000000000, -0.000000000000000000, 1.000000000000000000 ) ) ;
#2009 = DIRECTION ( 'NONE',  ( 1.000000000000000000, 1.237320596274470661E-16, 0.000000000000000000 ) ) ;
#2010 = EDGE_CURVE ( 'NONE', #905, #1939, #668, .T. ) ;
#2011 = VECTOR ( 'NONE', #1349, 1000.000000000000000 ) ;
#2012 = ORIENTED_EDGE ( 'NONE', *, *, #1752, .F. ) ;
#2013 = STYLED_ITEM ( 'NONE', ( #54 ), #1240 ) ;
#2014 = DIRECTION ( 'NONE',  ( -1.000000000000000000, -9.489734551295444552E-17, 0.000000000000000000 ) ) ;
#2015 = CARTESIAN_POINT ( 'NONE',  ( 4.825000000000000178, 4.570000000000000284, 0.000000000000000000 ) ) ;
#2016 =( GEOMETRIC_REPRESENTATION_CONTEXT ( 3 ) GLOBAL_UNCERTAINTY_ASSIGNED_CONTEXT ( ( #927 ) ) GLOBAL_UNIT_ASSIGNED_CONTEXT ( ( #1644, #1156, #653 ) ) REPRESENTATION_CONTEXT ( 'NONE', 'WORKASPACE' ) );
#2017 = DIRECTION ( 'NONE',  ( 0.000000000000000000, -1.000000000000000000, 0.000000000000000000 ) ) ;
#2018 = UNCERTAINTY_MEASURE_WITH_UNIT (LENGTH_MEASURE( 1.000000000000000082E-05 ), #550, 'distance_accuracy_value', 'NONE');
#2019 = ORIENTED_EDGE ( 'NONE', *, *, #1629, .T. ) ;
#2020 = VERTEX_POINT ( 'NONE', #790 ) ;
#2021 =( GEOMETRIC_REPRESENTATION_CONTEXT ( 3 ) GLOBAL_UNCERTAINTY_ASSIGNED_CONTEXT ( ( #2018 ) ) GLOBAL_UNIT_ASSIGNED_CONTEXT ( ( #550, #718, #1391 ) ) REPRESENTATION_CONTEXT ( 'NONE', 'WORKASPACE' ) );
#2022 = VECTOR ( 'NONE', #1185, 1000.000000000000000 ) ;
#2023 = COLOUR_RGB ( '',0.6470588235294117974, 0.6196078431372549211, 0.5882352941176470784 ) ;
#2024 = DIRECTION ( 'NONE',  ( -1.000000000000000000, 0.000000000000000000, -0.000000000000000000 ) ) ;
#2025 = CARTESIAN_POINT ( 'NONE',  ( -1.874999999999999334, -4.474202248755409173, 2.690000000000000835 ) ) ;
#2026 = ORIENTED_EDGE ( 'NONE', *, *, #1432, .T. ) ;
#2027 = PRODUCT_DEFINITION ( 'UNKNOWN', '', #532, #778 ) ;
#2028 = EDGE_CURVE ( 'NONE', #1040, #829, #1445, .T. ) ;
#2029 = FILL_AREA_STYLE ('',( #1851 ) ) ;
#2030 = ORIENTED_EDGE ( 'NONE', *, *, #737, .T. ) ;
#2031 = CARTESIAN_POINT ( 'NONE',  ( -0.6249999999999994449, -4.474202248755409173, 2.690000000000000835 ) ) ;
#2032 = CARTESIAN_POINT ( 'NONE',  ( -0.6249999999999995559, -4.474202248755409173, 2.256727106065379740 ) ) ;
#2033 = PRESENTATION_STYLE_ASSIGNMENT (( #1379 ) ) ;
#2034 = ORIENTED_EDGE ( 'NONE', *, *, #1590, .F. ) ;
#2035 = UNCERTAINTY_MEASURE_WITH_UNIT (LENGTH_MEASURE( 1.000000000000000082E-05 ), #1316, 'distance_accuracy_value', 'NONE');
#2036 = SURFACE_SIDE_STYLE ('',( #758 ) ) ;
#2037 = CARTESIAN_POINT ( 'NONE',  ( -1.874999999999999334, -4.474202248755409173, 2.690000000000000835 ) ) ;
#2038 = ADVANCED_FACE ( 'NONE', ( #1147 ), #390, .T. ) ;
#2039 = EDGE_CURVE ( 'NONE', #517, #2003, #116, .T. ) ;
#2040 = ORIENTED_EDGE ( 'NONE', *, *, #888, .T. ) ;
#2041 = CARTESIAN_POINT ( 'NONE',  ( -1.874999999999999334, -4.474202248755409173, 2.690000000000000835 ) ) ;
#2042 = CARTESIAN_POINT ( 'NONE',  ( -4.745825094825332435, -4.490825094825334318, 2.500000000000015987 ) ) ;
#2043 = CARTESIAN_POINT ( 'NONE',  ( 1.250000000000001110, -8.297896243240352021, 0.4999999999999997780 ) ) ;
#2044 = VERTEX_POINT ( 'NONE', #1191 ) ;
#2045 = ORIENTED_EDGE ( 'NONE', *, *, #793, .F. ) ;
#2046 = ORIENTED_EDGE ( 'NONE', *, *, #1365, .F. ) ;
#2047 = COLOUR_RGB ( '',0.6470588235294117974, 0.6196078431372549211, 0.5882352941176470784 ) ;
#2048 = AXIS2_PLACEMENT_3D ( 'NONE', #210, #2017, #1866 ) ;
#2049 = CARTESIAN_POINT ( 'NONE',  ( -1.249999999999998890, -6.947896243240351488, 0.3999999999999999112 ) ) ;
#2050 = CARTESIAN_POINT ( 'NONE',  ( 3.609999999999999432, -4.299923681770169814, -0.2938139482720377726 ) ) ;
#2051 = AXIS2_PLACEMENT_3D ( 'NONE', #346, #1482, #339 ) ;
#2052 = EDGE_CURVE ( 'NONE', #976, #432, #270, .T. ) ;
#2053 = CARTESIAN_POINT ( 'NONE',  ( 0.6500000000000003553, -4.474202248755408284, 2.690000000000000835 ) ) ;
#2054 = SURFACE_SIDE_STYLE ('',( #1557 ) ) ;
#2055 = AXIS2_PLACEMENT_3D ( 'NONE', #805, #969, #1991 ) ;
#2056 = ADVANCED_FACE ( 'NONE', ( #1037 ), #1865, .T. ) ;
#2057 = SURFACE_STYLE_USAGE ( .BOTH. , #564 ) ;
#2058 = LINE ( 'NONE', #1702, #944 ) ;
#2059 = STYLED_ITEM ( 'NONE', ( #479 ), #146 ) ;
#2060 = AXIS2_PLACEMENT_3D ( 'NONE', #1424, #1928, #288 ) ;
#2061 = ORIENTED_EDGE ( 'NONE', *, *, #2052, .F. ) ;
#2062 = ORIENTED_EDGE ( 'NONE', *, *, #184, .F. ) ;
#2063 = EDGE_LOOP ( 'NONE', ( #855, #1088, #2067, #823 ) ) ;
#2064 = FILL_AREA_STYLE_COLOUR ( '', #164 ) ;
#2065 = VERTEX_POINT ( 'NONE', #2049 ) ;
#2066 = FACE_OUTER_BOUND ( 'NONE', #1015, .T. ) ;
#2067 = ORIENTED_EDGE ( 'NONE', *, *, #268, .F. ) ;
#2068 = FACE_OUTER_BOUND ( 'NONE', #756, .T. ) ;
#2069 = FACE_OUTER_BOUND ( 'NONE', #816, .T. ) ;
#2070 = EDGE_CURVE ( 'NONE', #562, #1612, #1217, .T. ) ;
#2071 = PRESENTATION_STYLE_ASSIGNMENT (( #436 ) ) ;
#2072 = UNCERTAINTY_MEASURE_WITH_UNIT (LENGTH_MEASURE( 1.000000000000000082E-05 ), #910, 'distance_accuracy_value', 'NONE');
#2073 = DIRECTION ( 'NONE',  ( 0.000000000000000000, -1.000000000000000000, 0.000000000000000000 ) ) ;
#2074 = FACE_OUTER_BOUND ( 'NONE', #1121, .T. ) ;
#2075 = COLOUR_RGB ( '',0.6470588235294117974, 0.6196078431372549211, 0.5882352941176470784 ) ;
#2076 = CARTESIAN_POINT ( 'NONE',  ( 1.250000000000001110, -8.197896243240350600, 2.289999999999999591 ) ) ;
#2077 = SURFACE_STYLE_FILL_AREA ( #1744 ) ;
#2078 =( NAMED_UNIT ( * ) SI_UNIT ( $, .STERADIAN. ) SOLID_ANGLE_UNIT ( ) );
#2079 = CARTESIAN_POINT ( 'NONE',  ( 0.6500000000000003553, -4.476475786860007133, 2.290000000000000036 ) ) ;
#2080 = ORIENTED_EDGE ( 'NONE', *, *, #604, .T. ) ;
#2081 = ORIENTED_EDGE ( 'NONE', *, *, #1364, .F. ) ;
#2082 = AXIS2_PLACEMENT_3D ( 'NONE', #1688, #719, #1209 ) ;
#2083 = VECTOR ( 'NONE', #1017, 1000.000000000000227 ) ;
#2084 = DIRECTION ( 'NONE',  ( 0.000000000000000000, 0.000000000000000000, -1.000000000000000000 ) ) ;
#2085 = COLOUR_RGB ( '',0.2980392156862745057, 0.2980392156862745057, 0.2980392156862745057 ) ;
#2086 = CARTESIAN_POINT ( 'NONE',  ( -4.825000000000000178, 4.570000000000000284, 0.000000000000000000 ) ) ;
#2087 = SURFACE_STYLE_FILL_AREA ( #637 ) ;
#2088 = PRESENTATION_STYLE_ASSIGNMENT (( #1785 ) ) ;
#2089 =( NAMED_UNIT ( * ) PLANE_ANGLE_UNIT ( ) SI_UNIT ( $, .RADIAN. ) );
#2090 = PRESENTATION_STYLE_ASSIGNMENT (( #1425 ) ) ;
#2091 = STYLED_ITEM ( 'NONE', ( #1630 ), #498 ) ;
#2092 = CARTESIAN_POINT ( 'NONE',  ( -1.249999999999998890, -6.947896243240351488, -3.388131789017201356E-18 ) ) ;
#2093 = VECTOR ( 'NONE', #1894, 1000.000000000000000 ) ;
#2094 = EDGE_CURVE ( 'NONE', #1911, #1479, #1180, .T. ) ;
#2095 = FILL_AREA_STYLE_COLOUR ( '', #1978 ) ;
#2096 = FILL_AREA_STYLE ('',( #781 ) ) ;
#2097 = DIRECTION ( 'NONE',  ( -2.467585543997514519E-16, 1.000000000000000000, 0.000000000000000000 ) ) ;
#2098 = CARTESIAN_POINT ( 'NONE',  ( 1.250000000000001110, -8.197896243240350600, 0.5000000000000000000 ) ) ;
#2099 = DIRECTION ( 'NONE',  ( 0.08682659386424780579, -0.08682659386424779191, -0.9924325091389669673 ) ) ;
#2100 = EDGE_CURVE ( 'NONE', #566, #625, #1681, .T. ) ;
#2101 = FILL_AREA_STYLE_COLOUR ( '', #139 ) ;
#2102 = EDGE_CURVE ( 'NONE', #1573, #517, #714, .T. ) ;
#2103 =( NAMED_UNIT ( * ) SI_UNIT ( $, .STERADIAN. ) SOLID_ANGLE_UNIT ( ) );
#2104 = ADVANCED_FACE ( 'NONE', ( #1760 ), #1083, .F. ) ;
#2105 = CARTESIAN_POINT ( 'NONE',  ( 4.864809677220592654, 4.570000000000000284, 1.139999999999999902 ) ) ;
#2106 = VECTOR ( 'NONE', #442, 1000.000000000000114 ) ;
#2107 = ORIENTED_EDGE ( 'NONE', *, *, #1224, .T. ) ;
#2108 = EDGE_LOOP ( 'NONE', ( #1470, #2030, #1608, #55 ) ) ;
#2109 = FILL_AREA_STYLE ('',( #190 ) ) ;
#2110 = PRODUCT_RELATED_PRODUCT_CATEGORY ( 'part', '', ( #745 ) ) ;
#2111 = VECTOR ( 'NONE', #1968, 1000.000000000000000 ) ;
#2112 = LINE ( 'NONE', #1351, #1312 ) ;
#2113 = DIRECTION ( 'NONE',  ( -0.000000000000000000, -0.000000000000000000, 1.000000000000000000 ) ) ;
#2114 = DIRECTION ( 'NONE',  ( 0.000000000000000000, 0.9961946980917455452, 0.08715574274765836016 ) ) ;
#2115 = MECHANICAL_DESIGN_GEOMETRIC_PRESENTATION_REPRESENTATION (  '', ( #366 ), #199 ) ;
#2116 = PRESENTATION_LAYER_ASSIGNMENT (  '', '', ( #776 ) ) ;
#2117 = VECTOR ( 'NONE', #193, 1000.000000000000000 ) ;
#2118 = UNCERTAINTY_MEASURE_WITH_UNIT (LENGTH_MEASURE( 1.000000000000000082E-05 ), #133, 'distance_accuracy_value', 'NONE');
#2119 = ORIENTED_EDGE ( 'NONE', *, *, #350, .T. ) ;
ENDSEC;
END-ISO-10303-21;
